t,stim,y0,y1,y2,y3
0.008340605,-0.48,0,0,0,0
0.01668121,0.48,0,0,0,0
0.025021814999999996,0.48,1,1,0,0
0.03336242,0.48,0,0,0,0
0.041703025,-0.48,0,0,0,0
0.05004362999999999,0.48,0,0,1,1
0.05838423499999999,0.48,0,0,1,1
0.06672484,0.48,0,0,1,1
0.075065445,0.48,0,0,0,0
0.08340605,0.48,0,0,0,1
0.091746655,-0.48,0,0,1,1
0.10008725999999998,0.48,0,0,1,1
0.10842786499999998,0.48,0,0,0,0
0.11676846999999999,0.48,0,0,0,0
0.125109075,-0.48,0,0,0,0
0.13344968,0.48,0,0,1,1
0.141790285,0.48,0,0,1,1
0.15013089,0.48,0,0,0,1
0.158471495,0.48,0,0,0,0
0.1668121,0.48,0,0,1,0
0.175152705,-0.48,0,0,1,1
0.18349331,-0.48,0,0,1,1
0.191833915,-0.48,0,0,1,1
0.20017451999999997,-0.48,1,1,0,0
0.20851512499999997,-0.48,1,1,0,0
0.21685572999999997,-0.48,1,1,0,0
0.22519633499999997,0.48,1,0,0,0
0.23353693999999997,-0.48,0,0,0,0
0.24187754499999997,0.48,0,1,0,0
0.25021815,-0.48,1,0,0,0
0.258558755,-0.48,0,0,0,0
0.26689936,0.48,0,0,0,0
0.275239965,0.48,0,1,0,0
0.28358057,0.48,0,0,0,0
0.291921175,0.48,0,0,0,0
0.30026178,0.48,0,0,1,0
0.308602385,0.48,0,0,1,1
0.31694299,-0.48,0,0,1,1
0.325283595,0.48,0,0,1,1
0.3336242,0.48,0,0,1,0
0.341964805,-0.48,0,0,0,0
0.35030541,-0.48,0,0,0,0
0.358646015,0.48,0,0,0,1
0.36698662,0.48,1,0,0,1
0.375327225,0.48,1,0,0,0
0.38366783,0.48,0,0,0,0
0.392008435,0.48,0,0,0,1
0.40034903999999993,0.48,0,0,1,1
0.40868964499999993,0.48,0,0,1,1
0.41703024999999994,-0.48,0,0,0,0
0.42537085499999994,-0.48,0,0,1,0
0.43371145999999994,-0.48,0,0,1,1
0.44205206499999994,-0.48,1,0,0,0
0.45039266999999994,0.48,1,0,0,0
0.45873327499999994,-0.48,1,0,0,0
0.46707387999999994,0.48,1,0,0,0
0.47541448499999994,-0.48,1,1,0,0
0.48375508999999994,-0.48,0,0,0,0
0.49209569499999994,0.48,0,1,0,0
0.5004363,-0.48,1,1,0,0
0.508776905,-0.48,1,0,0,0
0.51711751,-0.48,0,0,0,0
0.525458115,-0.48,1,1,0,0
0.53379872,0.48,1,1,0,0
0.542139325,-0.48,0,0,0,0
0.55047993,-0.48,0,0,0,0
0.558820535,0.48,0,0,0,0
0.56716114,0.48,0,1,0,0
0.575501745,0.48,1,1,0,0
0.58384235,0.48,0,0,1,0
0.592182955,-0.48,0,0,1,1
0.60052356,-0.48,0,0,1,1
0.608864165,-0.48,0,0,1,1
0.61720477,0.48,0,1,1,0
0.625545375,-0.48,1,0,0,0
0.63388598,0.48,0,0,0,0
0.642226585,0.48,0,0,0,0
0.65056719,0.48,0,0,0,0
0.658907795,0.48,0,0,0,0
0.6672484,0.48,0,0,1,1
0.675589005,0.48,0,0,1,1
0.68392961,0.48,0,0,1,1
0.692270215,-0.48,0,0,1,1
0.70061082,0.48,0,0,0,0
0.708951425,0.48,0,0,0,0
0.71729203,-0.48,0,0,0,0
0.725632635,-0.48,0,0,0,0
0.73397324,0.48,0,0,0,0
0.742313845,-0.48,1,1,0,0
0.75065445,0.48,0,0,0,0
0.758995055,-0.48,1,0,0,0
0.76733566,0.48,1,0,0,0
0.775676265,-0.48,0,0,0,0
0.78401687,0.48,0,1,0,0
0.792357475,-0.48,0,1,0,0
0.8006980799999999,-0.48,0,0,0,0
0.8090386849999999,0.48,0,0,0,0
0.8173792899999999,-0.48,0,1,0,0
0.8257198949999999,0.48,0,0,0,0
0.8340604999999999,-0.48,1,0,0,0
0.8424011049999999,0.48,0,0,0,0
0.8507417099999999,0.48,0,0,0,0
0.8590823149999999,0.48,0,0,0,0
0.8674229199999999,-0.48,0,0,1,0
0.8757635249999999,0.48,0,0,1,1
0.8841041299999999,-0.48,0,0,1,1
0.8924447349999999,0.48,0,0,1,0
0.9007853399999999,0.48,0,0,0,0
0.9091259449999999,0.48,0,1,0,0
0.9174665499999999,0.48,0,0,0,0
0.9258071549999999,0.48,0,0,1,1
0.9341477599999999,-0.48,0,0,1,1
0.9424883649999999,0.48,0,0,1,1
0.9508289699999999,-0.48,0,0,0,0
0.9591695749999999,-0.48,0,0,0,0
0.9675101799999999,-0.48,1,1,0,0
0.9758507849999999,-0.48,1,1,0,0
0.9841913899999999,0.48,1,1,0,0
0.9925319949999999,-0.48,1,0,0,0
1.0008726,-0.48,1,0,0,0
1.009213205,0.48,0,0,0,0
1.01755381,-0.48,1,1,0,0
1.025894415,-0.48,0,0,0,0
1.03423502,-0.48,0,0,0,0
1.042575625,-0.48,0,1,0,0
1.05091623,0.48,0,0,0,0
1.059256835,-0.48,0,0,0,0
1.06759744,-0.48,0,0,0,0
1.0759380449999998,-0.48,0,0,0,0
1.08427865,0.48,0,0,0,0
1.0926192549999998,-0.48,1,0,0,0
1.10095986,0.48,0,0,0,0
1.1093004649999998,0.48,0,0,0,0
1.11764107,0.48,0,0,0,0
1.1259816749999998,-0.48,0,0,1,1
1.13432228,-0.48,0,0,1,1
1.1426628849999998,-0.48,0,0,1,1
1.15100349,-0.48,0,0,0,0
1.1593440949999998,-0.48,1,1,0,0
1.1676847,0.48,1,0,0,0
1.1760253049999998,0.48,1,1,0,0
1.18436591,0.48,0,0,0,0
1.1927065149999998,-0.48,0,0,0,0
1.20104712,-0.48,0,0,1,1
1.2093877249999998,-0.48,0,0,1,1
1.21772833,-0.48,0,0,1,0
1.2260689349999998,-0.48,1,1,0,0
1.23440954,-0.48,1,0,0,0
1.2427501449999998,0.48,0,1,0,0
1.25109075,-0.48,0,0,0,0
1.2594313549999998,-0.48,0,0,0,0
1.26777196,0.48,0,0,0,0
1.2761125649999998,-0.48,0,0,0,0
1.28445317,0.48,0,0,0,0
1.2927937749999998,-0.48,0,0,0,0
1.30113438,0.48,0,0,0,0
1.3094749849999998,0.48,0,0,1,0
1.31781559,0.48,0,0,1,1
1.3261561949999998,-0.48,0,0,1,1
1.3344968,0.48,0,0,1,1
1.3428374049999998,0.48,0,0,1,1
1.35117801,-0.48,0,0,0,0
1.3595186149999998,0.48,0,0,0,0
1.36785922,0.48,0,0,0,0
1.3761998249999998,-0.48,0,0,0,0
1.38454043,0.48,0,0,0,1
1.3928810349999998,0.48,0,0,0,0
1.40122164,-0.48,0,0,0,1
1.4095622449999998,-0.48,0,0,0,0
1.41790285,0.48,0,0,0,1
1.4262434549999998,-0.48,1,1,0,0
1.43458406,0.48,1,0,0,0
1.4429246649999998,-0.48,0,0,0,0
1.45126527,0.48,0,0,0,0
1.4596058749999998,-0.48,0,0,0,0
1.46794648,-0.48,0,1,0,0
1.4762870849999998,-0.48,0,1,0,0
1.48462769,0.48,1,0,0,0
1.4929682949999998,0.48,1,0,0,0
1.5013089,-0.48,0,0,0,0
1.5096495049999998,0.48,0,0,0,0
1.51799011,0.48,0,0,0,1
1.5263307149999998,0.48,0,0,1,1
1.53467132,0.48,0,0,1,0
1.5430119249999998,-0.48,0,0,1,1
1.55135253,0.48,0,0,1,1
1.5596931349999998,0.48,0,0,0,1
1.56803374,0.48,0,0,0,0
1.5763743449999998,0.48,0,0,0,0
1.58471495,-0.48,0,0,0,0
1.5930555549999998,0.48,0,0,1,1
1.6013961599999997,-0.48,0,0,0,1
1.6097367649999998,-0.48,0,0,0,0
1.6180773699999997,0.48,1,0,0,0
1.6264179749999998,-0.48,0,1,0,0
1.6347585799999997,0.48,1,0,0,0
1.6430991849999999,0.48,0,0,0,0
1.6514397899999997,-0.48,0,0,0,0
1.6597803949999999,0.48,0,0,0,0
1.6681209999999997,-0.48,0,0,0,1
1.6764616049999999,-0.48,0,0,0,0
1.6848022099999997,-0.48,0,0,0,0
1.6931428149999999,0.48,1,1,0,0
1.7014834199999997,0.48,1,1,0,0
1.7098240249999999,0.48,0,0,0,0
1.7181646299999997,-0.48,0,0,0,0
1.7265052349999999,0.48,0,0,1,1
1.7348458399999998,0.48,0,0,1,1
1.7431864449999999,0.48,0,0,1,0
1.7515270499999998,-0.48,0,0,0,0
1.7598676549999999,0.48,0,0,0,0
1.7682082599999998,0.48,0,0,1,1
1.7765488649999999,0.48,0,0,0,1
1.7848894699999998,0.48,0,0,0,0
1.7932300749999999,0.48,0,0,1,1
1.8015706799999998,0.48,0,0,0,1
1.8099112849999999,0.48,0,0,1,0
1.8182518899999998,-0.48,0,0,1,1
1.8265924949999999,0.48,0,0,0,1
1.8349330999999998,-0.48,0,0,0,0
1.8432737049999999,-0.48,0,0,0,0
1.8516143099999998,-0.48,1,1,0,0
1.8599549149999999,0.48,1,1,0,0
1.8682955199999998,0.48,1,0,0,0
1.8766361249999999,-0.48,1,0,0,0
1.8849767299999998,-0.48,0,0,0,0
1.8933173349999999,0.48,0,0,0,0
1.9016579399999998,-0.48,0,1,0,1
1.9099985449999999,-0.48,0,0,0,0
1.9183391499999998,-0.48,0,0,0,0
1.9266797549999999,0.48,1,1,0,0
1.9350203599999998,0.48,0,0,0,0
1.9433609649999999,-0.48,0,0,0,0
1.9517015699999998,0.48,0,0,0,0
1.9600421749999999,0.48,0,0,1,0
1.9683827799999998,-0.48,0,0,1,1
1.9767233849999999,-0.48,0,0,1,0
1.9850639899999998,0.48,0,0,1,0
1.993404595,-0.48,0,0,1,0
2.0017452,-0.48,0,1,0,0
2.0100858049999997,0.48,0,0,0,0
2.01842641,0.48,1,1,0,0
2.026767015,-0.48,1,1,0,0
2.03510762,0.48,0,0,0,0
2.0434482249999997,0.48,0,0,0,0
2.05178883,0.48,0,0,1,0
2.060129435,-0.48,0,0,0,1
2.06847004,0.48,0,0,1,1
2.0768106449999997,0.48,0,0,1,1
2.08515125,-0.48,0,0,0,0
2.093491855,0.48,0,0,0,0
2.10183246,-0.48,0,0,0,0
2.1101730649999997,0.48,0,0,0,0
2.11851367,0.48,0,0,0,0
2.126854275,-0.48,1,0,0,0
2.13519488,0.48,0,0,0,0
2.1435354849999997,0.48,0,0,0,1
2.1518760899999996,0.48,0,0,0,1
2.160216695,-0.48,0,0,0,0
2.1685573,-0.48,0,0,0,0
2.1768979049999997,-0.48,0,0,1,1
2.1852385099999996,0.48,1,1,0,0
2.193579115,-0.48,0,0,0,0
2.20191972,0.48,0,0,0,0
2.2102603249999997,-0.48,0,0,0,0
2.2186009299999996,0.48,1,0,0,0
2.226941535,0.48,0,0,0,0
2.23528214,0.48,0,0,0,0
2.2436227449999997,-0.48,0,0,0,0
2.2519633499999996,-0.48,0,0,1,1
2.260303955,0.48,0,0,1,1
2.26864456,-0.48,0,0,0,0
2.2769851649999997,-0.48,1,1,0,0
2.2853257699999996,-0.48,0,0,0,0
2.293666375,0.48,0,1,0,0
2.30200698,0.48,0,0,0,0
2.3103475849999997,-0.48,1,0,0,0
2.3186881899999996,-0.48,0,0,0,0
2.327028795,-0.48,0,0,0,0
2.3353694,-0.48,0,1,1,1
2.3437100049999997,-0.48,0,1,0,0
2.3520506099999996,-0.48,1,0,0,0
2.360391215,-0.48,1,0,0,0
2.36873182,-0.48,1,1,0,0
2.3770724249999997,-0.48,0,0,0,0
2.3854130299999996,0.48,1,0,0,0
2.393753635,0.48,0,1,1,0
2.40209424,0.48,0,0,0,0
2.4104348449999997,-0.48,0,0,0,0
2.4187754499999996,0.48,0,0,1,1
2.427116055,0.48,0,0,1,1
2.43545666,-0.48,0,0,1,0
2.4437972649999997,-0.48,0,0,1,0
2.4521378699999996,0.48,0,0,1,0
2.460478475,0.48,0,0,0,0
2.46881908,0.48,0,0,0,0
2.4771596849999997,0.48,0,0,0,0
2.4855002899999996,0.48,0,0,1,1
2.493840895,0.48,0,0,1,1
2.5021815,0.48,0,0,1,1
2.5105221049999997,0.48,0,0,1,0
2.5188627099999996,-0.48,0,0,1,0
2.527203315,-0.48,0,0,0,1
2.53554392,0.48,0,0,0,0
2.5438845249999997,-0.48,1,1,0,0
2.5522251299999996,0.48,0,0,0,0
2.560565735,0.48,1,0,0,0
2.56890634,0.48,0,0,0,0
2.5772469449999997,-0.48,0,0,0,0
2.5855875499999996,0.48,0,0,0,1
2.593928155,-0.48,0,0,0,0
2.60226876,0.48,0,0,0,0
2.6106093649999997,-0.48,0,1,0,0
2.6189499699999996,-0.48,0,0,0,0
2.627290575,0.48,0,0,0,0
2.63563118,0.48,1,1,0,0
2.6439717849999997,0.48,1,0,0,0
2.6523123899999996,-0.48,0,0,0,0
2.660652995,0.48,0,0,1,1
2.6689936,-0.48,0,0,1,1
2.6773342049999997,-0.48,0,0,0,1
2.6856748099999996,0.48,0,0,0,0
2.6940154149999995,-0.48,1,1,0,0
2.70235602,0.48,0,1,0,0
2.7106966249999997,-0.48,0,0,0,0
2.7190372299999996,0.48,0,0,0,0
2.7273778349999995,-0.48,0,0,0,0
2.73571844,-0.48,0,0,0,0
2.7440590449999998,-0.48,0,0,0,0
2.7523996499999996,-0.48,1,1,0,0
2.7607402549999995,-0.48,1,0,0,0
2.76908086,0.48,1,1,0,0
2.7774214649999998,-0.48,0,0,0,0
2.7857620699999996,-0.48,0,0,0,0
2.7941026749999995,-0.48,0,0,0,0
2.80244328,-0.48,1,0,1,0
2.8107838849999998,-0.48,0,0,0,0
2.8191244899999996,-0.48,1,0,0,0
2.8274650949999995,-0.48,0,0,0,0
2.8358057,0.48,1,1,0,0
2.8441463049999998,0.48,0,1,0,0
2.8524869099999997,-0.48,0,0,0,0
2.8608275149999995,-0.48,0,0,0,0
2.86916812,-0.48,0,0,1,1
2.8775087249999998,-0.48,0,0,1,1
2.8858493299999997,-0.48,0,1,0,0
2.8941899349999995,0.48,1,0,1,0
2.90253054,0.48,0,0,0,0
2.9108711449999998,-0.48,0,0,0,0
2.9192117499999997,0.48,0,0,0,0
2.9275523549999996,-0.48,0,0,1,1
2.93589296,0.48,0,0,1,1
2.9442335649999998,-0.48,0,0,1,0
2.9525741699999997,-0.48,0,0,0,0
2.9609147749999996,-0.48,0,0,0,0
2.96925538,-0.48,0,0,0,0
2.977595985,0.48,1,1,0,0
2.9859365899999997,-0.48,0,0,0,0
2.9942771949999996,-0.48,0,0,0,0
3.0026178,-0.48,0,0,0,0
3.010958405,0.48,1,0,0,0
3.0192990099999997,0.48,0,1,0,0
3.0276396149999996,-0.48,0,0,0,0
3.03598022,-0.48,0,0,0,0
3.044320825,-0.48,0,0,1,1
3.0526614299999997,-0.48,0,0,1,1
3.0610020349999996,-0.48,1,1,1,0
3.06934264,-0.48,0,1,0,0
3.077683245,0.48,1,0,1,0
3.0860238499999997,0.48,0,1,0,0
3.0943644549999996,0.48,0,0,0,0
3.10270506,0.48,0,0,0,0
3.111045665,0.48,0,0,1,1
3.1193862699999997,0.48,0,0,1,1
3.1277268749999996,0.48,0,0,1,1
3.13606748,-0.48,0,0,1,0
3.144408085,0.48,0,0,1,1
3.1527486899999997,-0.48,0,0,0,0
3.1610892949999996,-0.48,0,0,0,0
3.1694299,0.48,0,1,0,0
3.177770505,-0.48,1,1,0,0
3.1861111099999997,0.48,1,0,0,0
3.1944517149999996,0.48,0,0,0,0
3.2027923199999995,0.48,1,0,0,0
3.211132925,-0.48,0,0,0,1
3.2194735299999997,0.48,0,0,0,1
3.2278141349999996,-0.48,0,0,1,1
3.2361547399999995,0.48,0,0,0,0
3.244495345,-0.48,0,0,0,0
3.2528359499999997,0.48,0,0,0,0
3.2611765549999996,0.48,0,0,0,0
3.2695171599999995,0.48,0,0,0,0
3.277857765,0.48,0,0,0,0
3.2861983699999997,0.48,0,0,1,1
3.2945389749999996,-0.48,0,0,1,1
3.3028795799999995,0.48,0,0,1,1
3.311220185,0.48,0,0,1,1
3.3195607899999997,-0.48,0,0,0,0
3.3279013949999996,0.48,0,0,0,0
3.3362419999999995,0.48,0,0,0,0
3.344582605,-0.48,0,1,0,0
3.3529232099999997,-0.48,0,0,0,0
3.3612638149999996,-0.48,0,0,0,0
3.3696044199999995,0.48,1,1,0,0
3.377945025,-0.48,1,0,0,0
3.3862856299999997,-0.48,0,0,0,0
3.3946262349999996,0.48,0,0,0,0
3.4029668399999995,0.48,1,1,0,0
3.411307445,-0.48,0,1,0,0
3.4196480499999997,-0.48,0,0,0,0
3.4279886549999996,-0.48,0,0,0,1
3.4363292599999995,0.48,0,0,1,0
3.444669865,-0.48,1,0,0,0
3.4530104699999997,0.48,0,0,0,0
3.4613510749999996,0.48,0,0,0,0
3.4696916799999995,-0.48,0,0,0,0
3.478032285,0.48,0,0,0,0
3.4863728899999997,-0.48,0,0,1,1
3.4947134949999996,-0.48,0,0,1,1
3.5030540999999995,0.48,0,0,1,0
3.511394705,0.48,0,1,0,0
3.5197353099999997,0.48,1,0,0,0
3.5280759149999996,-0.48,0,0,0,0
3.5364165199999995,0.48,0,0,1,1
3.544757125,0.48,0,0,1,1
3.5530977299999997,0.48,0,0,0,1
3.5614383349999996,-0.48,0,0,0,0
3.5697789399999995,0.48,0,0,1,0
3.578119545,-0.48,0,0,1,1
3.5864601499999997,0.48,0,0,0,0
3.5948007549999996,-0.48,0,0,0,0
3.6031413599999995,0.48,0,1,0,0
3.611481965,-0.48,0,0,0,0
3.6198225699999997,-0.48,1,0,0,0
3.6281631749999996,0.48,1,0,0,0
3.6365037799999995,0.48,1,1,0,0
3.644844385,0.48,0,0,0,0
3.6531849899999997,-0.48,0,0,0,0
3.6615255949999996,0.48,0,0,1,1
3.6698661999999995,-0.48,0,0,1,1
3.678206805,-0.48,0,0,0,0
3.6865474099999997,-0.48,0,0,0,0
3.6948880149999996,0.48,1,1,0,0
3.7032286199999995,-0.48,1,0,0,0
3.711569225,-0.48,1,1,0,0
3.7199098299999998,-0.48,0,0,0,0
3.7282504349999996,0.48,1,1,0,0
3.7365910399999995,0.48,1,0,0,0
3.7449316449999994,0.48,0,0,0,0
3.7532722499999998,0.48,0,0,0,0
3.7616128549999996,-0.48,0,0,1,1
3.7699534599999995,-0.48,0,0,1,1
3.7782940649999994,0.48,0,0,1,1
3.7866346699999998,-0.48,0,0,0,0
3.7949752749999996,0.48,1,0,0,0
3.8033158799999995,-0.48,0,0,0,0
3.8116564849999994,0.48,0,0,0,0
3.8199970899999998,-0.48,0,0,0,0
3.8283376949999997,-0.48,0,0,0,0
3.8366782999999995,0.48,0,0,0,0
3.8450189049999994,0.48,1,0,0,0
3.8533595099999998,-0.48,0,0,0,0
3.8617001149999997,-0.48,0,0,0,0
3.8700407199999995,-0.48,0,0,0,1
3.8783813249999994,-0.48,0,1,1,1
3.8867219299999998,-0.48,1,1,0,0
3.8950625349999997,0.48,1,0,0,0
3.9034031399999995,-0.48,1,0,0,0
3.9117437449999994,-0.48,0,0,0,0
3.9200843499999998,-0.48,0,0,0,0
3.9284249549999997,0.48,1,0,0,0
3.9367655599999996,0.48,1,0,0,0
3.9451061649999994,-0.48,0,0,0,0
3.9534467699999998,-0.48,0,0,0,0
3.9617873749999997,0.48,0,0,1,1
3.9701279799999996,0.48,0,0,1,1
3.9784685849999994,-0.48,0,0,1,0
3.98680919,0.48,0,0,0,0
3.9951497949999997,0.48,0,0,1,1
4.0034904,0.48,0,0,1,1
4.0118310049999995,0.48,0,0,0,0
4.020171609999999,0.48,0,0,1,0
4.028512214999999,0.48,0,0,1,1
4.03685282,-0.48,0,0,1,1
4.045193425,0.48,0,0,1,1
4.05353403,0.48,0,0,0,0
4.061874635,0.48,0,0,0,0
4.07021524,-0.48,0,0,0,0
4.0785558449999995,0.48,0,0,0,1
4.086896449999999,-0.48,0,0,1,1
4.095237054999999,-0.48,0,0,1,0
4.10357766,0.48,1,1,0,0
4.111918265,-0.48,1,1,0,0
4.12025887,-0.48,0,0,0,0
4.128599475,0.48,1,0,0,0
4.13694008,-0.48,1,1,0,0
4.1452806849999995,-0.48,0,1,0,0
4.153621289999999,-0.48,1,0,0,0
4.161961894999999,-0.48,1,1,0,0
4.1703025,0.48,0,1,0,0
4.178643105,0.48,0,0,0,0
4.18698371,-0.48,0,0,0,0
4.195324315,0.48,0,0,0,0
4.20366492,-0.48,0,0,1,1
4.2120055249999995,-0.48,0,0,1,1
4.220346129999999,0.48,0,0,0,0
4.228686734999999,0.48,0,1,0,0
4.23702734,0.48,0,0,0,0
4.245367945,-0.48,0,0,0,0
4.25370855,-0.48,0,0,1,1
4.262049155,0.48,0,0,1,1
4.27038976,-0.48,0,0,0,0
4.2787303649999995,0.48,0,1,0,0
4.287070969999999,0.48,0,0,0,0
4.295411574999999,0.48,0,0,0,0
4.303752179999999,0.48,0,0,0,0
4.312092785,0.48,0,0,1,1
4.32043339,-0.48,0,0,1,1
4.328773995,0.48,0,0,1,1
4.3371146,-0.48,0,0,0,0
4.3454552049999995,-0.48,0,0,0,0
4.353795809999999,-0.48,1,0,0,0
4.362136414999999,-0.48,1,1,0,0
4.370477019999999,0.48,1,1,0,0
4.378817625,-0.48,1,0,0,0
4.38715823,0.48,0,1,0,0
4.395498835,-0.48,1,0,0,0
4.40383944,-0.48,0,0,0,0
4.4121800449999995,-0.48,1,0,0,0
4.420520649999999,-0.48,0,1,0,0
4.428861254999999,0.48,1,1,0,0
4.437201859999999,0.48,1,1,0,0
4.445542465,-0.48,0,0,0,0
4.45388307,-0.48,0,0,0,0
4.462223675,-0.48,0,0,1,1
4.47056428,-0.48,0,0,1,1
4.4789048849999995,-0.48,1,0,0,0
4.487245489999999,0.48,1,0,0,0
4.495586094999999,-0.48,1,1,0,0
4.503926699999999,-0.48,0,0,0,0
4.512267305,-0.48,0,0,0,0
4.52060791,0.48,0,0,0,0
4.528948515,-0.48,1,1,1,0
4.53728912,0.48,0,0,0,0
4.5456297249999995,0.48,0,0,0,0
4.553970329999999,0.48,0,0,0,0
4.562310934999999,0.48,0,0,1,1
4.570651539999999,0.48,0,0,1,1
4.578992145,0.48,0,0,1,1
4.58733275,0.48,0,0,1,1
4.595673355,0.48,0,0,1,0
4.60401396,0.48,0,0,1,0
4.6123545649999995,0.48,0,0,0,0
4.620695169999999,-0.48,0,0,1,1
4.629035774999999,0.48,0,0,0,1
4.637376379999999,-0.48,0,0,0,0
4.645716985,-0.48,0,1,0,0
4.65405759,0.48,1,1,0,0
4.662398195,-0.48,1,0,0,0
4.6707388,0.48,1,0,0,0
4.6790794049999995,-0.48,0,0,0,0
4.687420009999999,0.48,0,0,0,0
4.695760614999999,-0.48,1,0,0,0
4.704101219999999,-0.48,0,0,0,0
4.712441825,0.48,0,1,0,0
4.72078243,0.48,0,1,0,0
4.729123035,-0.48,0,1,0,0
4.73746364,-0.48,0,0,0,0
4.7458042449999995,0.48,0,0,1,0
4.754144849999999,0.48,0,1,1,0
4.762485454999999,0.48,0,0,0,0
4.770826059999999,0.48,0,0,0,0
4.779166665,0.48,0,0,1,1
4.78750727,-0.48,0,0,1,1
4.795847875,0.48,0,0,1,1
4.80418848,-0.48,0,0,0,0
4.8125290849999995,-0.48,0,0,0,0
4.820869689999999,0.48,0,0,0,0
4.829210294999999,-0.48,1,1,0,0
4.837550899999999,-0.48,0,0,0,0
4.845891504999999,0.48,1,0,0,0
4.85423211,-0.48,1,1,0,0
4.862572715,-0.48,0,0,0,0
4.87091332,0.48,0,0,0,0
4.8792539249999995,-0.48,1,0,0,0
4.887594529999999,0.48,0,1,0,0
4.895935134999999,-0.48,0,0,0,0
4.904275739999999,-0.48,0,0,0,0
4.912616344999999,-0.48,0,0,0,0
4.92095695,-0.48,0,1,0,0
4.929297555,-0.48,1,0,0,0
4.93763816,-0.48,1,1,0,0
4.9459787649999996,0.48,1,0,0,0
4.9543193699999994,0.48,1,1,1,0
4.962659974999999,0.48,0,0,0,0
4.971000579999999,0.48,0,0,0,0
4.979341184999999,-0.48,0,0,1,1
4.98768179,-0.48,0,0,1,1
4.996022395,0.48,0,0,1,0
5.004363,0.48,0,0,0,0
5.012703605,0.48,0,1,0,0
5.0210442099999995,-0.48,0,0,0,0
5.029384814999999,0.48,0,0,1,1
5.037725419999999,-0.48,0,0,1,1
5.046066024999999,0.48,0,0,0,0
5.05440663,-0.48,0,0,0,0
5.062747235,0.48,0,0,0,0
5.07108784,-0.48,0,0,0,0
5.079428445,-0.48,0,0,0,0
5.0877690499999995,-0.48,0,0,0,0
5.096109654999999,0.48,1,1,0,0
5.104450259999999,0.48,1,1,0,0
5.112790864999999,-0.48,0,0,0,0
5.12113147,-0.48,0,0,0,0
5.129472075,0.48,0,0,0,1
5.13781268,-0.48,0,0,1,1
5.146153285,-0.48,0,1,0,0
5.1544938899999995,0.48,1,0,0,0
5.162834494999999,0.48,0,0,0,0
5.171175099999999,0.48,0,1,0,0
5.179515704999999,0.48,0,0,0,0
5.18785631,-0.48,0,0,1,1
5.196196915,0.48,0,0,1,1
5.20453752,0.48,0,0,1,1
5.212878125,0.48,0,0,0,0
5.2212187299999995,-0.48,0,0,0,0
5.229559334999999,-0.48,0,0,1,0
5.237899939999999,0.48,0,0,1,1
5.246240544999999,0.48,1,1,0,0
5.25458115,0.48,0,0,0,0
5.262921755,0.48,0,0,0,0
5.27126236,-0.48,0,0,0,1
5.279602965,-0.48,0,0,1,1
5.2879435699999995,0.48,0,0,1,1
5.296284174999999,0.48,0,1,0,0
5.304624779999999,0.48,1,0,0,0
5.312965384999999,-0.48,0,0,0,0
5.32130599,-0.48,0,0,0,1
5.329646595,-0.48,0,0,1,1
5.3379872,0.48,1,1,0,0
5.346327805,-0.48,0,1,0,0
5.3546684099999995,0.48,1,0,0,0
5.363009014999999,-0.48,0,0,0,0
5.371349619999999,-0.48,0,0,0,0
5.379690224999999,0.48,0,0,0,0
5.388030829999999,-0.48,1,1,0,0
5.396371435,0.48,0,0,0,0
5.40471204,-0.48,0,0,0,0
5.413052645,-0.48,0,0,0,0
5.4213932499999995,-0.48,0,0,1,0
5.429733854999999,0.48,0,1,0,0
5.438074459999999,-0.48,0,0,0,0
5.446415064999999,-0.48,0,0,0,0
5.454755669999999,0.48,0,0,0,0
5.463096275,0.48,1,0,0,0
5.47143688,-0.48,1,0,1,0
5.479777485,-0.48,0,0,0,0
5.4881180899999995,0.48,0,0,1,1
5.496458694999999,0.48,0,0,1,1
5.504799299999999,0.48,0,1,0,0
5.513139904999999,0.48,0,0,0,0
5.521480509999999,0.48,0,0,1,1
5.529821115,0.48,0,0,1,1
5.53816172,-0.48,0,0,1,1
5.546502325,-0.48,0,0,1,0
5.5548429299999995,0.48,0,0,0,0
5.563183534999999,0.48,1,1,0,0
5.571524139999999,0.48,0,0,0,0
5.579864744999999,-0.48,0,0,0,0
5.588205349999999,0.48,0,0,0,1
5.596545955,-0.48,0,0,1,1
5.60488656,0.48,0,0,0,0
5.613227165,0.48,0,0,0,0
5.6215677699999995,0.48,1,1,0,0
5.629908374999999,-0.48,0,0,0,0
5.638248979999999,0.48,0,0,0,1
5.646589584999999,-0.48,0,0,1,1
5.654930189999999,-0.48,0,0,0,0
5.663270795,0.48,0,0,0,0
5.6716114,-0.48,1,1,0,0
5.679952005,0.48,0,0,0,0
5.6882926099999995,0.48,1,0,0,0
5.696633214999999,0.48,0,0,0,0
5.704973819999999,0.48,0,0,0,0
5.713314424999999,-0.48,0,0,1,0
5.721655029999999,-0.48,0,0,1,1
5.729995635,0.48,0,0,1,1
5.73833624,0.48,0,0,0,0
5.746676845,-0.48,0,1,0,0
5.7550174499999995,0.48,0,0,0,0
5.763358054999999,-0.48,0,0,0,0
5.771698659999999,0.48,0,0,0,0
5.780039264999999,0.48,0,0,0,0
5.788379869999999,-0.48,0,0,0,0
5.796720475,-0.48,0,0,0,0
5.80506108,-0.48,0,0,0,0
5.813401685,-0.48,1,1,0,0
5.8217422899999995,-0.48,1,0,0,0
5.830082894999999,-0.48,1,0,0,0
5.838423499999999,-0.48,0,0,0,0
5.846764104999999,-0.48,1,0,0,0
5.855104709999999,-0.48,1,0,1,0
5.863445315,-0.48,0,1,0,0
5.87178592,-0.48,0,0,0,0
5.880126525,0.48,1,0,0,0
5.8884671299999995,-0.48,0,0,0,0
5.896807734999999,-0.48,0,0,0,0
5.905148339999999,0.48,0,0,0,0
5.913488944999999,-0.48,0,0,0,0
5.921829549999999,0.48,0,0,1,0
5.930170154999999,0.48,0,0,1,0
5.93851076,0.48,0,0,1,1
5.946851365,0.48,0,0,1,1
5.95519197,0.48,0,0,1,1
5.9635325749999994,-0.48,0,0,1,1
5.971873179999999,0.48,0,0,1,1
5.980213784999999,0.48,0,0,0,0
5.988554389999999,0.48,0,0,0,0
5.996894994999999,0.48,0,0,0,0
6.0052356,-0.48,0,0,1,0
6.013576205,0.48,0,0,1,1
6.02191681,-0.48,0,0,0,1
6.0302574149999995,-0.48,0,0,0,0
6.038598019999999,-0.48,1,1,0,0
6.046938624999999,0.48,1,1,0,0
6.055279229999999,-0.48,1,0,0,0
6.063619834999999,-0.48,1,0,0,0
6.07196044,-0.48,0,0,0,0
6.080301045,0.48,1,1,0,0
6.08864165,0.48,1,0,0,0
6.0969822549999995,0.48,0,0,0,0
6.105322859999999,0.48,0,0,0,0
6.113663464999999,0.48,0,0,1,1
6.122004069999999,-0.48,0,0,1,1
6.130344674999999,-0.48,0,0,1,1
6.13868528,-0.48,0,0,1,0
6.147025885,0.48,0,0,0,0
6.15536649,0.48,1,0,0,0
6.1637070949999995,-0.48,0,0,0,0
6.172047699999999,0.48,0,0,0,0
6.180388304999999,0.48,0,0,0,1
6.188728909999999,0.48,0,0,1,1
6.197069514999999,0.48,0,0,0,0
6.20541012,-0.48,0,0,1,0
6.213750725,0.48,0,0,1,1
6.22209133,0.48,0,0,1,1
6.2304319349999995,0.48,0,0,1,0
6.238772539999999,0.48,0,0,0,0
6.247113144999999,-0.48,0,0,0,0
6.255453749999999,-0.48,0,0,1,1
6.263794354999999,0.48,0,0,0,1
6.27213496,0.48,1,0,0,0
6.280475565,0.48,0,1,0,0
6.28881617,-0.48,0,0,0,0
6.2971567749999995,0.48,0,0,0,1
6.305497379999999,0.48,0,0,1,1
6.313837984999999,0.48,0,0,0,0
6.322178589999999,-0.48,0,0,0,0
6.330519194999999,0.48,0,0,0,0
6.3388598,-0.48,0,0,1,1
6.347200405,-0.48,0,0,0,1
6.35554101,-0.48,0,1,0,0
6.3638816149999995,0.48,1,1,0,0
6.372222219999999,0.48,1,0,0,0
6.380562824999999,-0.48,0,0,0,0
6.388903429999999,-0.48,0,0,0,0
6.397244034999999,0.48,0,0,0,0
6.405584639999999,-0.48,1,0,0,0
6.413925245,0.48,0,1,0,0
6.42226585,-0.48,0,0,0,0
6.4306064549999995,0.48,0,0,0,0
6.438947059999999,-0.48,0,0,0,0
6.447287664999999,0.48,0,0,1,0
6.455628269999999,-0.48,0,0,0,0
6.463968874999999,0.48,0,0,0,0
6.472309479999999,-0.48,0,0,0,0
6.480650085,-0.48,0,0,0,0
6.48899069,0.48,0,0,0,0
6.4973312949999995,0.48,1,0,0,0
6.505671899999999,-0.48,1,1,0,0
6.514012504999999,0.48,0,0,0,0
6.522353109999999,-0.48,0,0,1,1
6.530693714999999,-0.48,0,0,1,1
6.539034319999999,0.48,0,0,0,0
6.547374925,-0.48,1,1,0,0
6.55571553,-0.48,0,0,0,0
6.5640561349999995,-0.48,0,0,0,0
6.572396739999999,-0.48,1,0,0,0
6.580737344999999,-0.48,1,0,0,0
6.589077949999999,-0.48,1,1,0,0
6.597418554999999,0.48,0,0,0,0
6.605759159999999,-0.48,1,0,0,0
6.614099765,-0.48,0,0,0,0
6.62244037,-0.48,0,0,0,0
6.6307809749999995,0.48,0,0,0,0
6.639121579999999,0.48,1,1,0,0
6.647462184999999,0.48,0,0,0,0
6.655802789999999,0.48,0,0,0,0
6.664143394999999,-0.48,0,0,1,1
6.672483999999999,0.48,0,0,1,1
6.680824605,0.48,0,0,1,0
6.68916521,-0.48,0,0,1,0
6.6975058149999995,0.48,0,0,0,0
6.705846419999999,-0.48,0,0,0,0
6.714187024999999,0.48,0,0,1,0
6.722527629999999,-0.48,0,0,0,0
6.730868234999999,0.48,0,0,0,0
6.739208839999999,0.48,0,0,0,0
6.747549445,-0.48,0,0,0,0
6.75589005,-0.48,0,0,0,0
6.7642306549999995,0.48,0,0,0,1
6.772571259999999,0.48,1,1,1,0
6.780911864999999,0.48,0,1,0,0
6.789252469999999,-0.48,0,0,0,0
6.797593074999999,0.48,0,0,0,1
6.805933679999999,0.48,0,0,1,1
6.814274285,-0.48,0,0,0,0
6.82261489,-0.48,0,0,0,0
6.8309554949999995,0.48,0,0,1,0
6.839296099999999,-0.48,0,1,0,0
6.847636704999999,0.48,1,0,0,0
6.855977309999999,-0.48,0,0,0,0
6.864317914999999,-0.48,1,0,0,0
6.872658519999999,0.48,0,0,0,0
6.880999125,-0.48,1,1,0,0
6.88933973,-0.48,0,0,0,0
6.8976803349999996,0.48,0,0,0,0
6.906020939999999,-0.48,1,0,0,0
6.914361544999999,-0.48,0,1,0,0
6.922702149999999,0.48,0,0,0,0
6.931042754999999,0.48,0,0,0,0
6.939383359999999,0.48,1,0,0,0
6.947723964999999,-0.48,0,0,0,0
6.95606457,0.48,0,0,1,1
6.964405175,0.48,0,0,1,1
6.9727457799999994,0.48,0,0,1,0
6.981086384999999,-0.48,0,0,0,0
6.989426989999999,-0.48,0,0,1,0
6.997767594999999,0.48,0,0,1,1
7.006108199999999,0.48,0,1,0,0
7.014448804999999,-0.48,0,0,0,0
7.02278941,0.48,0,0,0,0
7.031130015,0.48,0,0,0,0
7.0394706199999995,-0.48,0,0,0,0
7.047811224999999,0.48,0,0,0,0
7.056151829999999,0.48,0,0,0,0
7.064492434999999,0.48,0,0,0,0
7.072833039999999,-0.48,0,0,0,0
7.081173644999999,-0.48,0,0,1,1
7.08951425,0.48,0,0,1,1
7.097854855,0.48,1,1,0,0
7.1061954599999995,0.48,1,0,0,0
7.114536064999999,0.48,0,0,0,0
7.122876669999999,-0.48,0,0,0,1
7.131217274999999,0.48,0,0,1,1
7.139557879999999,-0.48,0,0,0,1
7.147898484999999,0.48,0,0,0,0
7.15623909,0.48,0,1,0,0
7.164579695,0.48,0,0,0,0
7.1729202999999995,0.48,0,0,0,0
7.181260904999999,0.48,0,0,1,0
7.189601509999999,-0.48,0,0,1,1
7.197942114999999,-0.48,0,0,1,1
7.206282719999999,-0.48,0,0,1,0
7.214623324999999,0.48,1,1,0,0
7.22296393,-0.48,0,0,0,0
7.231304535,-0.48,1,0,0,0
7.2396451399999995,-0.48,0,0,0,0
7.247985744999999,0.48,1,1,0,0
7.256326349999999,-0.48,0,0,0,0
7.264666954999999,-0.48,0,0,0,0
7.273007559999999,-0.48,0,0,0,0
7.281348164999999,0.48,1,1,0,0
7.28968877,-0.48,1,1,0,0
7.298029375,0.48,0,0,0,0
7.3063699799999995,0.48,0,0,0,0
7.314710584999999,0.48,0,0,0,0
7.323051189999999,-0.48,0,0,1,0
7.331391794999999,0.48,0,0,1,1
7.339732399999999,-0.48,0,0,1,1
7.348073004999999,-0.48,0,0,0,0
7.35641361,-0.48,0,0,0,0
7.364754215,0.48,1,1,0,0
7.3730948199999995,0.48,1,0,0,0
7.381435424999999,-0.48,0,0,0,0
7.389776029999999,-0.48,0,0,0,0
7.398116634999999,-0.48,0,0,0,1
7.406457239999999,-0.48,0,0,0,1
7.414797844999999,-0.48,1,0,0,0
7.42313845,-0.48,1,0,0,0
7.431479055,0.48,0,1,0,0
7.4398196599999995,-0.48,1,0,0,0
7.448160264999999,-0.48,0,0,0,0
7.456500869999999,0.48,0,0,0,0
7.464841474999999,-0.48,0,0,0,0
7.473182079999999,0.48,0,0,0,0
7.481522684999999,-0.48,0,0,0,0
7.489863289999999,0.48,0,0,0,0
7.498203895,-0.48,0,0,1,1
7.5065444999999995,-0.48,0,0,1,1
7.514885104999999,-0.48,0,0,1,0
7.523225709999999,0.48,0,0,0,0
7.531566314999999,0.48,1,1,0,0
7.539906919999999,0.48,0,0,0,0
7.548247524999999,-0.48,0,0,0,0
7.556588129999999,0.48,0,0,1,1
7.564928735,0.48,0,0,1,1
7.5732693399999995,-0.48,0,0,1,1
7.581609944999999,-0.48,0,0,0,0
7.589950549999999,-0.48,0,0,1,0
7.598291154999999,0.48,0,0,0,0
7.606631759999999,0.48,1,1,0,0
7.614972364999999,0.48,0,0,0,0
7.623312969999999,-0.48,0,0,0,0
7.631653575,0.48,0,0,0,1
7.6399941799999995,0.48,0,0,1,1
7.648334784999999,0.48,0,0,1,0
7.656675389999999,-0.48,0,0,0,0
7.665015994999999,0.48,0,0,1,1
7.673356599999999,-0.48,0,0,1,1
7.681697204999999,-0.48,0,0,0,0
7.690037809999999,-0.48,1,0,0,0
7.698378415,0.48,1,1,0,0
7.7067190199999995,0.48,1,0,0,0
7.715059624999999,0.48,0,0,0,0
7.723400229999999,0.48,0,0,0,0
7.731740834999999,0.48,0,0,0,1
7.740081439999999,0.48,0,0,1,1
7.748422044999999,0.48,0,0,1,1
7.756762649999999,0.48,0,0,1,1
7.765103255,-0.48,0,0,1,1
7.7734438599999995,0.48,0,0,1,0
7.781784464999999,-0.48,0,0,1,0
7.790125069999999,0.48,0,0,0,0
7.798465674999999,-0.48,0,0,0,0
7.806806279999999,0.48,0,0,0,0
7.815146884999999,-0.48,1,1,0,0
7.823487489999999,0.48,0,1,0,0
7.831828095,-0.48,0,0,0,0
7.8401686999999995,0.48,1,0,0,0
7.848509304999999,0.48,0,0,0,0
7.856849909999999,-0.48,0,0,0,0
7.865190514999999,-0.48,0,0,0,0
7.873531119999999,-0.48,0,0,0,1
7.881871724999999,0.48,1,1,1,1
7.890212329999999,0.48,1,0,0,0
7.898552935,0.48,0,0,0,0
7.9068935399999996,0.48,0,0,0,0
7.915234144999999,0.48,0,0,0,1
7.923574749999999,0.48,0,0,1,1
7.931915354999999,-0.48,0,0,1,1
7.940255959999999,0.48,0,0,1,0
7.948596564999999,0.48,0,0,0,0
7.956937169999999,-0.48,0,0,0,0
7.965277775,-0.48,0,0,0,0
7.97361838,-0.48,0,0,0,0
7.9819589849999995,-0.48,1,1,0,0
7.990299589999999,0.48,1,1,0,0
7.998640194999999,0.48,1,0,0,0
8.0069808,-0.48,0,0,0,0
8.015321405,-0.48,0,0,0,0
8.023662009999999,-0.48,0,0,0,0
8.032002615,-0.48,0,1,0,0
8.040343219999999,-0.48,0,0,0,0
8.048683825,0.48,0,0,0,0
8.057024429999998,0.48,1,0,0,0
8.065365035,0.48,0,0,0,0
8.07370564,0.48,0,0,0,0
8.082046244999999,-0.48,0,0,1,1
8.09038685,-0.48,0,0,1,1
8.098727454999999,-0.48,0,0,1,0
8.10706806,0.48,0,1,0,0
8.115408664999999,-0.48,1,0,0,0
8.12374927,0.48,0,0,0,0
8.132089874999998,0.48,0,0,0,0
8.14043048,-0.48,0,0,0,0
8.148771085,-0.48,0,0,0,0
8.157111689999999,-0.48,0,0,1,1
8.165452295,-0.48,0,0,1,0
8.173792899999999,-0.48,1,1,0,0
8.182133505,-0.48,1,0,0,0
8.190474109999998,-0.48,0,0,0,0
8.198814715,0.48,1,0,0,0
8.20715532,0.48,0,0,0,0
8.215495924999999,-0.48,1,0,0,0
8.22383653,-0.48,0,0,0,0
8.232177134999999,-0.48,0,0,1,1
8.24051774,0.48,0,0,1,1
8.248858344999999,-0.48,1,1,1,0
8.25719895,-0.48,0,0,0,0
8.265539554999998,-0.48,0,0,0,0
8.27388016,0.48,0,0,0,0
8.282220765,0.48,1,1,0,0
8.290561369999999,0.48,0,0,0,0
8.298901975,0.48,0,0,0,0
8.307242579999999,0.48,0,0,1,1
8.315583185,-0.48,0,0,1,1
8.323923789999998,-0.48,0,0,1,1
8.332264395,0.48,0,0,0,0
8.340605,0.48,1,1,0,0
8.348945604999999,-0.48,0,0,0,0
8.35728621,-0.48,0,0,0,0
8.365626814999999,0.48,0,0,0,1
8.37396742,0.48,0,1,0,0
8.382308024999999,0.48,1,1,0,0
8.39064863,0.48,0,0,0,0
8.398989234999998,0.48,0,0,1,1
8.40732984,0.48,0,0,1,1
8.415670445,-0.48,0,0,1,1
8.424011049999999,0.48,0,0,1,0
8.432351655,0.48,0,0,1,0
8.440692259999999,-0.48,0,0,0,0
8.449032865,-0.48,0,0,0,0
8.457373469999999,-0.48,0,0,0,0
8.465714075,0.48,1,1,0,0
8.47405468,0.48,0,1,0,0
8.482395284999999,-0.48,0,0,0,0
8.49073589,0.48,0,0,0,0
8.499076494999999,-0.48,0,0,0,1
8.5074171,0.48,0,0,0,0
8.515757704999999,0.48,0,0,0,0
8.52409831,0.48,0,0,0,0
8.532438914999998,0.48,0,0,0,0
8.54077952,-0.48,0,0,1,1
8.549120125,0.48,0,0,1,1
8.557460729999999,-0.48,0,0,1,1
8.565801335,0.48,0,0,0,0
8.574141939999999,0.48,0,0,0,0
8.582482545,0.48,0,0,0,0
8.590823149999999,0.48,0,0,0,0
8.599163755,-0.48,0,0,0,1
8.607504359999998,-0.48,0,0,1,1
8.615844964999999,-0.48,0,0,1,0
8.62418557,-0.48,1,1,0,0
8.632526174999999,-0.48,1,0,0,0
8.64086678,-0.48,1,0,0,0
8.649207384999999,0.48,1,0,0,0
8.65754799,0.48,0,0,0,0
8.665888594999998,-0.48,0,0,0,0
8.6742292,-0.48,0,0,0,0
8.682569805,0.48,0,0,0,0
8.690910409999999,-0.48,0,0,1,0
8.699251015,0.48,0,1,0,0
8.707591619999999,0.48,0,0,0,0
8.715932225,-0.48,0,0,0,0
8.724272829999999,0.48,0,0,1,0
8.732613435,0.48,0,0,1,1
8.740954039999998,-0.48,0,0,0,0
8.749294644999999,-0.48,0,0,1,0
8.75763525,0.48,0,0,0,1
8.765975854999999,-0.48,0,0,0,0
8.77431646,0.48,1,0,0,0
8.782657064999999,-0.48,0,0,0,0
8.79099767,-0.48,0,0,0,0
8.799338274999998,-0.48,0,0,0,0
8.80767888,-0.48,1,1,0,0
8.816019485,-0.48,1,0,0,0
8.824360089999999,-0.48,1,0,0,0
8.832700695,-0.48,0,0,0,0
8.841041299999999,-0.48,1,0,0,0
8.849381905,0.48,1,0,0,0
8.857722509999999,0.48,0,0,1,0
8.866063115,-0.48,0,0,0,0
8.874403719999998,0.48,0,0,0,0
8.882744324999999,-0.48,0,0,1,1
8.89108493,0.48,0,0,1,1
8.899425534999999,0.48,0,0,1,0
8.90776614,0.48,0,0,0,0
8.916106744999999,-0.48,0,0,1,0
8.92444735,-0.48,0,0,1,1
8.932787954999998,-0.48,0,0,0,1
8.94112856,0.48,0,0,0,0
8.949469165,0.48,1,1,0,0
8.957809769999999,0.48,0,0,0,0
8.966150375,-0.48,0,0,0,0
8.974490979999999,-0.48,0,0,0,1
8.982831585,0.48,0,0,1,1
8.991172189999999,0.48,0,0,0,0
8.999512795,-0.48,0,1,0,0
9.007853399999998,0.48,0,0,0,0
9.016194005,-0.48,0,0,0,0
9.02453461,0.48,0,0,1,1
9.032875214999999,0.48,0,0,0,0
9.04121582,-0.48,0,0,0,0
9.049556424999999,-0.48,0,0,0,0
9.05789703,-0.48,0,0,0,0
9.066237634999998,0.48,1,0,0,0
9.07457824,-0.48,1,1,0,0
9.082918844999998,-0.48,1,0,0,0
9.091259449999999,0.48,0,0,0,0
9.099600055,0.48,1,0,0,0
9.107940659999999,0.48,1,0,0,0
9.116281265,-0.48,0,0,0,0
9.124621869999999,0.48,0,0,1,1
9.132962475,-0.48,0,0,1,1
9.141303079999998,0.48,0,0,0,0
9.149643685,0.48,0,0,0,0
9.15798429,0.48,0,0,0,0
9.166324894999999,-0.48,0,0,0,0
9.1746655,0.48,0,0,1,1
9.183006104999999,0.48,0,0,1,1
9.19134671,-0.48,0,0,0,0
9.199687314999998,-0.48,0,0,0,0
9.20802792,-0.48,0,0,0,0
9.216368524999998,-0.48,1,1,0,0
9.224709129999999,-0.48,0,0,0,0
9.233049735,-0.48,1,1,0,0
9.241390339999999,-0.48,1,0,1,0
9.249730945,-0.48,1,1,0,0
9.258071549999999,-0.48,1,0,0,0
9.266412155,-0.48,1,1,0,0
9.274752759999998,0.48,1,1,1,0
9.283093365,-0.48,0,0,0,0
9.29143397,-0.48,0,0,0,0
9.299774574999999,-0.48,0,0,0,0
9.30811518,-0.48,0,0,0,0
9.316455784999999,0.48,0,0,0,0
9.32479639,-0.48,0,0,0,0
9.333136994999998,-0.48,0,0,0,0
9.3414776,-0.48,0,0,0,0
9.349818204999998,0.48,0,0,0,0
9.358158809999999,-0.48,0,1,0,0
9.366499415,0.48,0,0,0,0
9.374840019999999,-0.48,0,0,0,0
9.383180625,0.48,0,0,1,0
9.391521229999999,0.48,0,0,1,1
9.399861835,0.48,0,0,1,0
9.408202439999998,-0.48,0,0,1,1
9.416543045,-0.48,0,0,1,1
9.42488365,-0.48,0,0,1,0
9.433224254999999,-0.48,0,0,0,0
9.44156486,0.48,1,1,0,0
9.449905464999999,0.48,1,0,0,0
9.45824607,-0.48,1,0,0,0
9.466586674999999,0.48,0,0,0,0
9.47492728,0.48,0,0,0,1
9.483267884999998,-0.48,0,0,0,1
9.491608489999999,0.48,0,0,1,0
9.499949095,0.48,0,0,1,1
9.508289699999999,-0.48,0,0,1,0
9.516630305,0.48,0,0,0,0
9.524970909999999,-0.48,0,0,1,1
9.533311515,-0.48,0,0,0,0
9.541652119999998,-0.48,0,0,0,0
9.549992725,-0.48,1,1,0,0
9.55833333,0.48,1,1,0,0
9.566673934999999,-0.48,1,0,0,0
9.57501454,-0.48,0,0,0,0
9.583355144999999,0.48,0,0,0,0
9.59169575,-0.48,1,1,0,0
9.600036354999999,0.48,0,0,0,0
9.60837696,-0.48,0,0,0,0
9.616717564999998,0.48,0,0,0,0
9.625058169999999,0.48,0,0,1,1
9.633398775,-0.48,0,0,1,0
9.641739379999999,0.48,0,0,1,0
9.650079985,0.48,0,0,1,1
9.658420589999999,0.48,0,0,1,1
9.666761195,0.48,0,0,0,0
9.675101799999998,-0.48,0,0,0,1
9.683442405,0.48,0,0,1,1
9.691783009999998,-0.48,0,0,1,0
9.700123614999999,-0.48,0,0,0,0
9.70846422,-0.48,0,1,0,0
9.716804824999999,-0.48,1,1,0,0
9.72514543,-0.48,1,0,0,0
9.733486034999999,-0.48,1,1,0,0
9.74182664,-0.48,1,1,0,0
9.750167244999998,0.48,1,1,0,0
9.758507849999999,-0.48,0,0,0,0
9.766848455,-0.48,0,0,0,0
9.775189059999999,0.48,0,0,0,0
9.783529665,-0.48,0,0,0,0
9.791870269999999,0.48,0,0,0,0
9.800210875,0.48,0,0,0,0
9.808551479999998,-0.48,0,0,1,0
9.816892085,0.48,0,0,1,1
9.825232689999998,-0.48,0,0,1,1
9.833573294999999,-0.48,0,0,1,0
9.8419139,0.48,0,0,0,0
9.850254504999999,0.48,0,0,0,0
9.85859511,0.48,0,1,0,0
9.866935714999999,0.48,0,0,0,0
9.87527632,0.48,0,0,1,1
9.883616924999998,-0.48,0,0,1,1
9.891957529999999,-0.48,0,0,1,0
9.900298135,0.48,0,0,1,0
9.908638739999999,0.48,0,0,0,0
9.916979345,0.48,1,1,0,0
9.925319949999999,0.48,0,0,0,0
9.933660555,-0.48,0,0,1,1
9.942001159999998,-0.48,0,0,1,1
9.950341765,0.48,0,0,1,0
9.958682369999998,0.48,1,0,0,0
9.967022974999999,-0.48,0,0,0,0
9.97536358,-0.48,0,0,0,0
9.983704184999999,-0.48,0,0,0,1
9.99204479,-0.48,1,1,0,0
10.000385394999999,-0.48,1,0,0,0
10.008726,0.48,1,1,0,0
10.017066604999998,0.48,1,0,0,0
10.02540721,0.48,0,0,0,0
10.033747815,-0.48,0,0,0,0
10.042088419999999,0.48,0,0,1,1
10.050429025,-0.48,0,0,1,1
10.058769629999999,0.48,0,0,1,0
10.067110235,0.48,0,0,0,0
10.075450839999998,-0.48,0,0,0,0
10.083791445,0.48,0,0,0,0
10.092132049999998,-0.48,0,0,1,0
10.100472654999999,-0.48,0,0,1,1
10.10881326,0.48,0,0,0,0
10.117153864999999,0.48,1,1,0,0
10.12549447,0.48,0,0,0,0
10.133835074999999,0.48,0,0,0,0
10.14217568,-0.48,0,0,1,1
10.150516284999998,-0.48,0,0,1,1
10.15885689,0.48,0,0,0,1
10.167197494999998,0.48,0,0,1,0
10.175538099999999,0.48,1,0,0,0
10.183878705,-0.48,0,0,0,0
10.192219309999999,-0.48,0,0,1,1
10.200559915,0.48,0,0,1,1
10.208900519999998,0.48,1,1,0,0
10.217241125,-0.48,0,0,0,0
10.225581729999998,-0.48,0,0,0,0
10.233922334999999,-0.48,0,0,0,0
10.24226294,0.48,1,1,0,0
10.250603544999999,0.48,1,1,0,0
10.25894415,0.48,1,0,0,0
10.267284754999999,-0.48,0,0,0,0
10.27562536,0.48,0,0,1,1
10.283965964999998,0.48,0,0,1,1
10.29230657,-0.48,0,0,0,0
10.300647174999998,0.48,0,0,0,0
10.308987779999999,-0.48,0,0,0,0
10.317328385,-0.48,0,0,0,0
10.325668989999999,-0.48,0,0,0,0
10.334009595,0.48,1,1,0,0
10.342350199999998,0.48,0,1,0,0
10.350690805,-0.48,0,0,0,0
10.359031409999998,-0.48,0,0,0,0
10.367372014999999,-0.48,0,0,0,1
10.37571262,0.48,1,0,0,1
10.384053224999999,0.48,1,1,0,0
10.39239383,0.48,0,0,0,0
10.400734434999999,0.48,0,0,0,0
10.40907504,-0.48,0,0,1,1
10.417415644999998,-0.48,0,0,1,1
10.42575625,0.48,0,0,1,0
10.434096854999998,0.48,0,1,0,0
10.442437459999999,-0.48,0,0,0,0
10.450778065,-0.48,0,0,0,0
10.459118669999999,-0.48,0,0,0,0
10.467459275,0.48,1,0,0,0
10.475799879999999,0.48,1,0,0,0
10.484140485,-0.48,0,0,0,0
10.492481089999998,0.48,0,0,0,0
10.500821694999999,-0.48,0,0,0,1
10.5091623,0.48,0,0,0,1
10.517502904999999,0.48,0,0,0,0
10.52584351,-0.48,0,0,0,0
10.534184114999999,-0.48,0,0,0,0
10.54252472,0.48,0,0,1,0
10.550865324999998,-0.48,0,0,1,0
10.55920593,0.48,0,1,0,0
10.567546534999998,0.48,0,0,0,0
10.575887139999999,0.48,0,0,0,0
10.584227745,-0.48,0,0,0,0
10.592568349999999,-0.48,0,0,1,1
10.600908955,0.48,0,0,1,1
10.609249559999999,-0.48,0,0,0,0
10.617590165,-0.48,0,1,0,0
10.625930769999998,-0.48,0,0,0,0
10.634271374999999,0.48,1,1,0,0
10.64261198,0.48,1,1,0,0
10.650952584999999,0.48,0,0,0,0
10.65929319,-0.48,0,0,0,0
10.667633794999999,-0.48,0,0,0,1
10.6759744,-0.48,0,0,1,1
10.684315004999998,-0.48,0,1,0,0
10.69265561,-0.48,1,0,0,0
10.700996214999998,-0.48,1,0,0,0
10.709336819999999,-0.48,1,1,0,0
10.717677425,-0.48,1,1,0,0
10.726018029999999,-0.48,0,0,0,0
10.734358635,-0.48,1,0,0,0
10.742699239999999,-0.48,0,0,0,0
10.751039845,0.48,0,0,0,0
10.759380449999998,-0.48,0,1,0,0
10.767721054999999,0.48,0,0,0,0
10.776061659999998,-0.48,0,0,0,0
10.784402264999999,-0.48,0,0,1,0
10.79274287,-0.48,0,0,1,1
10.801083474999999,-0.48,0,0,1,0
10.80942408,0.48,0,0,0,0
10.817764684999998,-0.48,1,1,0,0
10.82610529,-0.48,0,0,0,0
10.834445894999998,-0.48,0,0,0,0
10.842786499999999,-0.48,0,0,0,0
10.851127105,-0.48,1,1,0,0
10.859467709999999,-0.48,0,1,0,0
10.867808315,-0.48,1,0,0,0
10.876148919999999,-0.48,0,0,0,0
10.884489525,-0.48,1,1,0,0
10.892830129999998,0.48,1,0,1,0
10.901170735,0.48,0,0,0,0
10.909511339999998,-0.48,0,0,0,0
10.917851944999999,-0.48,0,0,0,0
10.92619255,0.48,0,0,1,1
10.934533154999999,-0.48,0,0,1,1
10.94287376,-0.48,0,0,1,0
10.951214364999998,0.48,0,0,0,0
10.95955497,0.48,0,0,0,0
10.967895574999998,0.48,0,0,0,0
10.976236179999999,-0.48,0,0,0,0
10.984576785,0.48,0,0,1,1
10.992917389999999,-0.48,0,0,1,1
11.001257995,-0.48,0,0,0,0
11.009598599999999,-0.48,0,0,0,0
11.017939205,0.48,1,1,0,0
11.026279809999998,-0.48,1,1,0,0
11.034620415,0.48,0,0,0,0
11.042961019999998,0.48,0,0,0,0
11.051301624999999,0.48,0,0,0,0
11.05964223,0.48,0,0,0,1
11.067982834999999,0.48,0,0,1,1
11.07632344,-0.48,0,0,1,1
11.084664044999998,-0.48,0,0,1,0
11.09300465,0.48,0,0,0,0
11.101345254999998,0.48,0,0,0,0
11.109685859999999,0.48,1,1,0,0
11.118026465,-0.48,0,0,0,0
11.126367069999999,0.48,0,0,0,1
11.134707675,0.48,0,0,1,1
11.143048279999999,-0.48,0,0,0,0
11.151388885,0.48,0,0,0,0
11.159729489999998,0.48,0,0,0,0
11.168070095,-0.48,0,0,0,0
11.176410699999998,0.48,0,0,0,0
11.184751304999999,0.48,0,0,0,0
11.19309191,-0.48,0,0,0,0
11.201432514999999,-0.48,0,0,0,0
11.20977312,0.48,0,0,0,0
11.218113724999998,0.48,1,1,1,0
11.22645433,-0.48,0,0,0,0
11.234794934999998,0.48,0,0,0,0
11.243135539999999,-0.48,0,0,0,0
11.251476144999998,0.48,0,0,1,1
11.259816749999999,-0.48,0,0,0,0
11.268157355,-0.48,0,0,0,0
11.276497959999999,-0.48,0,1,0,0
11.284838565,0.48,1,1,0,0
11.293179169999998,0.48,0,0,0,0
11.301519775,-0.48,0,0,0,0
11.309860379999998,-0.48,0,0,0,0
11.318200984999999,0.48,0,0,0,1
11.32654159,-0.48,0,0,1,1
11.334882194999999,0.48,0,1,0,0
11.3432228,0.48,0,0,0,0
11.351563404999998,-0.48,0,0,0,0
11.35990401,-0.48,0,0,1,0
11.368244614999998,0.48,0,0,1,1
11.376585219999999,0.48,0,0,0,0
11.384925824999998,-0.48,0,0,0,0
11.393266429999999,-0.48,0,0,0,0
11.401607035,0.48,0,0,0,0
11.409947639999999,-0.48,0,0,1,0
11.418288245,0.48,0,1,0,0
11.426628849999998,-0.48,0,0,0,0
11.434969455,0.48,0,0,0,0
11.443310059999998,0.48,0,0,0,0
11.451650664999999,0.48,0,0,0,0
11.45999127,-0.48,0,0,0,0
11.468331874999999,0.48,0,0,1,1
11.47667248,0.48,0,0,1,1
11.485013084999999,-0.48,0,0,1,0
11.49335369,0.48,0,0,0,0
11.501694294999998,0.48,0,0,0,0
11.510034899999999,-0.48,0,0,0,0
11.518375504999998,0.48,0,0,0,0
11.526716109999999,0.48,0,0,0,0
11.535056715,0.48,0,0,0,0
11.543397319999999,-0.48,0,0,0,0
11.551737925,0.48,0,0,1,1
11.560078529999998,-0.48,0,0,1,1
11.568419135,0.48,0,1,1,0
11.576759739999998,-0.48,0,1,0,0
11.585100344999999,-0.48,1,0,0,0
11.59344095,0.48,0,0,0,0
11.601781554999999,-0.48,1,1,0,0
11.61012216,0.48,0,0,0,0
11.618462764999999,-0.48,1,0,0,0
11.62680337,0.48,0,0,0,0
11.635143974999998,0.48,0,0,0,0
11.643484579999999,-0.48,0,0,0,0
11.651825184999998,0.48,0,0,0,0
11.660165789999999,-0.48,0,0,1,1
11.668506395,-0.48,0,0,0,1
11.676846999999999,0.48,0,0,0,0
11.685187605,0.48,1,1,0,0
11.693528209999998,0.48,0,1,0,0
11.701868815,-0.48,0,0,0,0
11.710209419999998,0.48,0,0,1,1
11.718550024999999,-0.48,0,0,1,1
11.72689063,-0.48,0,0,1,0
11.735231234999999,0.48,0,0,0,0
11.74357184,0.48,1,1,0,0
11.751912444999999,-0.48,0,0,0,0
11.76025305,-0.48,0,0,0,0
11.768593654999998,-0.48,0,0,0,0
11.776934259999999,-0.48,1,0,1,0
11.785274864999998,0.48,1,1,0,0
11.793615469999999,0.48,1,0,0,0
11.801956075,-0.48,0,0,0,0
11.810296679999999,0.48,0,0,0,0
11.818637285,-0.48,0,0,0,1
11.826977889999998,0.48,0,0,1,1
11.835318495,-0.48,0,0,0,0
11.843659099999998,0.48,0,0,0,0
11.851999704999999,0.48,0,0,0,0
11.860340309999998,0.48,0,0,0,0
11.868680914999999,-0.48,0,0,1,0
11.87702152,0.48,0,0,1,1
11.885362124999999,-0.48,0,0,1,1
11.89370273,0.48,0,0,1,0
11.902043334999998,-0.48,0,0,0,0
11.91038394,-0.48,0,0,0,0
11.918724544999998,-0.48,0,0,0,0
11.927065149999999,-0.48,1,1,0,0
11.935405755,-0.48,1,0,0,0
11.943746359999999,0.48,0,0,0,0
11.952086965,-0.48,0,1,0,0
11.960427569999998,-0.48,0,0,0,0
11.968768175,-0.48,0,0,0,0
11.977108779999998,-0.48,1,0,0,0
11.985449384999999,0.48,0,0,1,0
11.993789989999998,0.48,0,0,0,0
12.002130594999999,0.48,0,0,0,0
12.0104712,-0.48,0,0,0,0
12.018811804999999,0.48,0,0,1,1
12.02715241,-0.48,0,0,1,1
12.035493014999998,-0.48,0,0,1,0
12.04383362,0.48,0,0,0,0
12.052174224999998,-0.48,0,0,0,0
12.060514829999999,0.48,0,0,0,0
12.068855435,0.48,0,0,0,0
12.077196039999999,-0.48,0,0,0,0
12.085536645,0.48,0,0,0,0
12.093877249999998,-0.48,0,0,1,1
12.102217855,-0.48,0,0,1,1
12.110558459999998,-0.48,0,0,0,0
12.118899064999999,0.48,1,1,0,0
12.127239669999998,0.48,0,0,0,0
12.135580274999999,-0.48,1,0,0,0
12.14392088,-0.48,0,0,0,0
12.152261484999999,0.48,0,0,1,1
12.16060209,-0.48,0,0,0,1
12.168942694999998,-0.48,0,1,0,0
12.1772833,0.48,0,0,0,0
12.185623904999998,-0.48,0,0,0,0
12.193964509999999,0.48,0,0,0,0
12.202305115,-0.48,0,0,0,0
12.210645719999999,-0.48,0,0,0,0
12.218986325,-0.48,0,0,0,0
12.227326929999998,0.48,0,0,0,0
12.235667535,0.48,1,1,1,0
12.244008139999998,-0.48,0,0,1,0
12.252348744999999,0.48,0,0,0,0
12.260689349999998,0.48,0,0,1,1
12.269029954999999,0.48,0,0,1,1
12.27737056,0.48,0,0,1,0
12.285711164999999,0.48,0,0,1,1
12.29405177,0.48,0,0,1,1
12.302392374999998,-0.48,0,0,1,1
12.31073298,-0.48,0,0,1,0
12.319073584999998,0.48,0,0,0,0
12.327414189999999,-0.48,0,1,0,0
12.335754794999998,0.48,1,1,0,0
12.344095399999999,-0.48,0,0,0,0
12.352436005,-0.48,1,0,0,0
12.360776609999998,0.48,1,1,0,0
12.369117215,-0.48,1,0,0,0
12.377457819999998,-0.48,0,0,0,0
12.385798424999999,0.48,0,0,0,0
12.394139029999998,-0.48,1,1,0,0
12.402479634999999,-0.48,0,0,0,0
12.41082024,0.48,0,0,0,0
12.419160844999999,0.48,0,0,0,0
12.42750145,0.48,0,0,0,0
12.435842054999998,-0.48,0,0,0,0
12.44418266,0.48,0,0,1,1
12.452523264999998,-0.48,0,0,1,1
12.460863869999999,0.48,0,0,0,1
12.469204474999998,-0.48,0,0,0,0
12.477545079999999,-0.48,0,0,0,0
12.485885685,-0.48,0,0,0,0
12.494226289999999,-0.48,1,1,0,0
12.502566895,0.48,1,0,0,0
12.510907499999998,-0.48,1,0,0,0
12.519248104999999,0.48,0,0,0,0
12.527588709999998,-0.48,0,0,0,0
12.535929314999999,-0.48,0,0,0,0
12.54426992,0.48,0,0,0,1
12.552610524999999,0.48,0,0,0,0
12.56095113,-0.48,0,0,0,0
12.569291734999998,-0.48,0,0,0,0
12.57763234,-0.48,0,0,1,1
12.585972944999998,0.48,0,0,1,1
12.594313549999999,-0.48,0,1,0,0
12.602654154999998,-0.48,0,0,0,0
12.610994759999999,-0.48,0,0,0,0
12.619335365,0.48,0,0,0,0
12.627675969999999,-0.48,1,1,0,0
12.636016575,-0.48,0,0,0,0
12.644357179999998,0.48,0,0,0,0
12.652697784999999,-0.48,0,0,0,0
12.661038389999998,0.48,0,0,0,0
12.669378994999999,-0.48,0,0,0,0
12.6777196,0.48,0,0,1,0
12.686060204999999,0.48,0,0,1,1
12.69440081,-0.48,0,0,0,0
12.702741414999998,-0.48,0,0,1,0
12.71108202,0.48,0,0,1,1
12.719422624999998,-0.48,0,0,0,0
12.727763229999999,0.48,0,0,0,0
12.736103834999998,-0.48,0,0,0,0
12.744444439999999,0.48,0,0,0,0
12.752785045,-0.48,0,0,0,0
12.761125649999999,0.48,0,0,0,0
12.769466255,0.48,0,0,0,0
12.777806859999998,-0.48,0,0,0,0
12.786147464999999,0.48,0,0,1,1
12.794488069999998,0.48,0,0,1,1
12.802828674999999,-0.48,0,0,1,1
12.811169279999998,-0.48,0,0,0,0
12.819509884999999,0.48,0,0,1,1
12.82785049,0.48,0,0,0,1
12.836191094999998,-0.48,1,0,0,0
12.8445317,0.48,0,0,0,0
12.852872304999998,0.48,0,0,0,0
12.861212909999999,0.48,0,0,1,1
12.869553514999998,0.48,0,0,0,0
12.877894119999999,0.48,0,0,1,1
12.886234725,0.48,0,0,1,1
12.894575329999999,-0.48,0,0,1,1
12.902915935,0.48,0,0,0,0
12.911256539999998,0.48,0,0,0,0
12.919597145,-0.48,0,0,0,0
12.927937749999998,0.48,0,0,0,0
12.936278354999999,-0.48,0,0,0,0
12.944618959999998,0.48,0,1,0,0
12.952959564999999,0.48,1,1,0,0
12.96130017,-0.48,0,0,0,0
12.969640774999998,0.48,0,0,0,0
12.97798138,0.48,0,0,0,0
12.986321984999998,0.48,0,0,0,0
12.994662589999999,0.48,0,0,0,0
13.003003194999998,0.48,0,0,1,1
13.011343799999999,0.48,0,0,1,1
13.019684405,0.48,0,0,1,0
13.028025009999999,-0.48,0,0,1,1
13.036365615,-0.48,0,0,1,1
13.044706219999998,-0.48,0,0,0,0
13.053046825,-0.48,1,1,0,0
13.061387429999998,-0.48,1,0,0,0
13.069728034999999,-0.48,0,0,0,0
13.078068639999998,-0.48,1,1,0,0
13.086409244999999,-0.48,1,0,0,0
13.09474985,0.48,1,0,0,0
13.103090454999998,0.48,1,1,0,0
13.11143106,-0.48,0,0,0,0
13.119771664999998,0.48,0,0,0,0
13.128112269999999,0.48,0,0,1,0
13.136452874999998,0.48,0,0,1,1
13.144793479999999,0.48,0,0,0,0
13.153134085,-0.48,0,0,1,1
13.161474689999999,-0.48,0,0,1,1
13.169815295,0.48,0,0,1,0
13.178155899999998,0.48,0,0,0,0
13.186496505,-0.48,0,0,0,0
13.194837109999998,0.48,0,0,0,0
13.203177714999999,-0.48,0,0,0,0
13.211518319999998,-0.48,0,0,0,1
13.219858924999999,-0.48,0,0,0,0
13.22819953,0.48,1,1,0,0
13.236540134999998,0.48,1,0,0,0
13.24488074,0.48,0,0,0,0
13.253221344999998,0.48,0,0,0,0
13.261561949999999,-0.48,0,0,1,1
13.269902554999998,0.48,0,0,1,1
13.278243159999999,-0.48,0,0,0,1
13.286583765,0.48,0,0,0,0
13.294924369999999,0.48,0,0,0,0
13.303264975,0.48,0,0,0,0
13.311605579999998,0.48,0,0,0,0
13.319946185,0.48,0,0,1,1
13.328286789999998,0.48,0,0,1,1
13.336627394999999,0.48,0,0,1,1
13.344967999999998,0.48,0,0,1,0
13.353308604999999,-0.48,0,0,0,0
13.36164921,-0.48,0,0,1,1
13.369989814999999,0.48,0,0,0,0
13.37833042,-0.48,1,1,0,0
13.386671024999998,-0.48,0,0,0,0
13.395011629999999,-0.48,1,0,0,0
13.403352234999998,0.48,1,1,0,0
13.411692839999999,0.48,1,1,0,0
13.420033444999998,-0.48,0,0,0,0
13.428374049999999,0.48,0,0,0,0
13.436714655,0.48,0,0,0,0
13.445055259999998,-0.48,0,0,0,1
13.453395865,-0.48,0,0,0,0
13.461736469999998,0.48,0,0,1,0
13.470077074999999,-0.48,0,0,1,0
13.478417679999998,0.48,0,0,0,0
13.486758284999999,0.48,0,0,0,0
13.49509889,-0.48,0,0,0,0
13.503439494999999,0.48,0,0,0,0
13.5117801,0.48,0,0,1,1
13.520120704999998,0.48,0,0,1,1
13.528461309999999,0.48,0,0,0,0
13.536801914999998,0.48,0,0,1,0
13.545142519999999,0.48,0,0,1,1
13.553483124999998,-0.48,0,0,1,1
13.561823729999999,0.48,0,0,1,0
13.570164335,-0.48,0,0,0,0
13.578504939999998,0.48,0,0,0,0
13.586845545,0.48,1,0,0,0
13.595186149999998,0.48,0,1,0,0
13.603526754999999,-0.48,0,0,0,0
13.611867359999998,-0.48,0,0,1,1
13.620207964999999,-0.48,0,0,0,1
13.62854857,-0.48,1,1,0,0
13.636889174999999,-0.48,1,0,0,0
13.64522978,-0.48,1,1,0,0
13.653570384999998,0.48,1,1,0,0
13.661910989999999,0.48,1,0,0,0
13.670251594999998,-0.48,0,0,0,0
13.678592199999999,0.48,0,0,0,0
13.686932804999998,0.48,0,0,0,0
13.695273409999999,-0.48,0,0,1,1
13.703614015,0.48,0,0,1,0
13.711954619999998,-0.48,0,0,1,1
13.720295225,-0.48,0,0,1,1
13.728635829999998,0.48,0,0,0,0
13.736976434999999,-0.48,1,1,0,0
13.745317039999998,-0.48,0,0,0,0
13.753657644999999,0.48,0,0,0,0
13.76199825,0.48,1,0,0,0
13.770338854999999,-0.48,1,1,0,0
13.77867946,-0.48,0,0,0,0
13.787020064999998,0.48,0,0,1,0
13.795360669999999,-0.48,0,0,1,1
13.803701274999998,0.48,0,0,0,0
13.812041879999999,-0.48,0,1,0,0
13.820382484999998,0.48,0,0,0,0
13.828723089999999,0.48,0,0,0,0
13.837063695,0.48,0,0,0,0
13.845404299999998,0.48,0,0,0,0
13.853744905,-0.48,0,0,1,1
13.862085509999998,-0.48,0,0,1,1
13.870426114999999,0.48,0,0,1,0
13.878766719999998,-0.48,0,1,0,0
13.887107324999999,-0.48,1,0,0,0
13.895447929999998,0.48,0,0,0,0
13.903788534999999,0.48,1,1,0,0
13.91212914,0.48,1,0,0,0
13.920469744999998,-0.48,0,0,0,0
13.92881035,0.48,0,0,0,1
13.937150954999998,-0.48,0,0,1,1
13.945491559999999,0.48,0,0,0,0
13.953832164999998,0.48,0,0,0,0
13.962172769999999,-0.48,0,0,0,0
13.970513375,-0.48,0,0,0,0
13.978853979999998,-0.48,0,0,0,1
13.987194585,0.48,1,1,1,0
13.995535189999998,0.48,0,0,0,0
14.003875794999999,0.48,0,0,0,0
14.012216399999998,-0.48,0,0,0,0
14.020557004999999,0.48,0,0,1,1
14.028897609999998,-0.48,0,0,1,1
14.037238214999999,0.48,0,0,0,0
14.04557882,-0.48,0,0,0,0
14.053919424999998,0.48,0,0,0,0
14.06226003,0.48,0,0,0,0
14.070600634999998,-0.48,0,0,0,0
14.078941239999999,-0.48,0,0,0,0
14.087281844999998,-0.48,0,0,1,0
14.095622449999999,-0.48,1,1,0,0
14.103963055,0.48,1,1,0,0
14.112303659999998,0.48,1,0,0,0
14.120644265,-0.48,0,0,0,0
14.128984869999998,0.48,0,0,0,0
14.137325474999999,0.48,0,0,0,0
14.145666079999998,-0.48,0,0,1,0
14.154006684999999,-0.48,0,0,0,0
14.162347289999998,-0.48,0,0,1,1
14.170687894999999,-0.48,0,0,1,0
14.1790285,0.48,1,1,0,0
14.187369104999998,0.48,1,0,0,0
14.19570971,0.48,1,0,0,0
14.204050314999998,-0.48,0,0,0,0
14.212390919999999,-0.48,0,0,1,1
14.220731524999998,0.48,0,0,1,1
14.229072129999999,-0.48,0,0,1,0
14.237412735,-0.48,0,0,0,0
14.245753339999998,0.48,0,0,0,0
14.254093945,0.48,1,0,0,0
14.262434549999998,0.48,1,1,0,0
14.270775154999999,-0.48,0,0,0,0
14.279115759999998,-0.48,0,0,1,1
14.287456364999999,-0.48,0,0,1,1
14.295796969999998,-0.48,0,0,0,0
14.304137574999999,0.48,1,1,0,0
14.31247818,0.48,0,0,0,0
14.320818784999998,0.48,1,0,0,0
14.32915939,0.48,0,0,0,0
14.337499994999998,0.48,0,0,1,1
14.345840599999999,0.48,0,0,1,1
14.354181204999998,0.48,0,0,1,0
14.362521809999999,0.48,0,0,1,0
14.370862415,0.48,0,0,1,0
14.379203019999999,-0.48,0,0,1,1
14.387543625,0.48,0,0,0,1
14.395884229999998,0.48,0,0,0,0
14.404224834999999,0.48,0,0,0,0
14.412565439999998,0.48,0,0,0,0
14.420906044999999,0.48,0,0,0,0
14.429246649999998,0.48,0,0,1,1
14.437587254999999,-0.48,0,0,1,0
14.44592786,-0.48,0,0,0,1
14.454268464999998,-0.48,0,0,0,0
14.46260907,-0.48,1,1,0,0
14.470949674999998,-0.48,1,1,0,0
14.479290279999999,0.48,1,0,0,0
14.487630884999998,-0.48,1,1,0,0
14.495971489999999,-0.48,0,0,0,0
14.504312094999998,-0.48,0,0,0,0
14.512652699999999,-0.48,1,1,0,0
14.520993305,0.48,0,0,0,0
14.529333909999998,-0.48,0,0,0,0
14.537674514999999,0.48,0,0,0,0
14.546015119999998,-0.48,0,0,0,0
14.554355724999999,0.48,0,0,0,0
14.562696329999998,0.48,0,0,0,0
14.571036934999999,-0.48,0,0,1,0
14.57937754,-0.48,0,0,1,1
14.587718144999998,0.48,0,0,1,1
14.59605875,0.48,0,0,0,0
14.604399354999998,-0.48,0,0,0,0
14.612739959999999,0.48,0,0,0,0
14.621080564999998,-0.48,0,0,0,1
14.629421169999999,-0.48,0,0,1,1
14.637761774999998,0.48,0,0,0,0
14.646102379999999,-0.48,1,0,0,0
14.654442985,-0.48,0,1,0,0
14.662783589999998,-0.48,0,0,0,0
14.671124194999999,-0.48,0,1,0,0
14.679464799999998,-0.48,1,0,0,0
14.687805404999999,0.48,1,0,0,0
14.696146009999998,0.48,0,0,0,0
14.704486614999999,0.48,0,0,0,0
14.71282722,-0.48,0,0,0,0
14.721167824999998,-0.48,0,0,1,1
14.72950843,-0.48,0,0,1,1
14.737849034999998,0.48,0,0,1,1
14.746189639999999,-0.48,1,1,0,0
14.754530244999998,0.48,0,0,1,0
14.762870849999999,0.48,0,0,0,0
14.771211454999998,-0.48,0,0,0,0
14.779552059999999,-0.48,0,0,0,1
14.787892665,-0.48,0,0,1,1
14.796233269999998,0.48,0,0,1,0
14.804573874999999,0.48,1,1,0,0
14.812914479999998,0.48,0,0,0,0
14.821255084999999,-0.48,0,0,0,0
14.829595689999998,0.48,0,0,1,1
14.837936294999999,0.48,0,0,1,1
14.8462769,0.48,0,0,1,1
14.854617504999998,0.48,0,0,0,0
14.86295811,0.48,0,0,1,0
14.871298714999998,-0.48,0,0,1,1
14.879639319999999,0.48,0,0,1,1
14.887979924999998,-0.48,0,0,0,0
14.896320529999999,0.48,0,0,0,0
14.904661134999998,-0.48,0,0,0,0
14.913001739999999,-0.48,0,1,0,0
14.921342345,-0.48,1,0,0,0
14.929682949999998,-0.48,1,1,0,0
14.938023555,-0.48,1,0,0,0
14.946364159999998,0.48,0,0,0,0
14.954704764999999,-0.48,1,1,0,0
14.963045369999998,-0.48,0,0,0,0
14.971385974999999,0.48,0,0,0,0
14.979726579999998,-0.48,1,0,0,0
14.988067184999998,0.48,0,1,0,0
14.99640779,0.48,0,0,0,0
15.004748394999998,0.48,0,0,1,0
15.013088999999999,-0.48,0,0,1,1
15.021429604999998,-0.48,0,0,1,1
15.029770209999999,-0.48,0,0,1,1
15.038110814999998,-0.48,0,0,0,0
15.046451419999999,-0.48,1,0,0,0
15.054792025,-0.48,1,0,0,0
15.063132629999998,-0.48,1,0,0,0
15.071473235,0.48,0,0,0,0
15.079813839999998,-0.48,1,1,0,0
15.088154444999999,0.48,0,0,0,0
15.096495049999998,-0.48,0,0,0,0
15.104835654999999,-0.48,0,0,0,0
15.113176259999998,-0.48,0,0,1,0
15.121516864999998,0.48,0,0,1,0
15.12985747,-0.48,0,1,1,0
15.138198074999998,0.48,0,0,0,0
15.146538679999999,-0.48,0,0,0,0
15.154879284999998,-0.48,0,0,0,0
15.163219889999999,-0.48,0,0,1,0
15.171560494999998,0.48,0,0,1,1
15.179901099999999,-0.48,1,1,0,0
15.188241705,0.48,0,0,0,0
15.196582309999998,-0.48,0,0,0,0
15.204922915,0.48,0,0,0,0
15.213263519999998,-0.48,0,0,0,0
15.221604124999999,-0.48,0,0,1,1
15.229944729999998,-0.48,0,0,0,0
15.238285334999999,-0.48,0,0,0,0
15.246625939999998,-0.48,1,1,0,0
15.254966544999998,0.48,1,0,0,0
15.26330715,-0.48,0,1,0,0
15.271647754999998,0.48,0,0,0,0
15.279988359999999,0.48,0,0,0,0
15.288328964999998,-0.48,0,0,0,0
15.296669569999999,-0.48,0,0,1,1
15.305010174999998,-0.48,0,0,1,1
15.313350779999999,0.48,0,0,1,0
15.321691385,-0.48,0,0,0,0
15.330031989999998,-0.48,0,0,0,0
15.338372595,-0.48,0,0,0,0
15.346713199999998,-0.48,0,0,0,0
15.355053804999999,0.48,1,0,0,0
15.363394409999998,0.48,1,0,0,0
15.371735014999999,-0.48,0,0,0,0
15.380075619999998,0.48,0,0,0,0
15.388416224999999,0.48,0,0,1,1
15.39675683,0.48,0,0,1,1
15.405097434999998,-0.48,0,0,1,1
15.413438039999999,0.48,0,0,1,0
15.421778644999998,0.48,0,0,1,1
15.430119249999999,-0.48,0,0,0,0
15.438459854999998,0.48,0,0,1,0
15.446800459999999,-0.48,0,0,0,1
15.455141065,-0.48,0,0,0,1
15.463481669999998,0.48,0,0,0,0
15.471822275,-0.48,1,1,0,0
15.480162879999998,-0.48,1,0,0,0
15.488503484999999,0.48,1,0,0,0
15.496844089999998,0.48,1,1,0,0
15.505184694999999,-0.48,0,0,0,0
15.513525299999998,-0.48,0,0,0,0
15.521865904999999,-0.48,0,0,1,1
15.53020651,-0.48,0,0,0,0
15.538547114999998,0.48,1,1,0,0
15.546887719999999,-0.48,0,0,0,0
15.555228324999998,-0.48,1,0,0,0
15.563568929999999,-0.48,0,0,0,0
15.571909534999998,-0.48,0,0,0,0
15.580250139999999,-0.48,1,1,0,0
15.588590744999998,0.48,0,1,0,0
15.596931349999998,0.48,0,0,0,0
15.605271955,0.48,0,0,0,0
15.613612559999998,0.48,0,0,0,0
15.621953164999999,-0.48,0,0,1,1
15.630293769999998,0.48,0,0,1,1
15.638634374999999,0.48,0,0,1,0
15.646974979999998,-0.48,0,0,1,0
15.655315584999999,-0.48,0,0,0,0
15.66365619,-0.48,0,0,1,0
15.671996794999998,0.48,0,0,0,0
15.680337399999999,-0.48,1,1,0,0
15.688678004999998,-0.48,0,0,0,0
15.697018609999999,0.48,0,0,0,0
15.705359214999998,-0.48,1,1,0,0
15.713699819999999,-0.48,1,0,0,0
15.722040424999998,0.48,0,0,0,0
15.730381029999998,-0.48,0,0,0,0
15.738721635,0.48,0,0,0,0
15.747062239999998,-0.48,0,0,0,0
15.755402844999999,-0.48,0,0,0,0
15.763743449999998,-0.48,0,0,0,0
15.772084054999999,0.48,0,0,1,0
15.780424659999998,-0.48,1,1,0,0
15.788765264999999,0.48,0,0,0,0
15.79710587,-0.48,0,0,0,0
15.805446474999998,0.48,0,0,0,0
15.813787079999999,-0.48,0,0,1,0
15.822127684999998,0.48,0,0,1,0
15.830468289999999,0.48,0,0,0,0
15.838808894999998,-0.48,0,0,1,0
15.847149499999999,0.48,0,0,1,0
15.855490104999998,-0.48,0,0,1,1
15.863830709999998,-0.48,0,0,1,0
15.872171315,0.48,0,0,0,0
15.880511919999998,-0.48,0,1,0,0
15.888852524999999,-0.48,1,1,0,0
15.897193129999998,-0.48,0,0,0,0
15.905533734999999,-0.48,1,1,0,0
15.913874339999998,0.48,1,1,0,0
15.922214944999999,0.48,1,1,0,0
15.93055555,0.48,0,0,0,0
15.938896154999998,-0.48,0,0,0,0
15.94723676,-0.48,0,0,1,1
15.955577364999998,0.48,0,0,1,1
15.963917969999999,-0.48,0,0,1,1
15.972258574999998,0.48,0,0,0,0
15.980599179999999,-0.48,0,0,0,0
15.988939784999998,0.48,0,0,0,0
15.997280389999998,-0.48,0,0,0,0
16.005620994999997,0.48,0,0,0,0
16.0139616,-0.48,0,0,0,0
16.022302205,-0.48,0,0,0,0
16.03064281,-0.48,0,0,0,0
16.038983414999997,-0.48,0,1,0,0
16.047324019999998,0.48,1,0,0,0
16.055664625,-0.48,1,0,0,0
16.06400523,0.48,0,0,0,0
16.072345835,0.48,0,0,0,0
16.080686439999997,0.48,0,0,0,0
16.089027044999998,-0.48,0,0,1,1
16.09736765,0.48,0,0,1,1
16.105708255,0.48,0,0,1,1
16.114048859999997,0.48,0,0,0,0
16.122389464999998,0.48,0,0,0,0
16.13073007,-0.48,0,0,1,0
16.139070675,0.48,0,0,1,1
16.14741128,-0.48,0,0,0,0
16.155751884999997,-0.48,0,0,0,0
16.164092489999998,0.48,0,0,0,0
16.172433095,0.48,1,1,0,0
16.1807737,-0.48,0,0,0,0
16.189114304999997,-0.48,0,0,0,0
16.197454909999998,0.48,0,0,0,0
16.205795515,-0.48,1,1,0,0
16.21413612,0.48,0,1,0,0
16.222476725,0.48,0,0,0,0
16.230817329999997,0.48,0,0,0,0
16.239157934999998,-0.48,0,0,0,1
16.24749854,-0.48,0,0,1,1
16.255839145,-0.48,0,0,1,1
16.264179749999997,-0.48,0,1,0,0
16.272520354999997,-0.48,1,1,0,0
16.28086096,-0.48,1,0,0,0
16.289201565,-0.48,1,1,0,0
16.29754217,-0.48,1,0,0,0
16.305882774999997,-0.48,1,0,0,0
16.314223379999998,-0.48,0,1,0,0
16.322563985,-0.48,0,0,0,0
16.33090459,0.48,1,1,1,0
16.339245195,-0.48,0,0,0,0
16.347585799999997,0.48,0,0,0,0
16.355926404999998,-0.48,0,0,0,0
16.36426701,0.48,0,0,1,0
16.372607615,0.48,0,0,1,1
16.380948219999997,-0.48,0,0,1,0
16.389288824999998,0.48,0,0,1,1
16.39762943,0.48,0,0,0,0
16.405970035,0.48,0,0,1,0
16.41431064,-0.48,0,0,0,0
16.422651244999997,0.48,0,0,1,0
16.430991849999998,-0.48,0,0,0,1
16.439332455,0.48,0,0,0,0
16.44767306,-0.48,0,0,0,0
16.456013664999997,-0.48,0,0,0,0
16.464354269999998,0.48,0,1,0,0
16.472694875,-0.48,1,0,0,0
16.48103548,0.48,0,0,0,0
16.489376085,0.48,0,0,0,0
16.497716689999997,-0.48,0,0,0,0
16.506057294999998,0.48,0,0,0,0
16.5143979,0.48,0,0,1,1
16.522738505,-0.48,0,0,1,1
16.531079109999997,-0.48,0,0,0,0
16.539419714999998,0.48,0,0,1,0
16.54776032,-0.48,0,0,0,0
16.556100925,0.48,1,1,0,0
16.56444153,0.48,0,0,0,0
16.572782134999997,-0.48,0,0,0,0
16.581122739999998,-0.48,0,0,0,0
16.589463345,-0.48,0,0,1,1
16.59780395,-0.48,0,1,0,1
16.606144554999997,0.48,1,0,0,0
16.614485159999997,0.48,0,0,0,0
16.622825764999998,-0.48,0,0,0,0
16.63116637,0.48,0,0,0,0
16.639506975,0.48,0,0,0,1
16.647847579999997,-0.48,0,0,1,0
16.656188184999998,0.48,0,0,0,0
16.66452879,0.48,0,0,0,1
16.672869395,-0.48,0,0,1,1
16.68121,0.48,0,0,0,0
16.689550604999997,-0.48,0,0,0,0
16.697891209999998,-0.48,0,0,1,0
16.706231815,0.48,0,0,0,0
16.71457242,0.48,1,1,0,0
16.722913024999997,0.48,0,0,0,0
16.731253629999998,-0.48,0,0,0,0
16.739594235,0.48,0,0,0,1
16.74793484,-0.48,0,0,1,1
16.756275445,0.48,0,0,0,0
16.764616049999997,-0.48,0,0,0,0
16.772956654999998,0.48,0,0,0,0
16.78129726,0.48,0,0,0,0
16.789637865,-0.48,0,0,0,0
16.797978469999997,0.48,0,0,0,0
16.806319074999998,0.48,0,0,0,1
16.81465968,0.48,0,0,0,0
16.823000285,-0.48,0,0,0,0
16.83134089,0.48,0,0,1,1
16.839681494999997,0.48,0,0,1,1
16.848022099999998,0.48,0,0,0,0
16.856362705,0.48,0,0,0,0
16.86470331,0.48,0,0,1,0
16.873043914999997,0.48,0,0,1,1
16.881384519999997,-0.48,0,0,0,1
16.889725125,0.48,0,0,1,0
16.89806573,-0.48,0,0,1,0
16.906406335,-0.48,0,0,0,0
16.914746939999997,-0.48,1,1,0,0
16.923087544999998,0.48,1,1,0,0
16.93142815,-0.48,1,0,0,0
16.939768755,0.48,0,0,0,0
16.94810936,0.48,0,0,0,0
16.956449964999997,0.48,0,0,0,0
16.964790569999998,-0.48,0,0,0,1
16.973131175,0.48,0,0,1,0
16.98147178,-0.48,0,0,1,1
16.989812384999997,0.48,0,0,1,0
16.998152989999998,0.48,0,0,0,0
17.006493595,-0.48,0,0,0,0
17.0148342,-0.48,0,0,0,0
17.023174805,-0.48,0,0,0,0
17.031515409999997,0.48,1,1,0,0
17.039856014999998,0.48,0,0,0,0
17.04819662,0.48,0,0,0,0
17.056537225,-0.48,0,0,0,0
17.064877829999997,-0.48,0,0,1,1
17.073218434999998,0.48,0,0,1,1
17.08155904,0.48,0,0,0,0
17.089899645,-0.48,1,1,0,0
17.09824025,-0.48,0,0,0,0
17.106580854999997,-0.48,0,0,0,0
17.114921459999998,-0.48,1,0,0,0
17.123262065,0.48,1,1,0,0
17.13160267,0.48,1,0,0,0
17.139943274999997,0.48,0,0,0,0
17.148283879999997,0.48,0,0,0,0
17.156624485,0.48,0,0,1,1
17.16496509,0.48,0,0,1,1
17.173305695,0.48,0,0,1,1
17.181646299999997,0.48,0,0,0,0
17.189986904999998,0.48,0,0,1,0
17.19832751,-0.48,0,0,1,1
17.206668115,0.48,0,0,0,1
17.215008719999997,0.48,0,0,0,0
17.223349324999997,-0.48,0,0,0,0
17.231689929999998,-0.48,0,0,0,0
17.240030535,0.48,0,0,0,0
17.24837114,-0.48,1,1,0,0
17.256711744999997,-0.48,0,0,0,0
17.265052349999998,0.48,1,0,0,0
17.273392955,-0.48,1,1,0,0
17.28173356,0.48,0,0,0,0
17.290074165,0.48,0,0,0,0
17.298414769999997,-0.48,0,0,0,0
17.306755374999998,-0.48,0,0,0,0
17.31509598,-0.48,0,0,1,1
17.323436585,-0.48,0,0,1,0
17.331777189999997,-0.48,1,1,0,0
17.340117794999998,0.48,1,1,0,0
17.3484584,-0.48,0,0,0,0
17.356799005,-0.48,0,0,0,0
17.36513961,0.48,0,0,0,0
17.373480214999997,0.48,0,1,0,0
17.381820819999998,0.48,1,0,0,0
17.390161425,-0.48,0,0,0,0
17.39850203,0.48,0,0,1,1
17.406842634999997,0.48,0,0,1,1
17.415183239999998,-0.48,0,0,0,0
17.423523845,0.48,0,0,0,0
17.43186445,-0.48,0,0,1,0
17.440205055,-0.48,0,0,1,0
17.448545659999997,-0.48,0,0,0,0
17.456886264999998,-0.48,1,1,0,0
17.46522687,0.48,1,0,0,0
17.473567475,-0.48,0,0,0,0
17.481908079999997,-0.48,0,0,0,0
17.490248684999997,-0.48,0,0,0,0
17.498589289999998,0.48,1,1,0,0
17.506929895,0.48,1,0,0,0
17.5152705,-0.48,0,0,0,0
17.523611104999997,0.48,0,0,0,0
17.531951709999998,0.48,0,0,1,1
17.540292315,-0.48,0,0,1,1
17.54863292,0.48,0,0,1,0
17.556973525,-0.48,0,0,1,0
17.565314129999997,0.48,0,0,0,0
17.573654734999998,-0.48,0,0,0,0
17.58199534,-0.48,0,0,0,0
17.590335945,0.48,0,0,0,0
17.598676549999997,-0.48,0,1,0,0
17.607017154999998,0.48,1,1,0,0
17.61535776,-0.48,0,0,0,0
17.623698365,0.48,0,0,0,0
17.63203897,0.48,0,0,0,0
17.640379574999997,-0.48,0,0,0,0
17.648720179999998,-0.48,0,0,0,0
17.657060785,-0.48,0,0,1,1
17.66540139,-0.48,0,1,0,1
17.673741994999997,-0.48,1,0,0,0
17.682082599999998,0.48,1,0,0,0
17.690423205,0.48,1,1,0,0
17.69876381,-0.48,0,0,0,0
17.707104415,-0.48,0,0,0,0
17.715445019999997,0.48,0,0,0,1
17.723785624999998,0.48,0,0,1,1
17.73212623,0.48,0,0,0,0
17.740466835,-0.48,0,0,0,0
17.748807439999997,0.48,0,0,1,1
17.757148044999997,-0.48,0,0,1,1
17.765488649999998,-0.48,0,0,1,1
17.773829255,0.48,0,0,0,0
17.78216986,-0.48,0,0,0,0
17.790510464999997,0.48,1,1,0,0
17.798851069999998,0.48,0,0,0,0
17.807191675,0.48,0,0,0,0
17.81553228,-0.48,0,0,0,0
17.823872884999997,-0.48,0,0,1,1
17.832213489999997,-0.48,0,0,1,1
17.840554094999998,0.48,0,1,0,0
17.8488947,-0.48,1,1,0,0
17.857235305,-0.48,0,0,0,0
17.865575909999997,-0.48,0,0,0,0
17.873916514999998,0.48,1,1,0,0
17.88225712,-0.48,0,1,0,0
17.890597725,-0.48,0,0,0,0
17.89893833,0.48,0,0,0,0
17.907278934999997,-0.48,0,0,0,0
17.915619539999998,0.48,0,0,0,0
17.923960145,-0.48,0,0,0,0
17.93230075,0.48,0,0,0,0
17.940641354999997,-0.48,0,0,0,0
17.948981959999998,0.48,0,0,1,0
17.957322565,0.48,0,0,1,0
17.96566317,-0.48,0,0,0,1
17.974003775,0.48,0,0,1,0
17.982344379999997,-0.48,0,0,1,1
17.990684984999998,0.48,0,0,0,1
17.99902559,0.48,0,0,0,0
18.007366195,0.48,0,0,0,0
18.015706799999997,-0.48,0,0,0,0
18.024047404999997,-0.48,0,0,1,1
18.03238801,0.48,0,0,1,1
18.040728615,-0.48,0,1,0,0
18.04906922,0.48,1,1,0,0
18.057409824999997,0.48,0,0,0,0
18.065750429999998,-0.48,0,0,0,0
18.074091035,-0.48,0,0,0,0
18.08243164,-0.48,0,0,1,1
18.090772244999997,-0.48,1,0,0,0
18.099112849999997,0.48,1,1,0,0
18.107453454999998,-0.48,1,0,0,0
18.11579406,-0.48,0,0,0,0
18.124134665,0.48,0,0,0,0
18.132475269999997,0.48,1,0,0,0
18.140815874999998,-0.48,0,1,0,0
18.14915648,-0.48,0,0,0,0
18.157497085,0.48,0,0,1,1
18.165837689999996,0.48,0,0,0,1
18.174178294999997,-0.48,0,0,0,0
18.182518899999998,0.48,0,0,0,0
18.190859505,-0.48,0,0,1,0
18.19920011,-0.48,0,0,1,0
18.207540714999997,-0.48,0,0,1,0
18.215881319999998,0.48,1,1,0,0
18.224221925,0.48,1,1,0,0
18.23256253,-0.48,0,0,0,0
18.240903135,0.48,0,0,0,0
18.249243739999997,-0.48,0,0,1,1
18.257584344999998,0.48,0,0,1,1
18.26592495,0.48,0,0,0,0
18.274265555,0.48,0,0,0,0
18.282606159999997,0.48,0,0,0,0
18.290946764999997,-0.48,0,0,1,1
18.29928737,0.48,0,0,1,1
18.307627975,-0.48,0,0,0,0
18.31596858,-0.48,0,0,0,0
18.324309184999997,0.48,0,1,0,0
18.332649789999998,0.48,1,1,0,0
18.340990395,0.48,0,0,0,0
18.349331,-0.48,0,0,0,0
18.357671604999997,-0.48,0,0,0,0
18.366012209999997,0.48,0,0,1,1
18.374352814999998,0.48,0,1,0,0
18.38269342,0.48,1,0,0,0
18.391034025,0.48,0,0,0,0
18.399374629999997,-0.48,0,0,1,1
18.407715234999998,-0.48,0,0,1,1
18.41605584,0.48,0,0,1,1
18.424396445,-0.48,0,1,0,0
18.432737049999997,0.48,0,0,0,0
18.441077654999997,-0.48,0,0,0,0
18.449418259999998,0.48,0,0,0,0
18.457758865,0.48,0,0,0,0
18.46609947,0.48,0,0,0,0
18.474440074999997,-0.48,0,0,0,0
18.482780679999998,-0.48,0,0,1,1
18.491121285,0.48,0,0,1,1
18.49946189,-0.48,0,1,0,0
18.507802495,0.48,1,0,0,0
18.516143099999997,0.48,0,0,0,0
18.524483704999998,-0.48,0,0,0,0
18.53282431,-0.48,0,0,0,0
18.541164915,0.48,0,0,0,0
18.549505519999997,-0.48,1,0,1,0
18.557846124999998,0.48,1,1,0,0
18.56618673,-0.48,0,0,0,0
18.574527335,0.48,0,0,0,0
18.58286794,-0.48,0,0,0,0
18.591208544999997,0.48,0,0,0,0
18.599549149999998,-0.48,0,0,0,0
18.607889755,0.48,0,0,0,0
18.61623036,-0.48,0,0,0,0
18.624570964999997,-0.48,0,0,0,0
18.632911569999997,0.48,0,0,0,0
18.641252174999998,-0.48,1,0,0,0
18.64959278,-0.48,0,1,0,0
18.657933385,-0.48,0,0,0,0
18.666273989999997,0.48,1,1,0,0
18.674614594999998,-0.48,1,0,0,0
18.6829552,0.48,0,0,0,0
18.691295805,0.48,0,0,0,0
18.699636409999997,0.48,0,0,0,0
18.707977014999997,-0.48,0,0,1,0
18.716317619999998,0.48,0,0,1,1
18.724658225,0.48,0,0,1,1
18.73299883,-0.48,0,0,0,1
18.741339434999997,-0.48,0,0,0,0
18.749680039999998,-0.48,0,0,0,0
18.758020645,0.48,0,1,1,0
18.76636125,0.48,1,1,0,0
18.774701854999996,0.48,0,0,0,0
18.783042459999997,-0.48,0,0,0,0
18.791383064999998,0.48,0,0,0,1
18.79972367,0.48,0,0,1,1
18.808064275,0.48,0,0,0,0
18.816404879999997,-0.48,0,0,0,0
18.824745484999998,-0.48,0,0,1,1
18.83308609,-0.48,0,0,1,1
18.841426695,-0.48,1,1,0,0
18.8497673,-0.48,1,1,0,0
18.858107904999997,-0.48,1,1,0,0
18.866448509999998,0.48,1,0,0,0
18.874789115,0.48,0,0,0,0
18.88312972,0.48,0,0,0,0
18.891470324999997,0.48,0,0,0,0
18.899810929999997,-0.48,0,0,1,0
18.908151535,-0.48,0,0,1,1
18.91649214,-0.48,0,0,1,1
18.924832745,-0.48,0,0,0,0
18.933173349999997,-0.48,1,1,0,0
18.941513954999998,0.48,1,0,0,0
18.94985456,-0.48,1,1,0,0
18.958195165,0.48,0,0,0,0
18.966535769999997,0.48,0,0,0,0
18.974876374999997,-0.48,0,0,0,0
18.983216979999998,-0.48,0,0,0,0
18.991557585,0.48,0,0,1,1
18.99989819,-0.48,0,0,1,1
19.008238794999997,-0.48,0,0,0,0
19.016579399999998,-0.48,0,0,0,0
19.024920005,-0.48,1,0,0,0
19.03326061,0.48,0,1,0,0
19.041601214999996,0.48,1,0,0,0
19.049941819999997,0.48,0,0,0,0
19.058282424999998,-0.48,0,0,0,0
19.06662303,0.48,0,0,1,1
19.074963635,-0.48,0,0,1,1
19.083304239999997,0.48,0,0,1,1
19.091644844999998,0.48,0,0,0,0
19.09998545,0.48,0,0,0,0
19.108326055,0.48,0,0,0,0
19.11666666,0.48,0,0,1,1
19.125007264999997,0.48,0,0,1,1
19.133347869999998,0.48,0,0,1,1
19.141688475,0.48,0,0,1,0
19.15002908,0.48,0,0,0,0
19.158369684999997,-0.48,0,0,1,1
19.166710289999997,-0.48,0,0,1,0
19.175050895,-0.48,0,0,0,0
19.1833915,0.48,1,1,0,0
19.191732105,0.48,0,0,0,0
19.200072709999997,0.48,1,0,0,0
19.208413314999998,-0.48,0,0,0,0
19.21675392,-0.48,0,0,0,1
19.225094525,0.48,0,0,0,0
19.233435129999997,-0.48,1,1,0,0
19.241775734999997,0.48,1,0,0,0
19.250116339999998,-0.48,0,0,0,0
19.258456945,0.48,0,0,0,0
19.26679755,-0.48,0,0,0,0
19.275138154999997,0.48,0,0,0,0
19.283478759999998,0.48,0,0,0,0
19.291819365,-0.48,0,0,0,0
19.30015997,0.48,0,0,0,0
19.308500574999997,-0.48,0,0,1,1
19.316841179999997,0.48,0,0,1,1
19.325181784999998,0.48,0,0,0,0
19.33352239,-0.48,0,0,0,0
19.341862995,-0.48,0,0,0,0
19.350203599999997,0.48,0,0,0,0
19.358544204999998,-0.48,1,1,0,0
19.36688481,-0.48,1,1,0,0
19.375225415,0.48,0,0,0,0
19.383566019999996,-0.48,1,1,0,0
19.391906624999997,-0.48,0,0,0,0
19.400247229999998,-0.48,0,0,0,0
19.408587835,-0.48,1,0,0,0
19.41692844,0.48,0,0,0,0
19.425269044999997,-0.48,1,0,1,0
19.433609649999998,-0.48,0,0,0,0
19.441950255,-0.48,0,0,0,0
19.45029086,-0.48,0,1,0,0
19.458631465,0.48,1,0,0,0
19.466972069999997,0.48,0,0,0,0
19.475312674999998,0.48,0,0,0,0
19.48365328,0.48,0,0,0,0
19.491993885,0.48,0,0,1,1
19.500334489999997,-0.48,0,0,1,1
19.508675094999997,-0.48,0,0,1,1
19.517015699999998,0.48,0,0,1,0
19.525356305,-0.48,0,0,0,0
19.53369691,0.48,0,0,0,0
19.542037514999997,0.48,0,0,0,0
19.550378119999998,0.48,0,0,0,0
19.558718725,0.48,0,0,0,0
19.56705933,0.48,0,0,1,1
19.575399934999997,0.48,0,0,1,1
19.583740539999997,0.48,0,0,1,1
19.592081144999998,0.48,0,0,1,0
19.60042175,0.48,0,0,1,0
19.608762355,-0.48,0,0,1,1
19.617102959999997,0.48,0,0,0,0
19.625443564999998,-0.48,0,0,0,0
19.63378417,-0.48,0,1,0,0
19.642124775,0.48,1,0,0,0
19.650465379999996,0.48,0,1,0,0
19.658805984999997,0.48,1,0,0,0
19.667146589999998,-0.48,0,0,0,0
19.675487195,-0.48,0,0,0,1
19.6838278,-0.48,0,0,0,1
19.692168404999997,0.48,1,1,0,0
19.700509009999998,-0.48,1,0,0,0
19.708849615,0.48,0,0,0,0
19.71719022,0.48,0,0,0,0
19.725530825,-0.48,0,0,0,0
19.733871429999997,-0.48,0,0,0,0
19.742212034999998,-0.48,0,0,1,0
19.75055264,-0.48,0,1,1,0
19.758893245,0.48,1,0,0,0
19.767233849999997,0.48,0,0,0,0
19.775574454999997,0.48,0,0,0,0
19.783915059999998,-0.48,0,0,0,0
19.792255665,-0.48,0,0,1,1
19.80059627,0.48,0,0,1,1
19.808936874999997,0.48,0,0,1,0
19.817277479999998,0.48,0,1,0,0
19.825618085,-0.48,0,0,0,0
19.83395869,-0.48,0,0,1,0
19.842299294999997,0.48,0,0,1,1
19.850639899999997,0.48,0,0,0,0
19.858980504999998,-0.48,0,0,0,0
19.86732111,0.48,0,0,0,0
19.875661715,0.48,0,0,0,0
19.884002319999997,-0.48,0,0,0,0
19.892342924999998,-0.48,0,0,1,0
19.90068353,-0.48,0,0,0,0
19.909024135,-0.48,1,1,0,0
19.917364739999996,-0.48,1,1,0,0
19.925705344999997,-0.48,1,0,0,0
19.934045949999998,0.48,1,0,0,0
19.942386555,0.48,1,1,0,0
19.95072716,-0.48,0,0,0,0
19.959067764999997,-0.48,0,0,0,0
19.967408369999998,0.48,0,0,0,0
19.975748975,-0.48,0,0,1,1
19.98408958,0.48,0,0,0,0
19.992430184999996,0.48,0,0,0,0
20.000770789999997,-0.48,0,0,0,0
20.009111394999998,0.48,0,0,1,0
20.017452,0.48,0,0,1,1
20.025792605,-0.48,0,0,1,1
20.034133209999997,-0.48,0,0,1,0
20.042473814999997,0.48,0,0,1,0
20.05081442,0.48,0,0,0,0
20.059155025,-0.48,0,1,0,0
20.06749563,0.48,0,0,0,0
20.075836234999997,0.48,0,0,0,1
20.084176839999998,-0.48,0,0,0,1
20.092517445,0.48,0,0,0,0
20.10085805,-0.48,0,0,1,1
20.109198654999997,-0.48,0,0,0,0
20.117539259999997,0.48,0,0,0,0
20.125879864999998,0.48,1,1,0,0
20.13422047,0.48,1,0,0,0
20.142561075,-0.48,0,0,0,0
20.150901679999997,-0.48,0,0,0,1
20.159242284999998,-0.48,0,0,1,1
20.16758289,-0.48,0,1,0,0
20.175923495,-0.48,1,1,0,0
20.184264099999996,-0.48,1,0,0,0
20.192604704999997,0.48,0,1,0,0
20.200945309999998,0.48,1,0,0,0
20.209285915,-0.48,0,0,0,0
20.21762652,-0.48,0,0,0,0
20.225967124999997,-0.48,0,0,0,1
20.234307729999998,-0.48,0,0,1,0
20.242648335,0.48,1,1,1,0
20.25098894,-0.48,0,0,0,0
20.259329544999996,-0.48,0,0,0,0
20.267670149999997,-0.48,0,0,0,0
20.276010754999998,-0.48,0,0,0,0
20.28435136,0.48,1,1,0,0
20.292691965,0.48,0,0,0,0
20.301032569999997,0.48,0,0,0,0
20.309373174999998,-0.48,0,0,0,0
20.31771378,0.48,0,0,1,1
20.326054385,0.48,0,0,1,1
20.334394989999996,0.48,0,0,0,0
20.342735594999997,-0.48,0,0,0,0
20.351076199999998,0.48,0,0,1,0
20.359416805,0.48,0,0,1,0
20.36775741,-0.48,0,0,0,0
20.376098014999997,-0.48,0,0,0,0
20.384438619999997,0.48,0,0,0,0
20.392779224999998,0.48,1,0,0,0
20.40111983,0.48,0,0,0,0
20.409460435,0.48,0,0,0,0
20.417801039999997,-0.48,0,0,0,1
20.426141644999998,0.48,0,0,1,1
20.43448225,0.48,0,0,1,1
20.442822855,-0.48,0,0,0,0
20.451163459999997,0.48,0,0,0,0
20.459504064999997,0.48,0,0,0,0
20.467844669999998,-0.48,0,0,0,0
20.476185275,-0.48,0,0,0,0
20.48452588,0.48,0,0,0,0
20.492866484999997,0.48,1,1,0,0
20.501207089999998,-0.48,0,0,0,0
20.509547695,0.48,0,0,0,0
20.5178883,0.48,0,0,0,1
20.526228904999996,0.48,0,0,0,1
20.534569509999997,-0.48,0,0,0,0
20.542910114999998,-0.48,0,0,1,0
20.55125072,0.48,0,0,1,1
20.559591325,-0.48,0,0,0,1
20.567931929999997,-0.48,1,0,0,0
20.576272534999998,-0.48,0,0,0,0
20.58461314,0.48,1,0,0,0
20.592953745,-0.48,0,0,0,0
20.601294349999996,-0.48,0,0,0,0
20.609634954999997,-0.48,0,0,0,0
20.617975559999998,-0.48,1,1,0,0
20.626316165,-0.48,0,0,0,0
20.63465677,-0.48,1,0,0,0
20.642997374999997,0.48,0,0,0,0
20.651337979999997,-0.48,1,1,0,0
20.659678584999998,-0.48,0,0,0,0
20.66801919,0.48,0,0,0,0
20.676359795,-0.48,0,0,0,0
20.684700399999997,-0.48,0,1,0,0
20.693041004999998,0.48,0,0,1,0
20.70138161,-0.48,0,0,1,0
20.709722215,0.48,0,0,0,0
20.718062819999997,0.48,0,0,0,0
20.726403424999997,-0.48,0,0,0,0
20.734744029999998,0.48,0,0,1,1
20.743084635,-0.48,0,0,1,1
20.75142524,0.48,0,0,0,1
20.759765844999997,-0.48,0,0,0,0
20.768106449999998,0.48,0,0,0,0
20.776447055,-0.48,0,0,0,0
20.78478766,0.48,0,0,0,0
20.793128264999996,-0.48,0,0,0,0
20.801468869999997,-0.48,0,0,0,0
20.809809474999998,-0.48,1,0,0,0
20.81815008,-0.48,1,1,0,0
20.826490685,0.48,1,1,0,0
20.834831289999997,0.48,1,0,0,0
20.843171894999998,-0.48,0,0,0,0
20.8515125,0.48,0,0,0,0
20.859853105,-0.48,0,0,0,1
20.868193709999996,-0.48,0,0,1,1
20.876534314999997,0.48,0,0,0,0
20.884874919999998,0.48,0,0,0,0
20.893215525,-0.48,0,0,0,0
20.90155613,-0.48,0,0,0,0
20.909896734999997,-0.48,0,0,1,1
20.918237339999997,-0.48,0,0,0,1
20.926577945,0.48,1,1,0,0
20.93491855,-0.48,0,0,0,0
20.943259154999996,-0.48,1,0,0,0
20.951599759999997,0.48,0,0,0,0
20.959940364999998,-0.48,0,0,0,0
20.96828097,0.48,0,1,0,0
20.976621575,-0.48,0,0,0,0
20.984962179999997,-0.48,0,0,0,0
20.993302784999997,-0.48,0,0,0,0
21.001643389999998,0.48,0,0,1,0
21.009983995,0.48,1,1,0,0
21.0183246,-0.48,0,0,0,0
21.026665204999997,-0.48,0,0,0,0
21.035005809999998,-0.48,0,0,1,1
21.043346415,0.48,0,0,1,1
21.05168702,0.48,1,1,0,0
21.060027624999996,0.48,0,0,0,0
21.068368229999997,0.48,0,0,0,0
21.076708834999998,-0.48,0,0,1,1
21.08504944,-0.48,0,0,1,1
21.093390045,-0.48,0,0,1,1
21.101730649999997,0.48,0,1,0,0
21.110071254999998,-0.48,1,0,0,0
21.11841186,-0.48,0,0,0,0
21.126752465,0.48,0,0,0,0
21.135093069999996,-0.48,1,0,0,0
21.143433674999997,-0.48,0,1,0,0
21.151774279999998,0.48,1,0,0,0
21.160114885,-0.48,0,0,0,0
21.16845549,-0.48,0,1,0,0
21.176796094999997,-0.48,0,0,0,0
21.185136699999997,0.48,0,0,0,0
21.193477305,-0.48,1,1,1,0
21.20181791,-0.48,0,0,0,0
21.210158514999996,-0.48,0,0,0,0
21.218499119999997,0.48,0,0,0,0
21.226839724999998,0.48,1,1,1,0
21.23518033,0.48,0,0,0,0
21.243520935,-0.48,0,0,0,0
21.251861539999997,0.48,0,0,1,1
21.260202144999997,0.48,0,0,1,1
21.268542749999998,-0.48,0,0,0,0
21.276883355,0.48,0,0,1,0
21.28522396,0.48,0,0,1,0
21.293564564999997,0.48,0,0,1,0
21.301905169999998,-0.48,0,0,0,0
21.310245775,0.48,0,0,1,1
21.31858638,-0.48,0,0,1,1
21.326926984999997,-0.48,0,0,0,0
21.335267589999997,0.48,0,0,0,0
21.343608194999998,-0.48,1,1,0,0
21.3519488,-0.48,0,0,0,0
21.360289405,0.48,1,0,0,0
21.368630009999997,0.48,1,1,0,0
21.376970614999998,0.48,0,0,0,0
21.38531122,-0.48,0,0,0,0
21.393651825,-0.48,0,0,1,1
21.401992429999996,0.48,0,0,1,1
21.410333034999997,-0.48,0,0,0,0
21.418673639999998,0.48,0,0,0,0
21.427014245,-0.48,0,0,0,0
21.43535485,0.48,0,0,0,0
21.443695454999997,-0.48,0,0,0,0
21.452036059999998,-0.48,0,0,0,0
21.460376665,-0.48,0,1,0,0
21.46871727,0.48,1,1,0,0
21.477057874999996,-0.48,1,0,0,0
21.485398479999997,-0.48,0,0,0,0
21.493739084999998,0.48,0,0,0,0
21.50207969,0.48,0,0,0,0
21.510420295,-0.48,1,1,0,0
21.518760899999997,-0.48,0,0,0,0
21.527101504999997,-0.48,0,0,1,1
21.535442109999998,-0.48,0,0,1,1
21.543782715,-0.48,1,0,0,0
21.552123319999996,0.48,0,0,0,0
21.560463924999997,-0.48,1,0,0,0
21.568804529999998,0.48,0,0,0,0
21.577145135,-0.48,0,0,0,0
21.58548574,0.48,0,0,0,0
21.593826344999997,-0.48,0,0,1,0
21.602166949999997,-0.48,0,0,1,0
21.610507554999998,-0.48,0,0,1,0
21.61884816,-0.48,0,0,0,0
21.627188765,0.48,1,1,0,0
21.635529369999997,0.48,0,0,0,0
21.643869974999998,0.48,0,0,0,0
21.65221058,-0.48,0,0,0,0
21.660551185,0.48,0,0,1,1
21.668891789999996,-0.48,0,0,1,1
21.677232394999997,-0.48,0,0,1,0
21.685572999999998,0.48,0,0,0,0
21.693913605,-0.48,0,0,0,0
21.70225421,0.48,0,1,0,0
21.710594814999997,0.48,0,0,0,0
21.718935419999998,0.48,0,0,0,0
21.727276025,-0.48,0,0,0,0
21.73561663,0.48,0,0,1,1
21.743957234999996,0.48,0,0,1,1
21.752297839999997,-0.48,0,0,0,0
21.760638444999998,-0.48,0,0,0,0
21.76897905,-0.48,0,0,0,0
21.777319655,-0.48,1,1,0,0
21.785660259999997,-0.48,1,1,0,0
21.794000864999997,0.48,1,1,0,0
21.80234147,0.48,0,0,0,0
21.810682075,-0.48,1,0,0,0
21.819022679999996,0.48,0,0,0,0
21.827363284999997,-0.48,0,0,0,1
21.835703889999998,-0.48,0,0,0,0
21.844044495,0.48,0,0,1,0
21.8523851,0.48,0,1,0,0
21.860725704999997,-0.48,0,0,0,0
21.869066309999997,0.48,0,0,0,0
21.877406914999998,0.48,0,0,1,0
21.88574752,0.48,0,0,1,1
21.894088124999996,-0.48,0,0,1,0
21.902428729999997,-0.48,0,0,1,1
21.910769334999998,-0.48,0,0,1,1
21.91910994,-0.48,0,1,0,0
21.927450545,0.48,1,0,0,0
21.935791149999996,-0.48,1,1,0,0
21.944131754999997,0.48,1,0,0,0
21.952472359999998,-0.48,1,0,0,0
21.960812965,0.48,0,0,0,0
21.96915357,0.48,0,0,0,0
21.977494174999997,-0.48,0,0,0,0
21.985834779999998,0.48,0,0,1,0
21.994175385,0.48,0,0,1,1
22.00251599,0.48,0,0,1,1
22.010856594999996,0.48,0,0,0,0
22.019197199999997,0.48,0,0,1,1
22.027537804999998,0.48,0,0,1,1
22.03587841,-0.48,0,0,1,1
22.044219015,-0.48,0,0,1,0
22.052559619999997,0.48,0,0,0,0
22.060900224999997,-0.48,1,0,0,0
22.06924083,-0.48,0,0,0,0
22.077581435,0.48,1,0,0,0
22.085922039999996,-0.48,1,1,0,0
22.094262644999997,-0.48,0,0,0,0
22.102603249999998,0.48,1,0,0,0
22.110943855,0.48,1,0,0,0
22.11928446,0.48,0,0,0,0
22.127625064999997,-0.48,0,0,0,0
22.135965669999997,0.48,0,0,1,1
22.144306274999998,0.48,0,0,1,1
22.15264688,-0.48,0,0,0,0
22.160987484999996,-0.48,0,0,0,0
22.169328089999997,-0.48,0,0,1,0
22.177668694999998,-0.48,0,0,0,0
22.1860093,-0.48,1,1,0,0
22.194349905,0.48,1,1,0,0
22.202690509999996,0.48,1,0,0,0
22.211031114999997,0.48,0,0,0,0
22.219371719999998,-0.48,0,0,0,0
22.227712325,-0.48,0,0,1,1
22.23605293,-0.48,0,0,1,1
22.244393534999997,-0.48,0,0,1,1
22.252734139999998,0.48,1,1,0,0
22.261074745,0.48,0,0,0,0
22.26941535,-0.48,0,0,0,0
22.277755954999996,0.48,0,0,0,0
22.286096559999997,-0.48,0,0,0,1
22.294437164999998,-0.48,0,0,1,0
22.30277777,0.48,0,0,0,0
22.311118375,0.48,0,0,0,0
22.319458979999997,0.48,0,0,0,0
22.327799584999998,-0.48,0,0,0,0
22.33614019,-0.48,0,0,1,0
22.344480795,-0.48,0,0,1,1
22.352821399999996,0.48,0,1,0,0
22.361162004999997,0.48,1,0,0,0
22.369502609999998,-0.48,0,0,0,0
22.377843215,0.48,0,0,0,0
22.38618382,0.48,0,0,0,1
22.394524424999997,-0.48,0,0,1,1
22.402865029999997,0.48,0,0,1,0
22.411205634999998,-0.48,0,0,0,0
22.41954624,0.48,0,0,1,0
22.427886844999996,-0.48,0,0,0,0
22.436227449999997,0.48,0,0,0,0
22.444568054999998,-0.48,0,0,0,0
22.45290866,-0.48,0,0,0,0
22.461249265,-0.48,1,0,0,0
22.469589869999997,-0.48,1,1,0,0
22.477930474999997,-0.48,1,0,0,0
22.486271079999998,0.48,1,0,0,0
22.494611685,-0.48,1,0,0,0
22.502952289999996,0.48,0,0,0,0
22.511292894999997,-0.48,0,0,0,0
22.519633499999998,-0.48,0,0,0,0
22.527974105,0.48,0,0,0,0
22.53631471,0.48,0,0,1,0
22.544655314999996,0.48,0,1,0,0
22.552995919999997,-0.48,0,0,1,0
22.561336524999998,-0.48,0,0,1,1
22.56967713,-0.48,0,0,1,1
22.578017735,-0.48,0,0,0,0
22.586358339999997,0.48,1,1,0,0
22.594698944999998,0.48,1,0,0,0
22.60303955,-0.48,0,0,0,0
22.611380155,-0.48,0,0,0,0
22.619720759999996,0.48,0,0,0,0
22.628061364999997,0.48,0,0,0,1
22.636401969999998,-0.48,0,0,0,0
22.644742575,0.48,0,0,0,0
22.65308318,0.48,0,0,1,1
22.661423784999997,0.48,0,0,1,1
22.669764389999997,0.48,0,0,0,0
22.678104994999998,-0.48,0,0,1,1
22.6864456,0.48,0,0,1,1
22.694786204999996,-0.48,0,0,1,1
22.703126809999997,-0.48,0,0,0,0
22.711467414999998,-0.48,0,0,0,0
22.71980802,0.48,1,1,0,0
22.728148625,-0.48,1,0,0,0
22.736489229999997,0.48,1,0,0,0
22.744829834999997,0.48,0,0,0,0
22.753170439999998,-0.48,0,0,0,0
22.761511045,0.48,0,0,0,0
22.769851649999996,0.48,0,0,0,0
22.778192254999997,0.48,0,0,1,0
22.786532859999998,-0.48,0,0,0,0
22.794873465,0.48,0,0,1,1
22.80321407,0.48,0,0,1,1
22.811554674999996,0.48,0,0,1,0
22.819895279999997,0.48,0,0,0,0
22.828235884999998,-0.48,0,0,0,1
22.83657649,-0.48,0,0,1,1
22.844917095,0.48,0,0,1,0
22.853257699999997,-0.48,1,0,0,0
22.861598304999998,0.48,0,0,0,0
22.86993891,-0.48,0,0,0,0
22.878279515,0.48,1,1,0,0
22.886620119999996,0.48,0,0,0,0
22.894960724999997,-0.48,0,0,0,0
22.903301329999998,0.48,0,0,0,0
22.911641935,-0.48,0,0,0,0
22.91998254,0.48,0,0,0,0
22.928323144999997,-0.48,0,0,0,0
22.936663749999997,0.48,0,0,0,0
22.945004355,-0.48,0,1,0,0
22.95334496,0.48,0,0,1,0
22.961685564999996,-0.48,0,0,0,0
22.970026169999997,-0.48,0,0,0,0
22.978366774999998,-0.48,0,0,0,0
22.98670738,0.48,1,1,0,0
22.995047985,0.48,1,0,0,0
23.003388589999997,0.48,0,0,0,0
23.011729194999997,-0.48,0,0,0,0
23.020069799999998,0.48,0,0,1,1
23.028410405,0.48,0,0,1,1
23.036751009999996,0.48,0,0,1,0
23.045091614999997,-0.48,0,0,0,0
23.053432219999998,0.48,0,0,1,1
23.061772825,-0.48,0,0,1,1
23.07011343,-0.48,0,0,0,0
23.078454034999996,-0.48,0,0,0,0
23.086794639999997,-0.48,1,1,0,0
23.095135244999998,-0.48,1,0,0,0
23.10347585,0.48,1,0,0,0
23.111816454999996,0.48,1,0,0,0
23.120157059999997,0.48,0,0,0,0
23.128497664999998,0.48,0,0,0,0
23.13683827,-0.48,0,0,1,1
23.145178875,-0.48,0,0,1,1
23.153519479999996,0.48,0,0,1,1
23.161860084999997,0.48,0,0,1,0
23.170200689999998,-0.48,0,0,0,0
23.178541295,0.48,0,0,0,0
23.1868819,0.48,0,0,0,0
23.195222504999997,0.48,0,0,1,0
23.203563109999997,-0.48,0,0,0,0
23.211903715,0.48,0,0,1,0
23.22024432,-0.48,0,0,1,1
23.228584924999996,0.48,0,0,0,0
23.236925529999997,-0.48,0,0,0,0
23.245266134999998,0.48,0,0,0,0
23.25360674,0.48,0,0,0,0
23.261947345,0.48,0,0,0,0
23.270287949999997,-0.48,0,0,0,0
23.278628554999997,0.48,0,0,0,1
23.286969159999998,0.48,0,0,1,1
23.295309765,0.48,0,0,0,0
23.303650369999996,-0.48,0,0,0,0
23.311990974999997,0.48,0,0,0,0
23.320331579999998,-0.48,0,0,1,1
23.328672185,0.48,0,0,1,0
23.33701279,-0.48,0,0,0,0
23.345353394999997,-0.48,0,1,0,0
23.353693999999997,-0.48,1,0,0,0
23.362034604999998,-0.48,1,1,0,0
23.37037521,-0.48,1,0,0,0
23.378715814999996,0.48,1,1,0,0
23.387056419999997,0.48,0,0,0,0
23.395397024999998,0.48,0,0,0,0
23.40373763,-0.48,0,0,0,0
23.412078235,-0.48,0,0,1,1
23.420418839999996,-0.48,0,0,1,1
23.428759444999997,-0.48,0,0,1,0
23.437100049999998,0.48,1,0,0,0
23.445440655,-0.48,0,1,0,0
23.45378126,-0.48,1,0,0,0
23.462121864999997,-0.48,0,0,0,0
23.470462469999998,0.48,0,1,0,0
23.478803075,-0.48,0,0,0,0
23.48714368,-0.48,0,0,0,0
23.495484284999996,0.48,0,0,0,0
23.503824889999997,-0.48,0,0,0,0
23.512165494999998,0.48,0,0,0,0
23.5205061,0.48,0,0,0,0
23.528846705,-0.48,0,0,0,0
23.537187309999997,-0.48,0,0,1,1
23.545527914999997,-0.48,0,0,1,1
23.553868519999998,0.48,0,0,1,0
23.562209125,0.48,1,1,0,0
23.570549729999996,-0.48,1,0,0,0
23.578890334999997,-0.48,0,0,0,0
23.587230939999998,0.48,0,0,1,1
23.595571545,0.48,0,0,1,0
23.60391215,-0.48,0,0,0,0
23.612252754999997,0.48,0,0,0,0
23.620593359999997,-0.48,0,0,0,0
23.628933964999998,-0.48,0,0,1,1
23.63727457,0.48,0,0,1,1
23.645615174999996,0.48,0,1,0,0
23.653955779999997,-0.48,1,0,0,0
23.662296384999998,-0.48,0,0,0,0
23.67063699,0.48,0,0,0,1
23.678977595,0.48,0,0,0,0
23.687318199999996,-0.48,0,1,0,0
23.695658804999997,-0.48,0,0,0,0
23.703999409999998,-0.48,0,0,0,0
23.712340015,0.48,0,0,1,0
23.720680619999996,-0.48,1,1,0,0
23.729021224999997,0.48,0,0,0,0
23.737361829999998,0.48,0,0,0,0
23.745702435,-0.48,0,0,0,0
23.75404304,-0.48,0,0,1,0
23.762383644999996,0.48,0,0,1,1
23.770724249999997,-0.48,0,0,0,1
23.779064854999998,-0.48,0,1,0,0
23.78740546,-0.48,0,0,0,0
23.795746065,-0.48,1,1,0,0
23.804086669999997,-0.48,1,0,0,0
23.812427274999997,0.48,1,0,0,0
23.82076788,0.48,0,0,0,0
23.829108485,0.48,0,0,0,0
23.837449089999996,-0.48,0,0,0,0
23.845789694999997,-0.48,0,0,1,1
23.854130299999998,-0.48,0,0,1,1
23.862470905,-0.48,0,0,0,1
23.87081151,-0.48,1,1,0,0
23.879152114999997,0.48,0,1,0,0
23.887492719999997,0.48,1,0,0,0
23.895833324999998,-0.48,0,0,0,0
23.90417393,-0.48,0,0,0,0
23.912514534999996,-0.48,0,0,0,1
23.920855139999997,0.48,0,0,1,1
23.929195744999998,-0.48,0,1,0,0
23.93753635,0.48,1,0,0,0
23.945876955,-0.48,0,0,0,0
23.954217559999996,0.48,0,0,0,0
23.962558164999997,0.48,0,0,0,0
23.970898769999998,0.48,0,0,1,0
23.979239375,0.48,0,0,1,0
23.987579979999996,-0.48,0,0,1,1
23.995920584999997,0.48,0,0,1,1
24.004261189999998,0.48,0,0,1,0
24.012601795,0.48,0,0,0,0
24.0209424,0.48,0,0,0,0
24.029283004999996,0.48,0,0,1,0
24.037623609999997,-0.48,0,0,1,1
24.045964214999998,0.48,0,0,1,1
24.05430482,-0.48,0,0,0,0
24.062645424999996,-0.48,0,0,0,0
24.070986029999997,0.48,1,0,0,0
24.079326634999997,0.48,1,1,0,0
24.08766724,-0.48,0,0,0,0
24.096007845,0.48,0,0,0,0
24.104348449999996,0.48,0,0,0,0
24.112689054999997,0.48,0,0,0,1
24.121029659999998,0.48,0,0,0,0
24.129370265,0.48,0,0,1,1
24.13771087,0.48,0,0,1,1
24.146051474999997,-0.48,0,0,1,1
24.154392079999997,0.48,0,0,1,1
24.162732684999998,0.48,0,0,0,0
24.17107329,-0.48,0,0,0,0
24.179413894999996,0.48,0,0,0,0
24.187754499999997,-0.48,0,0,0,0
24.196095104999998,-0.48,0,0,0,0
24.20443571,0.48,1,1,0,0
24.212776315,0.48,1,0,0,0
24.221116919999996,0.48,0,1,0,0
24.229457524999997,0.48,0,0,0,0
24.237798129999998,0.48,0,0,0,1
24.246138735,0.48,0,0,1,1
24.254479339999996,-0.48,0,0,1,1
24.262819944999997,-0.48,0,0,1,0
24.271160549999998,0.48,0,0,0,0
24.279501155,0.48,0,1,0,0
24.28784176,-0.48,1,0,0,0
24.296182364999996,-0.48,0,0,0,0
24.304522969999997,0.48,0,0,0,0
24.312863574999998,-0.48,1,1,0,0
24.32120418,0.48,0,0,0,0
24.329544784999996,-0.48,1,0,0,0
24.337885389999997,-0.48,0,0,0,0
24.346225994999998,-0.48,0,0,0,0
24.3545666,0.48,0,1,0,0
24.362907205,0.48,1,0,0,0
24.371247809999996,-0.48,0,1,0,0
24.379588414999997,-0.48,0,0,0,0
24.387929019999998,0.48,0,0,1,1
24.396269625,0.48,0,0,0,1
24.40461023,0.48,0,1,0,0
24.412950834999997,-0.48,0,0,0,0
24.421291439999997,-0.48,0,0,1,1
24.429632044999998,-0.48,0,0,1,1
24.43797265,0.48,0,0,0,0
24.446313254999996,0.48,0,1,0,0
24.454653859999997,-0.48,0,0,0,0
24.462994464999998,-0.48,0,0,0,0
24.47133507,-0.48,0,0,0,0
24.479675675,0.48,1,0,0,1
24.488016279999997,0.48,1,1,0,0
24.496356884999997,-0.48,0,0,0,0
24.504697489999998,-0.48,0,0,0,0
24.513038095,-0.48,0,0,0,0
24.521378699999996,-0.48,0,0,1,1
24.529719304999997,0.48,1,1,0,0
24.538059909999998,-0.48,1,0,0,0
24.546400515,0.48,0,0,0,0
24.55474112,0.48,0,0,0,0
24.563081724999996,-0.48,0,0,0,0
24.571422329999997,-0.48,0,0,1,0
24.579762934999998,-0.48,0,0,1,1
24.58810354,0.48,0,0,1,0
24.596444144999996,0.48,0,1,0,0
24.604784749999997,0.48,0,0,0,0
24.613125354999998,0.48,0,0,0,0
24.62146596,-0.48,0,0,1,1
24.629806565,-0.48,0,0,1,1
24.638147169999996,0.48,0,0,1,1
24.646487774999997,-0.48,0,0,0,0
24.654828379999998,-0.48,1,1,0,0
24.663168985,-0.48,0,0,0,0
24.671509589999996,0.48,1,1,0,0
24.679850194999997,0.48,1,1,0,0
24.688190799999997,0.48,0,0,0,0
24.696531404999998,-0.48,0,0,0,0
24.70487201,0.48,0,0,0,1
24.713212614999996,0.48,0,0,1,1
24.721553219999997,0.48,0,0,1,0
24.729893824999998,-0.48,0,0,0,0
24.73823443,0.48,0,0,0,1
24.746575035,0.48,0,0,1,1
24.754915639999997,-0.48,0,0,0,0
24.763256244999997,0.48,0,0,0,0
24.771596849999998,-0.48,0,0,0,0
24.779937455,-0.48,0,0,0,0
24.788278059999996,0.48,0,1,0,0
24.796618664999997,-0.48,1,1,0,0
24.804959269999998,0.48,0,0,0,0
24.813299875,-0.48,0,0,0,0
24.82164048,-0.48,0,0,0,0
24.829981084999996,-0.48,0,0,0,0
24.838321689999997,0.48,1,1,0,0
24.846662294999998,0.48,0,0,0,0
24.8550029,-0.48,0,0,0,0
24.863343504999996,-0.48,0,0,0,0
24.871684109999997,0.48,0,0,0,0
24.880024714999998,0.48,0,0,1,1
24.88836532,-0.48,0,1,1,0
24.896705925,-0.48,0,0,0,0
24.905046529999996,0.48,0,0,1,0
24.913387134999997,-0.48,0,0,1,0
24.921727739999998,0.48,0,0,0,0
24.930068345,-0.48,0,0,0,0
24.938408949999996,0.48,0,1,0,0
24.946749554999997,-0.48,0,0,0,0
24.955090159999997,-0.48,0,0,0,0
24.963430765,-0.48,0,0,0,0
24.97177137,0.48,1,0,0,0
24.980111974999996,0.48,1,0,0,0
24.988452579999997,-0.48,0,0,0,0
24.996793184999998,-0.48,0,0,0,0
25.00513379,-0.48,0,0,1,1
25.013474395,0.48,0,0,1,1
25.021814999999997,0.48,1,1,0,0
25.030155604999997,-0.48,0,0,0,0
25.038496209999998,-0.48,0,0,0,0
25.046836815,0.48,0,0,1,1
25.055177419999996,0.48,0,0,1,1
25.063518024999997,-0.48,0,0,0,0
25.071858629999998,-0.48,0,0,0,0
25.080199235,-0.48,0,0,1,0
25.08853984,0.48,0,0,1,0
25.096880444999996,0.48,1,1,0,0
25.105221049999997,0.48,0,0,0,0
25.113561654999998,-0.48,0,0,0,0
25.12190226,-0.48,0,0,0,1
25.130242864999996,0.48,0,0,1,1
25.138583469999997,0.48,0,0,0,1
25.146924074999998,-0.48,0,0,0,0
25.15526468,-0.48,0,0,0,0
25.163605285,-0.48,0,0,0,0
25.171945889999996,-0.48,0,0,0,0
25.180286494999997,0.48,1,1,0,0
25.188627099999998,0.48,1,0,0,0
25.196967705,-0.48,0,0,0,0
25.205308309999996,0.48,0,0,0,0
25.213648914999997,-0.48,0,0,1,1
25.221989519999997,0.48,0,0,1,1
25.230330125,0.48,0,0,0,0
25.23867073,-0.48,0,0,0,0
25.247011334999996,0.48,0,0,0,0
25.255351939999997,-0.48,0,0,1,0
25.263692544999998,0.48,0,0,0,1
25.27203315,0.48,0,0,0,0
25.280373754999996,-0.48,0,0,0,0
25.288714359999997,0.48,0,0,0,0
25.297054964999997,0.48,0,0,1,0
25.305395569999998,0.48,0,0,0,0
25.313736175,-0.48,0,0,1,0
25.322076779999996,0.48,0,0,1,1
25.330417384999997,-0.48,0,0,0,1
25.338757989999998,0.48,0,0,0,0
25.347098595,0.48,0,0,0,0
25.3554392,0.48,0,0,0,0
25.363779804999997,-0.48,0,0,0,0
25.372120409999997,-0.48,0,0,0,1
25.380461014999998,0.48,0,0,1,1
25.38880162,0.48,1,1,0,0
25.397142224999996,-0.48,1,0,0,0
25.405482829999997,0.48,0,0,0,0
25.413823434999998,-0.48,0,0,0,0
25.42216404,-0.48,0,0,0,0
25.430504645,0.48,0,1,0,0
25.438845249999996,-0.48,1,1,0,0
25.447185854999997,0.48,0,0,0,0
25.455526459999998,-0.48,0,0,0,0
25.463867065,-0.48,0,0,0,0
25.472207669999996,0.48,1,0,0,0
25.480548274999997,-0.48,1,1,0,0
25.488888879999998,0.48,0,0,0,0
25.497229485,-0.48,0,0,0,0
25.50557009,-0.48,0,0,0,0
25.513910694999996,-0.48,0,0,1,0
25.522251299999997,0.48,0,1,0,0
25.530591904999998,0.48,0,0,0,0
25.53893251,0.48,0,0,0,0
25.547273114999996,0.48,0,0,0,0
25.555613719999997,-0.48,0,0,1,1
25.563954324999997,0.48,0,0,1,1
25.572294929999998,0.48,0,0,1,1
25.580635535,-0.48,0,0,0,0
25.588976139999996,0.48,0,0,0,0
25.597316744999997,0.48,0,0,1,0
25.605657349999998,0.48,0,0,1,1
25.613997955,0.48,0,0,0,0
25.622338559999996,0.48,0,0,1,1
25.630679164999997,-0.48,0,0,1,1
25.639019769999997,-0.48,0,0,1,0
25.647360374999998,0.48,0,0,0,0
25.65570098,0.48,1,1,0,0
25.664041584999996,0.48,0,0,0,0
25.672382189999997,0.48,0,0,0,0
25.680722794999998,0.48,0,0,0,0
25.6890634,0.48,0,0,1,1
25.697404005,0.48,0,0,1,1
25.705744609999996,-0.48,0,0,0,0
25.714085214999997,-0.48,0,0,1,0
25.722425819999998,0.48,0,0,1,1
25.730766425,-0.48,0,1,0,0
25.739107029999996,-0.48,0,1,0,0
25.747447634999997,0.48,1,0,0,0
25.755788239999998,-0.48,0,1,0,0
25.764128845,0.48,1,0,0,0
25.77246945,0.48,1,0,0,0
25.780810054999996,0.48,0,0,0,0
25.789150659999997,-0.48,0,0,0,0
25.797491264999998,-0.48,0,0,1,1
25.80583187,-0.48,0,0,1,1
25.814172474999996,0.48,0,0,0,0
25.822513079999997,-0.48,1,0,0,0
25.830853684999997,0.48,0,0,0,0
25.83919429,-0.48,1,0,0,0
25.847534895,-0.48,0,0,0,0
25.855875499999996,0.48,0,0,0,0
25.864216104999997,-0.48,1,1,1,0
25.872556709999998,-0.48,0,0,0,0
25.880897315,0.48,0,0,0,0
25.889237919999996,-0.48,0,1,0,0
25.897578524999997,-0.48,1,0,0,0
25.905919129999997,0.48,0,0,0,0
25.914259734999998,0.48,0,0,0,0
25.92260034,-0.48,0,1,0,0
25.930940944999996,-0.48,0,0,0,0
25.939281549999997,0.48,0,0,1,0
25.947622154999998,-0.48,0,0,1,1
25.95596276,-0.48,0,1,0,0
25.964303365,-0.48,0,0,0,0
25.972643969999996,-0.48,1,0,0,0
25.980984574999997,0.48,1,1,0,0
25.989325179999998,-0.48,0,0,0,0
25.997665785,0.48,1,0,0,0
26.006006389999996,0.48,0,0,0,0
26.014346994999997,-0.48,0,0,0,0
26.022687599999998,-0.48,0,0,1,1
26.031028205,0.48,0,0,1,1
26.03936881,0.48,0,0,1,1
26.047709414999996,0.48,0,0,0,0
26.056050019999997,-0.48,0,0,0,0
26.064390624999998,0.48,0,0,1,1
26.07273123,0.48,0,0,1,1
26.081071834999996,-0.48,0,0,0,0
26.089412439999997,0.48,0,0,0,0
26.097753044999997,-0.48,0,0,1,0
26.10609365,0.48,0,0,1,0
26.114434255,-0.48,0,0,0,0
26.122774859999996,-0.48,0,0,0,0
26.131115464999997,0.48,1,0,0,0
26.139456069999998,0.48,1,1,0,0
26.147796675,-0.48,0,0,0,0
26.156137279999996,0.48,0,0,0,0
26.164477884999997,0.48,0,0,1,1
26.172818489999997,0.48,0,0,0,1
26.181159094999998,-0.48,0,0,0,0
26.1894997,-0.48,0,0,1,1
26.197840304999996,0.48,0,0,1,1
26.206180909999997,-0.48,0,0,0,0
26.214521514999998,-0.48,0,1,0,0
26.22286212,0.48,0,0,0,0
26.231202724999996,-0.48,1,1,0,0
26.239543329999997,0.48,0,1,0,0
26.247883934999997,-0.48,0,0,0,0
26.256224539999998,-0.48,0,0,0,0
26.264565145,-0.48,0,0,0,0
26.272905749999996,-0.48,1,1,0,0
26.281246354999997,-0.48,1,0,0,0
26.289586959999998,-0.48,1,0,0,0
26.297927565,0.48,0,1,0,0
26.30626817,0.48,1,0,0,0
26.314608774999996,-0.48,0,0,0,0
26.322949379999997,0.48,0,0,0,0
26.331289984999998,-0.48,0,0,1,1
26.33963059,0.48,0,0,1,1
26.347971194999996,0.48,0,0,1,0
26.356311799999997,0.48,0,0,0,0
26.364652404999998,0.48,0,0,0,0
26.37299301,0.48,0,0,1,1
26.381333615,-0.48,0,0,1,1
26.389674219999996,0.48,0,0,1,0
26.398014824999997,-0.48,0,0,0,0
26.406355429999998,0.48,0,0,0,0
26.414696035,0.48,0,0,0,0
26.423036639999996,0.48,0,0,0,0
26.431377244999997,-0.48,0,0,0,0
26.439717849999997,-0.48,0,0,0,1
26.448058454999998,0.48,0,0,1,1
26.45639906,-0.48,1,0,0,0
26.464739664999996,0.48,0,0,0,0
26.473080269999997,-0.48,0,0,0,0
26.481420874999998,-0.48,1,1,0,0
26.48976148,0.48,1,0,0,0
26.498102084999996,0.48,1,1,0,0
26.506442689999997,-0.48,0,0,0,0
26.514783294999997,0.48,0,0,0,0
26.523123899999998,0.48,0,0,0,1
26.531464505,-0.48,0,0,1,1
26.539805109999996,-0.48,0,0,1,0
26.548145714999997,-0.48,0,0,0,0
26.556486319999998,0.48,0,0,0,0
26.564826925,0.48,1,1,0,0
26.57316753,0.48,0,0,0,0
26.581508134999996,0.48,0,0,0,0
26.589848739999997,0.48,0,0,0,1
26.598189344999998,0.48,0,0,1,1
26.60652995,0.48,0,0,1,1
26.614870554999996,-0.48,0,0,0,0
26.623211159999997,0.48,0,0,1,0
26.631551764999998,0.48,0,0,0,0
26.63989237,-0.48,0,0,0,0
26.648232975,-0.48,0,0,0,0
26.656573579999996,-0.48,0,0,0,0
26.664914184999997,0.48,1,1,0,0
26.673254789999998,-0.48,0,1,0,0
26.681595395,0.48,1,0,0,0
26.689935999999996,-0.48,0,0,0,0
26.698276604999997,-0.48,0,0,0,0
26.706617209999997,-0.48,1,0,0,0
26.714957814999998,-0.48,1,1,0,0
26.72329842,-0.48,1,0,0,0
26.731639024999996,0.48,0,0,0,0
26.739979629999997,-0.48,1,0,0,0
26.748320234999998,-0.48,0,0,0,0
26.75666084,0.48,0,0,0,0
26.765001444999996,-0.48,0,0,0,0
26.773342049999997,0.48,0,1,0,0
26.781682654999997,-0.48,0,0,0,0
26.790023259999998,-0.48,0,0,0,0
26.798363865,-0.48,0,0,1,0
26.806704469999996,-0.48,0,0,1,0
26.815045074999997,0.48,1,1,1,0
26.823385679999998,-0.48,0,0,0,0
26.831726285,0.48,0,0,0,0
26.840066889999996,0.48,0,0,0,0
26.848407494999996,-0.48,0,0,0,0
26.856748099999997,-0.48,0,0,1,1
26.865088704999998,-0.48,0,0,1,1
26.87342931,0.48,0,0,0,0
26.881769914999996,-0.48,0,1,0,0
26.890110519999997,-0.48,1,0,0,0
26.898451124999998,-0.48,0,0,0,0
26.90679173,0.48,1,0,0,0
26.915132335,0.48,1,1,0,0
26.923472939999996,0.48,0,0,0,0
26.931813544999997,0.48,0,0,0,0
26.940154149999998,0.48,0,0,1,1
26.948494755,-0.48,0,0,1,1
26.956835359999996,0.48,0,0,1,0
26.965175964999997,-0.48,0,0,1,0
26.973516569999997,-0.48,0,0,0,0
26.981857175,0.48,0,0,0,0
26.99019778,-0.48,0,0,0,0
26.998538384999996,-0.48,1,1,0,0
27.006878989999997,0.48,1,0,0,0
27.015219594999998,0.48,1,1,0,0
27.0235602,0.48,1,0,0,0
27.031900804999996,-0.48,0,0,0,0
27.040241409999997,-0.48,0,0,0,1
27.048582014999997,0.48,0,0,1,1
27.056922619999998,0.48,0,0,1,0
27.065263225,-0.48,0,0,0,0
27.073603829999996,0.48,0,0,0,0
27.081944434999997,-0.48,0,0,0,0
27.090285039999998,-0.48,0,0,1,1
27.098625645,-0.48,0,0,0,0
27.106966249999996,0.48,1,1,0,0
27.115306854999996,0.48,1,0,0,0
27.123647459999997,0.48,0,0,0,0
27.131988064999998,0.48,0,0,0,0
27.14032867,-0.48,0,0,0,1
27.148669274999996,0.48,0,0,1,1
27.157009879999997,-0.48,0,0,1,1
27.165350484999998,0.48,0,0,1,0
27.17369109,0.48,0,0,0,0
27.182031695,0.48,0,0,0,0
27.190372299999996,0.48,0,0,0,0
27.198712904999997,-0.48,0,0,1,1
27.207053509999998,-0.48,0,0,1,1
27.215394115,0.48,0,0,0,1
27.223734719999996,0.48,0,1,0,0
27.232075324999997,0.48,1,0,0,0
27.240415929999998,0.48,0,0,0,0
27.248756535,-0.48,0,0,0,0
27.25709714,0.48,0,0,1,1
27.265437744999996,-0.48,0,0,0,0
27.273778349999997,-0.48,0,0,0,0
27.282118954999998,0.48,0,0,0,0
27.29045956,-0.48,1,1,0,0
27.298800164999996,-0.48,0,0,0,0
27.307140769999997,-0.48,1,1,0,0
27.315481374999997,0.48,1,1,0,0
27.323821979999998,-0.48,1,0,0,0
27.332162585,0.48,0,0,0,0
27.340503189999996,0.48,0,0,0,0
27.348843794999997,0.48,0,0,0,0
27.357184399999998,0.48,0,0,1,0
27.365525005,-0.48,0,0,1,1
27.373865609999996,-0.48,0,0,1,1
27.382206214999997,0.48,0,0,1,1
27.390546819999997,-0.48,0,0,0,0
27.398887424999998,-0.48,0,1,0,0
27.40722803,0.48,0,0,0,0
27.415568634999996,-0.48,0,1,0,0
27.423909239999997,-0.48,0,0,0,0
27.432249844999998,-0.48,1,0,0,0
27.44059045,0.48,1,1,0,0
27.448931054999996,0.48,1,1,0,0
27.457271659999996,0.48,0,0,0,0
27.465612264999997,0.48,0,0,0,0
27.473952869999998,0.48,0,0,1,1
27.482293475,-0.48,0,0,1,1
27.490634079999996,-0.48,0,0,1,1
27.498974684999997,-0.48,0,0,1,0
27.507315289999998,0.48,0,0,0,0
27.515655895,-0.48,1,0,0,0
27.5239965,-0.48,0,0,0,0
27.532337104999996,-0.48,0,0,0,0
27.540677709999997,-0.48,1,1,0,0
27.549018314999998,-0.48,0,0,0,0
27.55735892,-0.48,1,0,0,0
27.565699524999996,0.48,1,0,0,0
27.574040129999997,0.48,0,0,0,0
27.582380734999997,0.48,0,0,0,0
27.590721339999998,0.48,0,0,0,0
27.599061945,0.48,0,0,1,1
27.607402549999996,0.48,0,0,1,1
27.615743154999997,0.48,0,0,1,1
27.624083759999998,0.48,0,0,1,0
27.632424365,0.48,0,0,1,0
27.640764969999996,0.48,0,0,0,0
27.649105574999997,-0.48,0,0,1,1
27.657446179999997,-0.48,0,0,0,0
27.665786784999998,0.48,0,0,0,0
27.67412739,0.48,1,1,0,0
27.682467994999996,0.48,0,0,0,0
27.690808599999997,-0.48,0,0,0,0
27.699149204999998,-0.48,0,0,0,1
27.70748981,-0.48,0,0,0,1
27.715830414999996,0.48,1,0,0,0
27.724171019999996,0.48,0,0,0,0
27.732511624999997,-0.48,0,0,0,0
27.740852229999998,0.48,0,0,0,0
27.749192835,0.48,0,0,0,1
27.757533439999996,-0.48,0,0,0,0
27.765874044999997,-0.48,0,0,0,0
27.774214649999998,-0.48,0,0,1,0
27.782555255,-0.48,0,0,0,0
27.790895859999996,0.48,1,0,0,0
27.799236464999996,0.48,0,0,0,0
27.807577069999997,0.48,0,0,0,0
27.815917674999998,0.48,0,0,0,0
27.82425828,-0.48,0,0,1,1
27.832598884999996,-0.48,0,0,1,1
27.840939489999997,0.48,0,0,1,1
27.849280094999997,-0.48,0,0,0,0
27.8576207,-0.48,0,1,0,0
27.865961305,0.48,0,0,0,0
27.874301909999996,-0.48,0,1,0,0
27.882642514999997,-0.48,1,0,0,0
27.890983119999998,0.48,0,0,0,0
27.899323725,-0.48,1,0,0,0
27.907664329999996,0.48,1,0,0,0
27.916004934999997,-0.48,0,0,0,0
27.924345539999997,0.48,0,0,0,0
27.932686144999998,-0.48,0,0,0,0
27.94102675,-0.48,0,0,1,0
27.949367354999996,0.48,0,0,0,0
27.957707959999997,0.48,0,0,0,0
27.966048564999998,0.48,0,0,0,0
27.97438917,-0.48,0,0,0,0
27.982729774999996,-0.48,0,0,0,1
27.991070379999996,0.48,0,0,1,1
27.999410984999997,-0.48,0,0,1,0
28.007751589999998,0.48,0,1,0,0
28.016092195,-0.48,0,0,0,0
28.024432799999996,0.48,0,0,0,0
28.032773404999997,-0.48,0,0,0,0
28.041114009999998,-0.48,0,0,0,0
28.049454615,0.48,0,0,0,0
28.057795219999996,-0.48,1,1,0,0
28.066135824999996,0.48,1,1,0,0
28.074476429999997,-0.48,0,0,0,0
28.082817034999998,0.48,0,0,0,0
28.09115764,-0.48,0,0,0,0
28.099498244999996,0.48,0,0,0,0
28.107838849999997,0.48,0,0,0,0
28.116179454999997,0.48,0,0,0,0
28.12452006,0.48,0,0,1,1
28.132860665,-0.48,0,0,1,1
28.141201269999996,-0.48,0,0,1,1
28.149541874999997,-0.48,0,0,0,0
28.157882479999998,-0.48,0,1,0,0
28.166223085,0.48,1,1,0,0
28.174563689999996,0.48,1,1,0,0
28.182904294999997,0.48,0,0,0,0
28.191244899999997,0.48,0,0,0,0
28.199585504999998,0.48,0,0,0,1
28.20792611,0.48,0,0,1,1
28.216266714999996,0.48,0,0,1,1
28.224607319999997,0.48,0,0,1,0
28.232947924999998,0.48,0,0,1,0
28.24128853,0.48,0,0,1,0
28.249629134999996,-0.48,0,0,0,0
28.257969739999997,0.48,0,0,0,0
28.266310344999997,-0.48,0,0,0,0
28.274650949999998,-0.48,0,1,0,0
28.282991555,-0.48,1,0,0,0
28.291332159999996,0.48,1,1,0,0
28.299672764999997,-0.48,1,1,0,0
28.308013369999998,-0.48,0,0,0,0
28.316353975,-0.48,0,0,0,0
28.324694579999996,-0.48,1,1,0,0
28.333035184999996,-0.48,1,0,0,0
28.341375789999997,-0.48,1,1,0,0
28.349716394999998,0.48,0,0,0,0
28.358057,0.48,0,1,1,0
28.366397604999996,-0.48,0,0,0,0
28.374738209999997,-0.48,0,0,0,0
28.383078814999998,0.48,0,0,1,1
28.39141942,0.48,0,0,0,1
28.399760024999996,0.48,0,0,0,0
28.408100629999996,-0.48,0,0,0,0
28.416441234999997,-0.48,0,0,1,0
28.424781839999998,0.48,0,0,1,1
28.433122445,-0.48,0,0,0,0
28.441463049999996,-0.48,0,0,0,0
28.449803654999997,0.48,0,0,0,0
28.458144259999997,-0.48,1,0,0,0
28.466484864999998,0.48,0,1,0,0
28.47482547,0.48,0,0,0,0
28.483166074999996,0.48,0,0,0,0
28.491506679999997,0.48,0,0,0,0
28.499847284999998,0.48,0,0,1,1
28.50818789,-0.48,0,0,1,1
28.516528494999996,0.48,0,0,1,0
28.524869099999997,0.48,0,0,1,0
28.533209704999997,0.48,0,0,1,0
28.541550309999998,0.48,0,0,0,0
28.549890915,0.48,0,0,0,0
28.558231519999996,-0.48,0,0,1,1
28.566572124999997,0.48,0,0,0,0
28.574912729999998,0.48,0,0,1,0
28.583253335,0.48,0,1,0,0
28.591593939999996,0.48,0,0,0,0
28.599934544999996,-0.48,0,0,0,0
28.608275149999997,0.48,0,0,1,1
28.616615754999998,-0.48,0,0,0,0
28.62495636,0.48,0,1,0,0
28.633296964999996,0.48,1,0,0,0
28.641637569999997,0.48,0,0,0,0
28.649978174999998,0.48,0,0,0,0
28.65831878,0.48,0,0,0,1
28.666659384999996,-0.48,0,0,1,1
28.674999989999996,0.48,0,0,1,0
28.683340594999997,-0.48,0,0,0,0
28.691681199999998,0.48,0,0,0,0
28.700021805,-0.48,1,0,0,0
28.708362409999996,-0.48,0,1,0,0
28.716703014999997,-0.48,0,0,0,0
28.725043619999997,0.48,1,1,0,0
28.733384225,0.48,1,0,0,0
28.74172483,0.48,0,0,0,0
28.750065434999996,-0.48,0,0,0,0
28.758406039999997,-0.48,0,0,0,1
28.766746644999998,-0.48,0,0,1,1
28.77508725,-0.48,1,1,0,0
28.783427854999996,-0.48,0,1,0,0
28.791768459999997,0.48,1,1,0,0
28.800109064999997,0.48,0,0,0,0
28.808449669999998,-0.48,0,0,0,0
28.816790275,-0.48,0,0,0,0
28.825130879999996,0.48,0,0,0,0
28.833471484999997,-0.48,0,0,1,0
28.841812089999998,-0.48,0,0,1,0
28.850152695,-0.48,0,0,0,0
28.858493299999996,0.48,0,0,0,0
28.866833904999996,-0.48,1,1,1,0
28.875174509999997,-0.48,0,0,0,0
28.883515114999998,-0.48,0,0,0,0
28.89185572,-0.48,1,0,0,0
28.900196324999996,-0.48,1,1,0,0
28.908536929999997,-0.48,0,0,0,0
28.916877534999998,-0.48,1,0,1,0
28.92521814,-0.48,1,0,0,0
28.933558744999996,0.48,1,1,1,0
28.941899349999996,-0.48,1,0,0,0
28.950239954999997,-0.48,0,0,0,0
28.958580559999998,-0.48,0,0,0,0
28.966921165,0.48,0,0,0,0
28.975261769999996,0.48,0,1,0,0
28.983602374999997,0.48,0,0,0,0
28.991942979999997,-0.48,0,0,0,0
29.000283585,0.48,0,0,1,1
29.008624189999995,0.48,0,0,1,1
29.016964794999996,0.48,0,0,0,1
29.025305399999997,-0.48,0,0,1,0
29.033646004999998,-0.48,0,0,0,0
29.04198661,-0.48,0,0,1,1
29.050327214999996,0.48,0,1,0,0
29.058667819999997,0.48,1,1,0,0
29.067008424999997,-0.48,0,0,0,0
29.075349029999998,-0.48,0,0,0,0
29.083689635,0.48,0,0,0,1
29.092030239999996,0.48,1,0,0,1
29.100370844999997,-0.48,0,1,0,0
29.108711449999998,-0.48,0,0,0,0
29.117052055,-0.48,0,0,0,1
29.125392659999996,-0.48,0,0,1,1
29.133733264999996,0.48,1,1,0,0
29.142073869999997,-0.48,0,0,0,0
29.150414474999998,-0.48,0,0,0,0
29.15875508,-0.48,0,0,0,0
29.167095684999996,-0.48,1,0,0,0
29.175436289999997,-0.48,1,0,1,0
29.183776894999998,0.48,1,1,0,0
29.1921175,-0.48,1,0,1,0
29.200458104999996,-0.48,0,0,0,0
29.208798709999996,0.48,0,0,0,0
29.217139314999997,0.48,0,0,0,0
29.225479919999998,0.48,0,0,0,0
29.233820525,0.48,0,0,1,0
29.242161129999996,0.48,0,0,1,1
29.250501734999997,0.48,0,0,1,1
29.258842339999998,-0.48,0,0,1,0
29.267182945,0.48,0,0,1,0
29.275523549999996,-0.48,0,0,1,0
29.283864154999996,0.48,0,0,0,0
29.292204759999997,0.48,0,0,0,0
29.300545364999998,0.48,0,0,0,0
29.30888597,-0.48,0,0,0,0
29.317226574999996,-0.48,0,0,0,1
29.325567179999997,-0.48,0,0,1,1
29.333907784999997,0.48,1,1,0,0
29.342248389999998,-0.48,0,0,0,0
29.350588995,-0.48,1,0,0,0
29.358929599999996,-0.48,1,0,0,0
29.367270204999997,0.48,1,1,0,0
29.375610809999998,-0.48,0,1,0,0
29.383951415,0.48,0,0,0,0
29.392292019999996,0.48,0,0,0,0
29.400632624999997,0.48,0,0,0,0
29.408973229999997,0.48,0,0,1,1
29.417313834999998,-0.48,0,0,1,1
29.42565444,0.48,0,0,1,1
29.433995044999996,0.48,0,0,1,0
29.442335649999997,-0.48,0,0,1,0
29.450676254999998,-0.48,0,0,0,0
29.45901686,-0.48,0,0,0,0
29.467357464999996,-0.48,1,1,0,0
29.475698069999996,-0.48,1,0,0,0
29.484038674999997,-0.48,1,1,0,0
29.492379279999998,0.48,0,0,0,0
29.500719885,0.48,1,0,0,0
29.509060489999996,-0.48,0,0,0,0
29.517401094999997,0.48,0,0,0,0
29.525741699999998,0.48,0,0,0,1
29.534082305,0.48,0,0,1,1
29.542422909999996,0.48,0,0,1,1
29.550763514999996,-0.48,0,0,1,1
29.559104119999997,-0.48,0,0,1,1
29.567444724999998,0.48,0,0,0,0
29.57578533,-0.48,0,1,0,0
29.584125934999996,0.48,0,0,0,0
29.592466539999997,-0.48,0,0,0,0
29.600807144999997,0.48,0,0,0,0
29.609147749999998,-0.48,0,0,0,0
29.617488354999995,-0.48,0,0,0,0
29.625828959999996,-0.48,0,0,0,0
29.634169564999997,0.48,1,1,0,0
29.642510169999998,0.48,1,0,0,0
29.650850775,0.48,0,0,0,0
29.659191379999996,-0.48,0,0,0,0
29.667531984999997,0.48,0,0,1,1
29.675872589999997,-0.48,0,0,1,1
29.684213194999998,0.48,0,0,1,1
29.6925538,0.48,0,0,0,0
29.700894404999996,-0.48,0,0,0,0
29.709235009999997,0.48,0,0,0,0
29.717575614999998,0.48,0,0,1,0
29.72591622,0.48,0,0,0,0
29.734256824999996,0.48,0,0,0,0
29.742597429999996,-0.48,0,0,1,1
29.750938034999997,0.48,0,0,1,1
29.759278639999998,-0.48,0,0,1,0
29.767619245,-0.48,0,0,0,0
29.775959849999996,-0.48,0,1,0,0
29.784300454999997,0.48,1,1,0,0
29.792641059999998,-0.48,1,0,0,0
29.800981665,-0.48,0,0,0,0
29.809322269999996,0.48,1,0,0,0
29.817662874999996,0.48,1,1,0,0
29.826003479999997,0.48,0,0,0,0
29.834344084999998,-0.48,0,0,0,0
29.84268469,-0.48,0,0,1,1
29.851025294999996,0.48,0,0,1,1
29.859365899999997,-0.48,0,0,1,0
29.867706504999997,0.48,0,1,0,0
29.87604711,0.48,0,0,0,0
29.884387714999995,-0.48,0,0,0,0
29.892728319999996,-0.48,0,0,0,0
29.901068924999997,-0.48,0,0,1,0
29.909409529999998,0.48,1,1,0,1
29.917750135,-0.48,1,0,0,0
29.926090739999996,0.48,0,0,0,0
29.934431344999997,0.48,0,0,0,0
29.942771949999997,0.48,0,0,0,0
29.951112554999998,0.48,0,0,0,0
29.959453159999995,0.48,0,0,1,1
29.967793764999996,-0.48,0,0,1,1
29.976134369999997,0.48,0,0,1,1
29.984474974999998,0.48,0,0,0,0
29.99281558,-0.48,0,0,0,0
30.001156184999996,-0.48,0,0,0,0
30.009496789999996,0.48,0,0,0,0
30.017837394999997,0.48,1,0,0,0
30.026177999999998,-0.48,0,1,0,0
30.034518605,-0.48,0,0,0,0
30.042859209999996,-0.48,0,0,0,1
30.051199814999997,-0.48,1,0,0,1
30.059540419999998,-0.48,0,1,0,0
30.067881025,-0.48,1,1,0,0
30.076221629999996,-0.48,1,1,0,0
30.084562234999996,-0.48,0,0,0,0
30.092902839999997,0.48,1,1,0,0
30.101243444999998,0.48,1,0,0,0
30.10958405,-0.48,0,0,0,0
30.117924654999996,0.48,0,0,0,0
30.126265259999997,-0.48,0,0,1,1
30.134605864999997,0.48,0,0,1,1
30.14294647,-0.48,0,0,1,0
30.151287074999995,0.48,0,0,0,0
30.159627679999996,0.48,0,0,0,0
30.167968284999997,-0.48,0,0,0,0
30.176308889999998,-0.48,0,0,1,0
30.184649495,0.48,0,0,1,1
30.192990099999996,-0.48,0,0,0,1
30.201330704999997,-0.48,0,0,0,0
30.209671309999997,-0.48,0,1,0,0
30.218011914999998,0.48,1,1,0,0
30.226352519999995,-0.48,0,0,0,0
30.234693124999996,-0.48,1,0,0,0
30.243033729999997,0.48,0,0,0,0
30.251374334999998,-0.48,0,0,0,0
30.25971494,-0.48,1,0,0,0
30.268055544999996,-0.48,0,0,0,0
30.276396149999997,-0.48,1,0,0,0
30.284736754999997,-0.48,1,1,0,0
30.293077359999998,0.48,1,0,0,0
30.301417965,-0.48,0,0,0,0
30.309758569999996,0.48,0,0,0,0
30.318099174999997,0.48,0,0,0,0
30.326439779999998,-0.48,0,0,0,0
30.334780385,-0.48,0,0,1,1
30.343120989999996,-0.48,0,0,1,1
30.351461594999996,0.48,0,0,1,0
30.359802199999997,0.48,0,0,0,0
30.368142804999998,-0.48,0,1,0,0
30.37648341,-0.48,0,0,0,0
30.384824014999996,-0.48,0,0,1,0
30.393164619999997,-0.48,0,0,1,1
30.401505224999998,-0.48,1,1,0,0
30.40984583,-0.48,0,1,0,0
30.418186434999996,0.48,1,0,0,0
30.426527039999996,-0.48,0,0,0,0
30.434867644999997,0.48,0,0,0,0
30.443208249999998,-0.48,0,0,0,0
30.451548855,0.48,0,0,0,0
30.459889459999996,0.48,0,0,0,0
30.468230064999997,0.48,0,0,1,0
30.476570669999997,0.48,0,0,1,1
30.484911274999998,-0.48,0,0,1,1
30.493251879999995,-0.48,0,0,1,1
30.501592484999996,0.48,0,0,1,0
30.509933089999997,-0.48,0,0,0,0
30.518273694999998,0.48,0,0,0,0
30.5266143,0.48,0,0,0,0
30.534954904999996,0.48,0,0,0,0
30.543295509999997,0.48,0,0,0,1
30.551636114999997,0.48,0,0,1,1
30.559976719999998,-0.48,0,0,1,1
30.568317324999995,0.48,0,0,1,1
30.576657929999996,0.48,0,0,0,0
30.584998534999997,-0.48,0,0,0,0
30.593339139999998,-0.48,0,0,0,0
30.601679745,-0.48,0,0,0,0
30.610020349999996,-0.48,1,1,0,0
30.618360954999996,-0.48,0,0,0,0
30.626701559999997,0.48,1,0,0,0
30.635042164999998,-0.48,1,1,0,0
30.64338277,-0.48,0,0,0,0
30.651723374999996,-0.48,0,0,0,0
30.660063979999997,0.48,1,1,0,0
30.668404584999998,0.48,0,0,0,0
30.67674519,-0.48,0,0,0,0
30.685085794999996,-0.48,0,0,0,0
30.693426399999996,-0.48,0,0,1,1
30.701767004999997,-0.48,0,0,0,1
30.710107609999998,-0.48,1,0,1,0
30.718448215,-0.48,1,0,0,0
30.726788819999996,-0.48,1,1,0,0
30.735129424999997,-0.48,0,0,0,0
30.743470029999997,0.48,1,1,0,0
30.751810635,0.48,0,0,0,0
30.760151239999995,-0.48,0,0,0,0
30.768491844999996,0.48,0,0,0,0
30.776832449999997,-0.48,0,0,1,1
30.785173054999998,-0.48,0,0,1,1
30.79351366,-0.48,0,0,1,1
30.801854264999996,-0.48,0,0,0,0
30.810194869999997,0.48,1,1,0,0
30.818535474999997,-0.48,1,0,0,0
30.826876079999998,-0.48,0,0,0,0
30.835216684999995,0.48,0,0,0,0
30.843557289999996,-0.48,0,0,0,0
30.851897894999997,-0.48,0,0,0,0
30.860238499999998,0.48,0,0,0,0
30.868579105,0.48,0,0,0,0
30.876919709999996,0.48,0,0,0,0
30.885260314999996,0.48,0,0,0,0
30.893600919999997,0.48,0,0,1,1
30.901941524999998,-0.48,0,0,1,1
30.91028213,0.48,0,0,1,1
30.918622734999996,0.48,0,0,0,0
30.926963339999997,-0.48,0,0,0,0
30.935303944999998,0.48,0,0,0,0
30.94364455,0.48,0,0,0,0
30.951985154999996,0.48,0,0,0,0
30.960325759999996,-0.48,0,0,0,0
30.968666364999997,0.48,0,0,0,1
30.977006969999998,-0.48,0,0,1,1
30.985347575,-0.48,0,0,1,1
30.993688179999996,-0.48,1,0,0,0
31.002028784999997,-0.48,1,1,0,0
31.010369389999997,-0.48,1,1,0,0
31.018709995,0.48,0,0,0,0
31.027050599999995,0.48,1,0,0,0
31.035391204999996,0.48,1,0,0,0
31.043731809999997,0.48,0,0,0,0
31.052072414999998,-0.48,0,0,1,1
31.06041302,0.48,0,0,1,1
31.068753624999996,0.48,0,0,1,1
31.077094229999997,0.48,0,0,1,0
31.085434834999997,-0.48,0,0,0,0
31.093775439999998,0.48,0,0,1,0
31.102116044999995,0.48,0,0,1,1
31.110456649999996,-0.48,0,0,0,0
31.118797254999997,0.48,0,0,0,0
31.127137859999998,0.48,0,0,0,0
31.135478465,-0.48,0,0,0,0
31.143819069999996,-0.48,0,0,0,0
31.152159674999996,-0.48,0,0,0,0
31.160500279999997,-0.48,1,1,0,0
31.168840884999998,-0.48,1,0,0,0
31.177181489999995,0.48,0,0,0,0
31.185522094999996,0.48,1,1,0,0
31.193862699999997,0.48,0,0,0,0
31.202203304999998,0.48,0,0,0,0
31.21054391,-0.48,0,0,1,1
31.218884514999996,0.48,0,0,1,1
31.227225119999996,-0.48,0,0,1,1
31.235565724999997,-0.48,0,0,0,1
31.243906329999998,-0.48,0,0,0,0
31.252246935,0.48,0,1,0,0
31.260587539999996,0.48,1,0,0,0
31.268928144999997,0.48,0,0,0,0
31.277268749999998,-0.48,0,0,0,0
31.285609355,0.48,0,0,0,1
31.293949959999996,0.48,0,0,1,1
31.302290564999996,0.48,0,0,0,0
31.310631169999997,0.48,0,0,0,0
31.318971774999998,-0.48,0,0,1,0
31.32731238,-0.48,0,0,1,1
31.335652984999996,-0.48,0,0,1,1
31.343993589999997,0.48,1,1,0,0
31.352334194999997,-0.48,1,0,0,0
31.360674799999998,0.48,0,0,0,0
31.369015404999995,-0.48,1,0,0,0
31.377356009999996,0.48,0,0,0,0
31.385696614999997,0.48,0,0,0,0
31.394037219999998,-0.48,0,0,0,0
31.402377825,0.48,0,0,0,0
31.410718429999996,0.48,0,0,1,1
31.419059034999997,-0.48,0,0,1,0
31.427399639999997,0.48,0,0,0,0
31.435740244999998,-0.48,0,0,0,0
31.444080849999995,0.48,0,0,0,0
31.452421454999996,0.48,0,0,0,0
31.460762059999997,-0.48,0,0,0,0
31.469102664999998,0.48,0,0,0,0
31.47744327,-0.48,0,0,0,0
31.485783874999996,-0.48,0,0,0,0
31.494124479999996,-0.48,0,0,0,0
31.502465084999997,0.48,1,1,0,0
31.510805689999998,0.48,1,0,0,0
31.519146294999995,-0.48,0,0,0,0
31.527486899999996,0.48,0,0,0,0
31.535827504999997,-0.48,0,0,0,1
31.544168109999998,0.48,0,0,0,0
31.552508715,0.48,0,0,0,0
31.560849319999996,0.48,0,0,0,0
31.569189924999996,-0.48,0,0,0,0
31.577530529999997,0.48,0,0,1,1
31.585871134999998,0.48,0,0,1,1
31.59421174,0.48,0,0,0,0
31.602552344999996,-0.48,0,0,0,0
31.610892949999997,-0.48,0,0,0,1
31.619233554999997,0.48,0,0,1,1
31.627574159999998,-0.48,1,1,0,0
31.635914764999995,-0.48,0,1,0,0
31.644255369999996,-0.48,1,0,0,0
31.652595974999997,-0.48,1,1,0,0
31.660936579999998,-0.48,1,0,0,0
31.669277185,0.48,1,0,0,0
31.677617789999996,-0.48,0,0,0,0
31.685958394999997,0.48,0,0,0,0
31.694298999999997,0.48,0,0,0,0
31.702639604999998,0.48,0,0,0,0
31.710980209999995,-0.48,0,0,1,0
31.719320814999996,-0.48,0,0,1,1
31.727661419999997,0.48,0,0,1,1
31.736002024999998,0.48,0,0,0,0
31.74434263,0.48,0,1,0,0
31.752683234999996,0.48,0,0,0,0
31.761023839999996,0.48,0,0,1,1
31.769364444999997,-0.48,0,0,1,1
31.777705049999998,-0.48,0,0,1,1
31.786045654999995,0.48,0,0,0,0
31.794386259999996,0.48,0,1,0,0
31.802726864999997,0.48,0,0,0,0
31.811067469999998,-0.48,0,0,0,0
31.819408075,-0.48,0,0,0,1
31.827748679999996,0.48,0,0,1,1
31.836089284999996,0.48,1,1,0,0
31.844429889999997,0.48,0,0,0,0
31.852770494999998,0.48,0,0,0,0
31.8611111,-0.48,0,0,0,1
31.869451704999996,-0.48,0,0,1,1
31.877792309999997,0.48,0,0,1,1
31.886132914999997,0.48,1,0,0,0
31.89447352,0.48,0,1,0,0
31.902814124999995,0.48,0,0,0,0
31.911154729999996,0.48,0,0,0,0
31.919495334999997,0.48,0,0,1,1
31.927835939999998,-0.48,0,0,1,1
31.936176545,-0.48,0,0,0,0
31.944517149999996,-0.48,0,0,1,0
31.952857754999997,0.48,1,1,0,0
31.961198359999997,-0.48,1,0,0,0
31.969538964999998,0.48,1,1,0,0
31.977879569999995,-0.48,0,0,0,0
31.986220174999996,-0.48,0,0,0,0
31.994560779999997,-0.48,1,0,0,0
32.002901384999994,0.48,1,1,0,0
32.011241989999995,-0.48,1,0,0,0
32.019582594999996,0.48,0,0,0,0
32.0279232,0.48,0,0,0,0
32.036263805,0.48,0,0,0,0
32.04460441,0.48,0,0,0,0
32.052945015,-0.48,0,0,1,1
32.06128562,-0.48,0,0,1,1
32.069626225,-0.48,0,0,1,1
32.077966829999994,0.48,0,1,0,0
32.086307434999995,0.48,1,1,0,0
32.094648039999996,-0.48,0,0,0,0
32.102988644999996,-0.48,0,0,0,0
32.11132925,-0.48,0,0,0,0
32.119669855,0.48,0,1,0,0
32.12801046,0.48,1,1,0,0
32.136351065,0.48,0,0,0,0
32.14469167,0.48,0,0,0,0
32.153032274999994,0.48,0,0,1,1
32.161372879999995,0.48,0,0,1,1
32.169713484999996,0.48,0,0,1,1
32.178054089999996,-0.48,0,0,1,0
32.186394695,-0.48,0,0,1,0
32.1947353,0.48,0,0,1,0
32.203075905,0.48,0,1,0,0
32.21141651,0.48,1,0,0,0
32.219757115,0.48,0,0,0,0
32.228097719999994,0.48,0,0,0,0
32.236438324999995,-0.48,0,0,1,1
32.244778929999995,0.48,0,0,1,1
32.253119534999996,0.48,0,0,0,0
32.26146014,-0.48,0,0,0,0
32.269800745,0.48,0,0,0,0
32.27814135,-0.48,0,0,0,0
32.286481955,0.48,0,0,0,0
32.29482256,0.48,0,1,0,0
32.303163164999994,0.48,1,0,0,0
32.311503769999995,0.48,0,0,0,0
32.319844374999995,-0.48,0,0,0,0
32.328184979999996,0.48,0,0,1,1
32.336525585,-0.48,0,0,1,0
32.34486619,-0.48,0,0,0,0
32.353206795,0.48,0,0,0,0
32.3615474,0.48,1,1,0,0
32.369888005,0.48,0,0,0,0
32.378228609999994,-0.48,0,0,0,0
32.386569214999994,-0.48,0,0,0,1
32.394909819999995,-0.48,0,0,1,1
32.403250424999996,-0.48,1,0,0,0
32.41159103,0.48,0,0,0,0
32.419931635,0.48,1,0,0,0
32.42827224,0.48,0,0,0,0
32.436612845,-0.48,0,0,0,0
32.44495345,0.48,0,0,0,1
32.45329405499999,0.48,0,0,1,1
32.461634659999994,-0.48,0,0,1,0
32.469975264999995,-0.48,0,0,0,0
32.478315869999996,0.48,0,0,0,0
32.486656475,-0.48,0,0,1,0
32.49499708,-0.48,0,0,0,0
32.503337685,-0.48,1,1,0,0
32.51167829,-0.48,1,1,0,0
32.520018895,-0.48,0,0,0,0
32.52835949999999,0.48,1,0,0,0
32.536700104999994,0.48,0,1,0,0
32.545040709999995,-0.48,0,0,0,0
32.553381314999996,0.48,0,0,0,0
32.56172192,-0.48,0,0,0,1
32.570062525,-0.48,0,0,1,1
32.57840313,-0.48,0,0,1,0
32.586743735,0.48,0,1,0,0
32.59508434,-0.48,0,1,0,0
32.60342494499999,-0.48,0,0,0,0
32.611765549999994,0.48,0,0,0,0
32.620106154999995,0.48,0,0,0,0
32.628446759999996,0.48,0,1,0,0
32.636787364999996,0.48,0,0,0,0
32.64512797,0.48,0,0,1,1
32.653468575,-0.48,0,0,1,1
32.66180918,-0.48,0,0,1,1
32.670149785,0.48,0,0,0,0
32.67849039,-0.48,0,1,0,0
32.686830994999994,0.48,0,0,0,0
32.695171599999995,0.48,0,0,0,0
32.703512204999996,0.48,0,0,0,0
32.711852809999996,0.48,0,0,0,0
32.720193415,0.48,0,0,0,1
32.72853402,-0.48,0,0,1,1
32.736874625,0.48,0,0,1,1
32.74521523,0.48,0,0,1,1
32.753555835,-0.48,0,0,0,0
32.761896439999994,0.48,0,0,0,0
32.770237044999995,-0.48,0,0,0,0
32.778577649999995,-0.48,0,0,0,0
32.786918254999996,-0.48,1,1,0,0
32.79525886,-0.48,1,0,0,0
32.803599465,-0.48,0,0,0,0
32.81194007,0.48,1,1,0,0
32.820280675,-0.48,1,0,0,0
32.82862128,0.48,0,0,0,0
32.836961884999994,0.48,0,0,0,0
32.845302489999995,0.48,0,0,0,0
32.853643094999995,-0.48,0,0,1,0
32.861983699999996,-0.48,0,0,1,1
32.870324305,0.48,0,0,1,1
32.87866491,0.48,0,0,1,0
32.887005515,-0.48,0,0,0,0
32.89534612,0.48,0,0,0,0
32.903686725,-0.48,0,0,0,0
32.912027329999994,0.48,0,0,1,0
32.920367934999994,-0.48,0,0,0,0
32.928708539999995,0.48,0,0,0,0
32.937049144999996,-0.48,0,0,0,0
32.94538975,-0.48,0,0,0,0
32.953730355,-0.48,0,0,0,0
32.96207096,-0.48,1,1,0,0
32.970411565,-0.48,1,0,0,0
32.97875217,-0.48,1,0,0,0
32.987092774999994,-0.48,0,0,0,0
32.995433379999994,0.48,1,0,0,0
33.003773984999995,-0.48,1,1,0,0
33.012114589999996,0.48,0,0,0,0
33.020455195,-0.48,0,0,0,0
33.0287958,-0.48,0,0,0,0
33.037136405,-0.48,0,0,1,1
33.04547701,0.48,0,0,0,1
33.053817615,-0.48,0,0,0,0
33.06215821999999,0.48,0,0,0,0
33.070498824999994,-0.48,0,0,0,0
33.078839429999995,-0.48,0,0,0,0
33.087180034999996,0.48,0,0,1,0
33.09552064,0.48,0,0,1,0
33.103861245,-0.48,0,0,0,0
33.11220185,-0.48,0,0,0,0
33.120542455,0.48,0,0,1,1
33.12888306,-0.48,0,0,1,1
33.13722366499999,-0.48,0,0,0,0
33.145564269999994,0.48,0,0,0,0
33.153904874999995,0.48,0,0,0,0
33.162245479999996,-0.48,0,1,0,0
33.170586085,0.48,0,0,0,0
33.17892669,0.48,0,0,0,1
33.187267295,0.48,0,0,1,1
33.1956079,-0.48,0,0,0,0
33.203948505,0.48,0,0,1,0
33.21228910999999,0.48,0,0,1,1
33.220629714999994,-0.48,0,0,1,0
33.228970319999995,0.48,0,0,0,0
33.237310924999996,0.48,0,0,0,0
33.245651529999996,0.48,0,0,1,0
33.253992135,0.48,0,0,0,0
33.26233274,0.48,0,0,0,1
33.270673345,0.48,0,0,1,1
33.27901395,-0.48,0,0,1,1
33.287354555,0.48,0,0,1,0
33.295695159999994,-0.48,0,0,0,0
33.304035764999995,0.48,0,0,0,0
33.312376369999996,-0.48,1,1,0,0
33.320716974999996,0.48,0,0,0,0
33.32905758,-0.48,1,1,0,0
33.337398185,-0.48,1,0,0,0
33.34573879,-0.48,1,0,0,0
33.354079395,-0.48,1,1,0,0
33.36242,-0.48,1,0,0,0
33.370760604999994,0.48,0,1,0,0
33.379101209999995,-0.48,0,0,0,0
33.387441814999995,-0.48,0,0,0,0
33.395782419999996,-0.48,0,0,0,0
33.404123025,-0.48,1,1,0,0
33.41246363,0.48,1,0,0,0
33.420804235,-0.48,0,0,1,0
33.42914484,0.48,0,0,0,0
33.437485445,0.48,0,0,0,0
33.445826049999994,0.48,0,0,0,0
33.454166654999995,-0.48,0,0,1,1
33.462507259999995,-0.48,0,0,1,1
33.470847864999996,0.48,0,0,1,1
33.47918847,-0.48,0,0,0,0
33.487529075,0.48,0,1,0,0
33.49586968,0.48,0,0,0,0
33.504210285,-0.48,0,0,0,0
33.51255089,-0.48,0,0,0,0
33.520891494999994,0.48,0,0,1,1
33.529232099999994,0.48,0,1,0,1
33.537572704999995,-0.48,0,0,0,0
33.545913309999996,-0.48,0,0,0,0
33.554253915,-0.48,0,0,0,0
33.56259452,-0.48,0,1,0,1
33.570935125,0.48,1,0,0,0
33.57927573,0.48,1,0,0,0
33.587616335,-0.48,0,0,0,0
33.59595693999999,0.48,0,0,0,0
33.604297544999994,-0.48,0,0,1,1
33.612638149999995,-0.48,0,0,1,1
33.620978754999996,0.48,0,0,1,0
33.62931936,-0.48,0,0,0,0
33.637659965,0.48,0,1,0,0
33.64600057,0.48,0,0,0,0
33.654341175,0.48,0,0,0,0
33.66268178,0.48,0,0,0,0
33.67102238499999,-0.48,0,0,1,1
33.679362989999994,-0.48,0,0,1,1
33.687703594999995,0.48,0,0,1,1
33.696044199999996,0.48,0,0,0,0
33.704384805,-0.48,1,0,0,0
33.71272541,-0.48,0,0,0,0
33.721066015,0.48,0,0,0,0
33.72940662,-0.48,0,0,0,0
33.737747225,0.48,1,1,0,0
33.74608782999999,-0.48,0,0,0,0
33.754428434999994,-0.48,0,0,0,0
33.762769039999995,-0.48,0,0,0,0
33.771109644999996,-0.48,1,1,0,0
33.77945025,0.48,1,0,0,0
33.787790855,0.48,0,1,0,0
33.79613146,0.48,0,0,0,0
33.804472065,0.48,0,0,0,0
33.81281267,0.48,0,0,1,1
33.82115327499999,0.48,0,0,1,1
33.829493879999994,0.48,0,0,0,1
33.837834484999995,-0.48,0,0,1,0
33.846175089999996,-0.48,0,0,1,0
33.854515694999996,-0.48,0,0,1,0
33.8628563,0.48,0,1,0,0
33.871196905,-0.48,1,1,0,0
33.87953751,-0.48,0,0,0,0
33.887878115,-0.48,1,0,0,0
33.89621872,0.48,1,1,0,0
33.904559324999994,-0.48,0,1,0,0
33.912899929999995,0.48,0,0,0,0
33.921240534999995,-0.48,0,0,0,0
33.929581139999996,0.48,0,0,0,0
33.937921745,-0.48,0,0,0,0
33.94626235,-0.48,0,0,1,0
33.954602955,0.48,0,0,0,0
33.96294356,0.48,0,0,0,0
33.971284165,-0.48,0,1,0,0
33.979624769999994,0.48,0,0,0,0
33.987965374999995,-0.48,0,0,1,1
33.996305979999995,-0.48,0,0,1,1
34.004646584999996,0.48,0,0,1,0
34.01298719,0.48,1,0,0,0
34.021327795,-0.48,0,1,0,0
34.0296684,-0.48,0,0,0,0
34.038009005,-0.48,0,0,0,0
34.04634961,0.48,0,0,0,1
34.054690214999994,-0.48,1,1,0,0
34.063030819999994,0.48,0,0,0,0
34.071371424999995,-0.48,0,0,0,0
34.079712029999996,-0.48,0,0,0,0
34.088052635,0.48,0,0,0,0
34.09639324,0.48,0,0,0,0
34.104733845,-0.48,0,1,0,0
34.11307445,-0.48,0,0,0,0
34.121415055,-0.48,0,0,1,1
34.129755659999994,-0.48,0,0,1,1
34.138096264999994,0.48,1,1,0,0
34.146436869999995,0.48,0,1,0,0
34.154777474999996,0.48,0,0,0,0
34.16311808,0.48,0,0,0,0
34.171458685,0.48,0,0,1,1
34.17979929,-0.48,0,0,1,1
34.188139895,-0.48,0,0,1,1
34.1964805,-0.48,0,0,1,0
34.20482110499999,0.48,0,0,0,0
34.213161709999994,-0.48,1,1,0,0
34.221502314999995,-0.48,0,0,0,0
34.229842919999996,0.48,0,0,0,0
34.238183525,0.48,1,0,0,0
34.24652413,-0.48,1,1,0,0
34.254864735,-0.48,0,0,0,0
34.26320534,-0.48,0,0,0,0
34.271545945,0.48,0,0,1,1
34.27988654999999,0.48,1,1,0,0
34.288227154999994,0.48,0,0,0,0
34.296567759999995,0.48,0,0,0,0
34.304908364999996,-0.48,0,0,1,1
34.31324897,-0.48,0,0,1,1
34.321589575,-0.48,0,0,1,1
34.32993018,-0.48,0,0,1,0
34.338270785,-0.48,1,1,0,0
34.34661139,-0.48,1,1,0,0
34.35495199499999,0.48,0,0,0,0
34.363292599999994,0.48,1,0,0,0
34.371633204999995,-0.48,0,0,0,0
34.379973809999996,-0.48,0,0,0,0
34.388314414999996,0.48,0,0,0,0
34.39665502,-0.48,0,0,1,1
34.404995625,-0.48,0,1,0,0
34.41333623,-0.48,0,0,0,0
34.421676835,-0.48,0,0,0,0
34.43001743999999,-0.48,1,1,0,0
34.438358044999994,0.48,0,0,0,0
34.446698649999995,0.48,0,0,0,0
34.455039254999996,-0.48,0,0,0,0
34.463379859999996,-0.48,0,0,0,0
34.471720465,-0.48,0,0,1,1
34.48006107,0.48,0,0,1,1
34.488401675,0.48,0,1,0,0
34.49674228,-0.48,0,1,0,0
34.505082885,-0.48,0,0,0,0
34.513423489999994,-0.48,0,0,1,1
34.521764094999995,0.48,0,0,1,1
34.530104699999995,0.48,1,0,0,0
34.538445304999996,0.48,0,0,0,0
34.54678591,0.48,0,0,0,0
34.555126515,0.48,0,0,1,1
34.56346712,-0.48,0,0,1,1
34.571807725,-0.48,0,0,1,1
34.58014833,-0.48,0,0,1,0
34.588488934999994,-0.48,0,1,0,0
34.596829539999995,0.48,1,0,0,0
34.605170144999995,-0.48,1,1,0,0
34.613510749999996,-0.48,1,0,0,0
34.621851355,0.48,0,0,0,0
34.63019196,0.48,1,0,0,0
34.638532565,0.48,0,1,0,0
34.64687317,0.48,0,0,0,0
34.655213775,-0.48,0,0,1,1
34.663554379999994,-0.48,0,0,1,1
34.671894984999994,0.48,0,0,1,1
34.680235589999995,0.48,0,0,0,0
34.688576194999996,0.48,0,1,0,0
34.6969168,0.48,0,0,0,0
34.705257405,0.48,0,0,1,0
34.71359801,-0.48,0,0,1,1
34.721938615,0.48,0,0,1,1
34.73027922,-0.48,0,0,1,0
34.738619824999994,-0.48,0,0,0,0
34.746960429999994,0.48,0,0,0,0
34.755301034999995,0.48,1,1,0,0
34.763641639999996,0.48,0,0,0,0
34.771982245,0.48,0,0,0,0
34.78032285,-0.48,0,0,0,0
34.788663455,0.48,0,0,1,1
34.79700406,0.48,0,0,1,0
34.805344665,0.48,0,0,0,0
34.81368526999999,-0.48,0,0,0,0
34.822025874999994,-0.48,0,0,0,0
34.830366479999995,-0.48,0,0,1,1
34.838707084999996,-0.48,1,1,0,0
34.84704769,-0.48,1,0,0,0
34.855388295,-0.48,1,0,0,0
34.8637289,0.48,1,1,0,0
34.872069505,0.48,0,0,0,0
34.88041011,-0.48,0,0,0,0
34.88875071499999,-0.48,0,0,0,0
34.897091319999994,-0.48,0,0,0,1
34.905431924999995,0.48,0,0,1,0
34.913772529999996,0.48,0,1,0,0
34.922113135,0.48,0,0,0,0
34.93045374,0.48,0,0,0,0
34.938794345,-0.48,0,0,1,1
34.94713495,-0.48,0,0,1,1
34.955475555,-0.48,0,0,1,1
34.96381615999999,-0.48,1,0,0,0
34.972156764999994,0.48,0,1,0,0
34.980497369999995,-0.48,1,0,0,0
34.988837974999996,-0.48,0,0,0,0
34.997178579999996,-0.48,0,0,0,0
35.005519185,-0.48,1,1,0,0
35.01385979,-0.48,0,0,0,0
35.022200395,-0.48,1,0,0,0
35.030541,-0.48,1,0,0,0
35.03888160499999,-0.48,0,0,1,0
35.047222209999994,0.48,0,0,0,0
35.055562814999995,0.48,0,0,0,0
35.063903419999995,0.48,0,0,0,0
35.072244024999996,-0.48,0,0,0,0
35.08058463,0.48,0,0,1,1
35.088925235,0.48,0,0,1,1
35.09726584,0.48,0,0,1,1
35.105606445,0.48,0,0,1,0
35.11394705,0.48,0,0,1,0
35.122287654999994,-0.48,0,0,1,1
35.130628259999995,0.48,0,0,0,1
35.138968864999995,-0.48,0,0,0,0
35.147309469999996,-0.48,0,0,0,0
35.155650075,0.48,0,0,0,0
35.16399068,0.48,0,1,0,0
35.172331285,-0.48,1,0,0,0
35.18067189,0.48,0,0,0,0
35.189012495,0.48,0,0,0,0
35.197353099999994,0.48,0,0,0,1
35.205693704999995,-0.48,0,0,0,0
35.214034309999995,-0.48,0,0,1,0
35.222374914999996,-0.48,0,0,1,1
35.23071552,-0.48,1,1,0,0
35.239056125,-0.48,0,1,0,0
35.24739673,-0.48,1,0,0,0
35.255737335,-0.48,0,0,0,0
35.26407794,0.48,1,0,0,0
35.272418544999994,0.48,0,0,0,0
35.280759149999994,0.48,0,0,0,0
35.289099754999995,-0.48,0,0,0,0
35.297440359999996,0.48,0,0,1,1
35.305780965,0.48,0,0,1,1
35.31412157,0.48,0,0,1,0
35.322462175,0.48,0,0,1,0
35.33080278,-0.48,0,0,1,0
35.339143385,0.48,0,0,1,1
35.34748398999999,-0.48,0,0,0,0
35.355824594999994,-0.48,0,0,0,0
35.364165199999995,-0.48,0,0,0,0
35.372505804999996,0.48,1,1,0,0
35.38084641,-0.48,1,1,0,0
35.389187015,-0.48,1,0,0,0
35.39752762,0.48,0,0,0,0
35.405868225,0.48,1,1,0,0
35.41420883,-0.48,0,0,0,0
35.42254943499999,-0.48,0,0,0,0
35.430890039999994,0.48,0,0,1,1
35.439230644999995,-0.48,0,0,0,1
35.447571249999996,-0.48,0,0,0,0
35.455911855,0.48,0,0,0,0
35.46425246,0.48,0,0,0,0
35.472593065,-0.48,1,1,0,0
35.48093367,-0.48,0,0,0,0
35.489274275,-0.48,0,0,1,1
35.49761487999999,0.48,0,0,1,1
35.505955484999994,-0.48,1,1,0,0
35.514296089999995,-0.48,0,0,0,0
35.522636694999996,-0.48,0,0,0,0
35.530977299999996,0.48,0,0,0,0
35.539317905,-0.48,1,1,1,0
35.54765851,-0.48,0,0,0,0
35.555999115,0.48,0,0,0,0
35.56433972,0.48,0,0,0,0
35.57268032499999,-0.48,0,0,0,0
35.581020929999994,0.48,0,0,1,0
35.589361534999995,-0.48,0,0,1,1
35.597702139999996,-0.48,0,0,1,1
35.606042744999996,0.48,0,0,0,0
35.61438335,0.48,0,0,0,0
35.622723955,0.48,0,0,0,0
35.63106456,0.48,0,0,0,0
35.639405165,0.48,0,0,1,1
35.64774576999999,0.48,0,0,1,1
35.656086374999994,0.48,0,0,0,1
35.664426979999995,-0.48,0,0,1,0
35.672767584999995,-0.48,0,0,1,0
35.681108189999996,0.48,0,0,0,0
35.689448795,0.48,1,1,0,0
35.6977894,-0.48,0,0,0,0
35.706130005,0.48,0,0,0,0
35.71447061,-0.48,0,0,0,0
35.722811215,0.48,0,0,0,1
35.731151819999994,0.48,1,0,0,0
35.739492424999995,-0.48,0,0,0,0
35.747833029999995,-0.48,0,0,0,0
35.756173634999996,-0.48,0,0,1,0
35.76451424,0.48,1,1,0,1
35.772854845,-0.48,0,0,0,0
35.78119545,0.48,0,0,0,0
35.789536055,0.48,0,0,0,0
35.79787666,0.48,0,0,0,0
35.806217264999994,-0.48,0,0,0,0
35.814557869999994,-0.48,0,0,1,1
35.822898474999995,-0.48,0,0,1,1
35.831239079999996,-0.48,0,0,1,0
35.839579685,0.48,1,1,0,0
35.84792029,-0.48,0,0,0,0
35.856260895,0.48,1,0,0,0
35.8646015,-0.48,0,0,0,0
35.872942105,-0.48,0,0,0,0
35.881282709999994,-0.48,0,0,0,0
35.889623314999994,0.48,0,0,0,0
35.897963919999995,0.48,1,0,0,0
35.906304524999996,-0.48,0,0,0,0
35.91464513,-0.48,0,0,0,0
35.922985735,0.48,0,0,1,1
35.93132634,0.48,0,0,1,1
35.939666945,0.48,0,0,0,0
35.94800755,-0.48,0,0,0,0
35.95634815499999,-0.48,0,0,1,1
35.964688759999994,-0.48,0,0,1,1
35.973029364999995,-0.48,0,0,0,1
35.981369969999996,0.48,1,1,0,0
35.989710575,0.48,1,0,0,0
35.99805118,-0.48,1,0,0,0
36.006391785,-0.48,0,0,0,0
36.01473239,0.48,0,0,0,0
36.023072995,0.48,0,0,0,1
36.03141359999999,-0.48,0,0,0,0
36.039754204999994,-0.48,0,0,0,0
36.048094809999995,0.48,0,0,1,0
36.056435414999996,0.48,0,0,1,0
36.06477602,-0.48,0,0,0,0
36.073116625,0.48,0,0,0,0
36.08145723,-0.48,0,0,0,0
36.089797835,0.48,0,0,1,1
36.09813844,0.48,0,0,1,0
36.10647904499999,0.48,0,0,0,0
36.114819649999994,0.48,0,0,0,0
36.123160254999995,-0.48,0,0,1,1
36.131500859999996,0.48,0,0,1,1
36.139841464999996,-0.48,0,0,1,0
36.14818207,-0.48,0,0,0,0
36.156522675,-0.48,0,0,0,0
36.16486328,-0.48,1,1,0,0
36.173203885,-0.48,1,0,0,0
36.18154448999999,0.48,1,1,0,0
36.189885094999994,-0.48,1,1,0,0
36.198225699999995,-0.48,0,0,0,0
36.206566304999996,-0.48,0,0,0,0
36.214906909999996,0.48,1,1,0,0
36.223247515,0.48,0,0,0,0
36.23158812,-0.48,0,0,0,0
36.239928725,-0.48,0,0,0,0
36.24826933,0.48,0,0,1,1
36.25660993499999,0.48,0,0,1,1
36.264950539999994,0.48,0,0,0,0
36.273291144999995,-0.48,0,0,0,0
36.281631749999995,0.48,0,0,1,1
36.289972354999996,0.48,0,0,1,1
36.29831296,-0.48,0,0,1,1
36.306653565,-0.48,0,0,0,0
36.31499417,0.48,0,0,0,0
36.323334775,0.48,0,0,1,0
36.33167537999999,-0.48,0,1,0,0
36.340015984999994,-0.48,0,0,0,0
36.348356589999995,-0.48,0,0,0,0
36.356697194999995,-0.48,1,1,0,0
36.365037799999996,-0.48,0,1,0,0
36.373378405,0.48,1,0,0,0
36.38171901,0.48,0,0,0,0
36.390059615,-0.48,0,0,0,0
36.39840022,0.48,0,0,0,0
36.406740825,0.48,0,0,0,1
36.415081429999994,-0.48,0,0,1,1
36.423422034999994,-0.48,0,0,1,0
36.431762639999995,0.48,0,0,0,0
36.440103244999996,0.48,0,0,1,1
36.44844385,-0.48,0,0,0,0
36.456784455,-0.48,0,0,0,0
36.46512506,0.48,0,0,0,0
36.473465665,0.48,0,0,0,0
36.48180627,-0.48,0,1,0,0
36.49014687499999,0.48,0,0,0,0
36.498487479999994,-0.48,0,0,0,0
36.506828084999995,0.48,0,0,1,1
36.515168689999996,0.48,0,0,0,0
36.523509295,-0.48,0,0,0,0
36.5318499,0.48,0,0,0,0
36.540190505,0.48,0,0,1,0
36.54853111,-0.48,0,0,0,0
36.556871715,-0.48,0,0,0,0
36.56521231999999,0.48,0,0,1,1
36.573552924999994,0.48,1,0,0,1
36.581893529999995,-0.48,0,1,0,0
36.590234134999996,-0.48,0,0,0,0
36.59857474,-0.48,0,0,0,0
36.606915345,-0.48,1,1,0,1
36.61525595,0.48,1,1,0,0
36.623596555,0.48,0,0,0,0
36.63193716,-0.48,0,0,0,0
36.64027776499999,0.48,0,0,0,0
36.648618369999994,0.48,0,0,0,1
36.656958974999995,-0.48,0,0,1,1
36.665299579999996,-0.48,0,0,0,1
36.673640185,0.48,0,0,1,0
36.68198079,0.48,0,0,1,0
36.690321395,-0.48,0,1,0,0
36.698662,-0.48,0,0,0,0
36.707002605,0.48,0,0,0,0
36.71534320999999,0.48,0,0,1,1
36.723683814999994,-0.48,0,1,0,0
36.732024419999995,-0.48,0,0,0,0
36.740365024999996,0.48,0,0,0,0
36.748705629999996,-0.48,0,0,0,0
36.757046235,0.48,0,1,0,0
36.76538684,0.48,0,0,0,0
36.773727445,-0.48,0,0,0,0
36.78206805,0.48,0,0,0,0
36.79040865499999,-0.48,0,0,1,1
36.798749259999994,0.48,0,0,1,1
36.807089864999995,-0.48,0,0,0,0
36.815430469999995,0.48,0,0,0,0
36.823771074999996,-0.48,0,0,0,0
36.83211168,0.48,0,0,0,0
36.840452285,0.48,0,0,0,0
36.84879289,-0.48,0,0,0,0
36.857133495,0.48,0,0,0,0
36.86547409999999,-0.48,0,0,1,1
36.873814704999994,0.48,0,0,1,0
36.882155309999995,-0.48,0,0,0,0
36.890495914999995,-0.48,0,0,0,0
36.898836519999996,0.48,0,0,0,0
36.907177125,0.48,1,1,0,0
36.91551773,-0.48,0,0,0,0
36.923858335,-0.48,0,0,0,0
36.93219894,-0.48,0,0,0,1
36.94053954499999,-0.48,0,0,0,1
36.948880149999994,-0.48,1,1,0,0
36.957220754999994,-0.48,1,0,0,0
36.965561359999995,0.48,0,0,0,0
36.973901964999996,-0.48,0,0,0,0
36.98224257,-0.48,0,0,0,0
36.990583175,0.48,0,0,0,0
36.99892378,-0.48,0,0,0,0
37.007264385,0.48,0,1,0,0
37.01560499,-0.48,0,0,0,0
37.023945594999994,0.48,0,0,0,0
37.032286199999994,0.48,0,0,1,0
37.040626804999995,0.48,0,0,1,1
37.048967409999996,-0.48,0,0,1,1
37.057308015,-0.48,0,0,1,1
37.06564862,-0.48,0,0,0,1
37.073989225,0.48,0,0,0,0
37.08232983,0.48,1,1,0,0
37.090670435,0.48,0,0,0,0
37.09901103999999,-0.48,0,0,0,0
37.107351644999994,-0.48,0,0,0,1
37.115692249999995,-0.48,0,0,1,1
37.124032854999996,0.48,0,0,1,0
37.13237346,-0.48,1,1,0,0
37.140714065,0.48,0,0,0,0
37.14905467,0.48,0,0,0,0
37.157395275,0.48,0,0,0,0
37.16573588,0.48,0,0,0,0
37.17407648499999,0.48,0,0,1,1
37.182417089999994,0.48,0,0,1,1
37.190757694999995,0.48,0,0,1,1
37.199098299999996,0.48,0,0,0,0
37.207438905,-0.48,0,0,1,0
37.21577951,0.48,0,0,1,0
37.224120115,0.48,0,0,0,0
37.23246072,-0.48,0,0,0,0
37.240801325,0.48,0,0,0,0
37.24914192999999,-0.48,0,0,0,0
37.257482534999994,-0.48,0,0,0,0
37.265823139999995,0.48,1,1,0,0
37.274163744999996,0.48,1,1,0,0
37.282504349999996,0.48,0,0,0,0
37.290844955,0.48,0,0,0,0
37.29918556,-0.48,0,0,0,1
37.307526165,-0.48,0,0,1,1
37.31586677,0.48,0,0,0,0
37.32420737499999,0.48,0,0,0,0
37.332547979999994,-0.48,1,1,0,0
37.340888584999995,-0.48,0,0,0,0
37.349229189999996,0.48,0,0,0,0
37.357569794999996,0.48,0,1,0,0
37.3659104,0.48,1,0,0,0
37.374251005,0.48,0,0,0,0
37.38259161,0.48,0,0,0,0
37.390932215,-0.48,0,0,1,1
37.39927281999999,-0.48,0,0,1,1
37.407613424999994,-0.48,0,0,0,1
37.415954029999995,-0.48,0,1,0,0
37.424294634999995,-0.48,1,0,0,0
37.432635239999996,0.48,1,1,0,0
37.440975845,0.48,0,0,0,0
37.44931645,0.48,0,0,0,0
37.457657055,0.48,0,0,0,0
37.46599766,0.48,0,0,0,1
37.47433826499999,0.48,0,0,1,1
37.482678869999994,0.48,0,0,1,1
37.491019474999995,-0.48,0,0,1,1
37.499360079999995,0.48,0,0,1,0
37.507700684999996,0.48,0,0,1,0
37.51604129,-0.48,0,0,0,0
37.524381895,0.48,0,0,0,0
37.5327225,-0.48,0,0,0,0
37.541063105,0.48,0,0,0,0
37.54940370999999,-0.48,1,0,0,0
37.557744314999994,-0.48,0,1,0,0
37.566084919999994,-0.48,1,0,0,0
37.574425524999995,-0.48,1,1,0,0
37.582766129999996,-0.48,1,1,0,0
37.591106735,-0.48,0,0,0,0
37.59944734,0.48,1,1,0,0
37.607787945,0.48,1,0,0,0
37.61612855,-0.48,0,0,0,0
37.624469155,0.48,0,0,0,0
37.632809759999994,-0.48,0,0,0,1
37.641150364999994,-0.48,0,0,1,1
37.649490969999995,-0.48,0,0,1,0
37.657831574999996,0.48,0,1,0,0
37.66617218,0.48,1,1,0,0
37.674512785,-0.48,0,0,0,0
37.68285339,0.48,0,0,0,0
37.691193995,0.48,0,0,1,1
37.6995346,0.48,0,0,1,1
37.70787520499999,0.48,0,0,0,0
37.716215809999994,0.48,0,0,1,1
37.724556414999995,0.48,0,0,1,1
37.732897019999996,-0.48,0,0,1,0
37.741237625,-0.48,0,0,0,0
37.74957823,-0.48,0,0,1,0
37.757918835,0.48,1,1,0,0
37.76625944,0.48,1,1,0,0
37.774600045,0.48,1,0,0,0
37.78294064999999,-0.48,0,0,0,0
37.791281254999994,-0.48,0,0,0,1
37.799621859999995,0.48,0,0,0,1
37.807962464999996,-0.48,0,0,0,0
37.81630307,0.48,1,1,0,0
37.824643675,-0.48,0,0,0,0
37.83298428,0.48,0,0,0,0
37.841324885,-0.48,0,0,0,0
37.84966549,-0.48,0,0,0,0
37.85800609499999,-0.48,0,0,0,0
37.866346699999994,-0.48,1,1,0,0
37.874687304999995,-0.48,0,1,0,0
37.883027909999996,0.48,1,0,0,0
37.891368514999996,0.48,1,0,0,0
37.89970912,0.48,0,0,0,0
37.908049725,-0.48,0,0,0,0
37.91639033,-0.48,0,0,1,1
37.924730935,0.48,0,0,1,1
37.93307153999999,0.48,0,0,1,1
37.941412144999994,0.48,0,0,0,0
37.949752749999995,0.48,0,0,0,0
37.958093354999995,-0.48,0,0,1,0
37.966433959999996,-0.48,0,0,1,1
37.974774565,-0.48,0,0,1,1
37.98311517,0.48,1,1,0,0
37.991455775,0.48,0,1,0,0
37.99979638,-0.48,0,0,0,0
38.00813698499999,-0.48,0,0,0,0
38.016477589999994,-0.48,0,0,0,1
38.024818194999995,0.48,1,1,0,1
38.033158799999995,-0.48,1,0,0,0
38.041499404999996,0.48,0,0,0,0
38.04984001,0.48,0,0,0,0
38.058180615,-0.48,0,0,0,0
38.06652122,0.48,0,0,0,1
38.074861825,-0.48,0,0,1,0
38.08320242999999,0.48,0,0,0,0
38.091543034999994,0.48,0,0,0,0
38.099883639999995,0.48,0,0,0,0
38.108224244999995,0.48,0,0,0,0
38.116564849999996,0.48,0,0,1,1
38.124905455,-0.48,0,0,1,1
38.13324606,0.48,0,0,1,1
38.141586665,-0.48,0,0,1,0
38.14992727,-0.48,0,0,0,0
38.15826787499999,0.48,0,1,0,0
38.166608479999994,0.48,1,1,0,0
38.174949084999994,-0.48,0,0,0,0
38.183289689999995,-0.48,0,0,0,0
38.191630294999996,0.48,0,0,0,1
38.1999709,-0.48,1,1,0,0
38.208311505,0.48,1,0,0,0
38.21665211,-0.48,0,0,0,0
38.224992715,-0.48,0,0,0,0
38.23333332,-0.48,0,0,0,0
38.24167392499999,0.48,1,0,0,0
38.250014529999994,-0.48,0,1,0,0
38.258355134999995,0.48,0,0,0,0
38.266695739999996,-0.48,0,0,0,0
38.275036345,-0.48,0,0,0,0
38.28337695,0.48,0,0,0,0
38.291717555,0.48,0,0,1,0
38.30005816,-0.48,0,1,0,0
38.308398765,-0.48,0,0,0,0
38.31673936999999,0.48,0,0,1,0
38.325079974999994,0.48,0,0,1,1
38.333420579999995,0.48,0,0,0,0
38.341761184999996,-0.48,0,0,0,0
38.35010179,0.48,0,0,1,1
38.358442395,-0.48,0,0,1,1
38.366783,0.48,0,0,1,0
38.375123605,-0.48,0,0,0,0
38.38346421,0.48,0,0,0,0
38.39180481499999,0.48,0,0,0,0
38.400145419999994,0.48,0,0,0,0
38.408486024999995,-0.48,0,0,0,0
38.416826629999996,0.48,0,0,1,0
38.425167234999996,0.48,0,0,1,1
38.43350784,0.48,0,0,0,1
38.441848445,0.48,0,0,0,0
38.45018905,-0.48,0,0,0,1
38.458529655,0.48,0,0,1,1
38.46687025999999,-0.48,0,0,1,0
38.475210864999994,0.48,0,0,0,0
38.483551469999995,0.48,1,0,0,0
38.491892074999996,0.48,0,1,0,0
38.500232679999996,-0.48,0,0,0,0
38.508573285,-0.48,0,0,0,1
38.51691389,-0.48,0,0,1,1
38.525254495,-0.48,1,1,0,0
38.5335951,-0.48,0,0,0,0
38.54193570499999,-0.48,1,0,0,0
38.550276309999994,-0.48,1,0,0,0
38.558616914999995,0.48,0,0,0,0
38.566957519999995,-0.48,1,1,1,0
38.575298124999996,0.48,0,0,0,0
38.58363873,0.48,0,0,0,0
38.591979335,0.48,0,0,0,0
38.60031994,0.48,0,0,1,0
38.608660545,0.48,0,0,1,1
38.61700114999999,0.48,0,0,1,1
38.625341754999994,0.48,0,0,1,0
38.633682359999995,-0.48,0,0,1,0
38.642022964999995,0.48,0,0,0,0
38.650363569999996,-0.48,0,0,0,0
38.658704175,0.48,0,0,0,0
38.66704478,0.48,0,0,0,0
38.675385385,-0.48,0,0,0,0
38.68372599,-0.48,0,0,0,0
38.69206659499999,-0.48,0,0,0,0
38.700407199999994,-0.48,1,1,0,0
38.708747804999994,-0.48,1,0,0,0
38.717088409999995,-0.48,1,0,0,0
38.725429014999996,0.48,0,1,0,0
38.73376962,-0.48,1,1,0,0
38.742110225,-0.48,0,0,0,0
38.75045083,0.48,0,0,0,0
38.758791435,-0.48,0,0,0,0
38.76713203999999,0.48,0,0,0,0
38.775472644999994,-0.48,0,0,0,0
38.783813249999994,0.48,0,0,1,0
38.792153854999995,0.48,0,0,0,0
38.800494459999996,0.48,0,0,0,0
38.808835065,-0.48,0,0,1,0
38.81717567,-0.48,0,0,1,1
38.825516275,0.48,0,0,1,1
38.83385688,-0.48,0,0,0,0
38.842197485,0.48,0,1,0,0
38.85053808999999,0.48,0,0,0,0
38.858878694999994,0.48,0,0,0,0
38.867219299999995,-0.48,0,0,0,0
38.875559904999996,-0.48,0,0,1,1
38.88390051,-0.48,0,0,1,1
38.892241115,0.48,0,0,0,0
38.90058172,0.48,1,1,0,0
38.908922325,0.48,0,0,0,0
38.91726293,-0.48,0,0,0,0
38.92560353499999,0.48,0,0,0,1
38.933944139999994,0.48,0,0,1,1
38.942284744999995,0.48,0,0,0,0
38.950625349999996,0.48,0,0,0,0
38.958965955,-0.48,0,0,1,0
38.96730656,-0.48,0,0,1,1
38.975647165,0.48,0,0,1,1
38.98398777,-0.48,1,1,0,0
38.992328375,0.48,1,0,0,0
39.00066897999999,0.48,0,0,0,0
39.009009584999994,-0.48,0,0,0,0
39.017350189999995,-0.48,0,0,0,0
39.025690794999996,-0.48,0,0,0,0
39.034031399999996,0.48,1,1,0,0
39.042372005,-0.48,0,0,0,0
39.05071261,0.48,0,0,0,0
39.059053215,-0.48,0,0,0,0
39.06739382,-0.48,0,0,0,0
39.07573442499999,-0.48,0,0,0,0
39.084075029999994,0.48,0,1,0,0
39.092415634999995,-0.48,1,0,0,0
39.100756239999996,0.48,0,0,0,0
39.109096844999996,-0.48,0,0,0,0
39.11743745,0.48,0,0,0,0
39.125778055,0.48,0,0,0,0
39.13411866,0.48,0,0,1,0
39.142459265,0.48,0,0,1,0
39.15079986999999,-0.48,0,0,1,1
39.159140474999994,0.48,0,0,1,1
39.167481079999995,0.48,0,0,1,1
39.175821684999995,-0.48,0,0,0,0
39.184162289999996,0.48,0,0,0,0
39.192502895,-0.48,0,0,0,0
39.2008435,0.48,0,0,0,0
39.209184105,-0.48,0,0,0,0
39.21752471,-0.48,0,0,0,0
39.22586531499999,-0.48,1,1,0,0
39.234205919999994,0.48,1,1,0,0
39.242546524999995,-0.48,0,0,0,0
39.250887129999995,-0.48,1,0,0,0
39.259227734999996,-0.48,0,0,0,0
39.26756834,-0.48,1,0,0,0
39.275908945,-0.48,0,1,0,0
39.28424955,-0.48,0,0,0,0
39.292590155,0.48,1,0,0,0
39.30093075999999,0.48,0,1,0,0
39.309271364999994,-0.48,0,0,0,0
39.317611969999994,0.48,0,0,0,0
39.325952574999995,-0.48,0,0,1,1
39.334293179999996,0.48,0,0,1,1
39.342633785,-0.48,0,0,1,0
39.35097439,0.48,0,0,0,0
39.359314995,0.48,0,0,0,0
39.3676556,0.48,0,0,0,0
39.37599620499999,0.48,0,0,1,0
39.38433680999999,-0.48,0,0,1,1
39.392677414999994,-0.48,0,0,1,1
39.401018019999995,0.48,0,0,0,1
39.409358624999996,0.48,1,1,1,0
39.41769923,0.48,0,0,0,0
39.426039835,0.48,0,0,0,0
39.43438044,-0.48,0,0,0,0
39.442721045,0.48,0,0,1,1
39.45106165,0.48,0,0,1,1
39.45940225499999,0.48,0,0,0,0
39.467742859999994,-0.48,0,0,0,0
39.476083464999995,0.48,0,0,0,0
39.484424069999996,0.48,0,0,0,1
39.492764675,-0.48,0,0,0,0
39.50110528,0.48,0,0,0,0
39.509445885,-0.48,0,0,0,0
39.51778649,-0.48,0,0,0,0
39.526127095,0.48,1,1,0,0
39.53446769999999,-0.48,1,1,0,0
39.542808304999994,-0.48,0,0,0,0
39.551148909999995,-0.48,1,0,0,0
39.559489514999996,0.48,1,1,0,0
39.567830119999996,-0.48,0,0,0,0
39.576170725,0.48,0,0,0,0
39.58451133,0.48,0,0,0,0
39.592851935,0.48,0,0,0,0
39.60119254,0.48,0,0,0,0
39.60953314499999,0.48,0,0,1,1
39.617873749999994,0.48,0,0,1,1
39.626214354999995,0.48,0,0,1,1
39.634554959999996,-0.48,0,0,1,0
39.642895564999996,0.48,0,0,0,0
39.65123617,0.48,0,0,1,0
39.659576775,0.48,0,0,0,0
39.66791738,-0.48,0,0,0,0
39.676257985,-0.48,0,0,0,0
39.68459858999999,-0.48,0,0,0,1
39.692939194999994,0.48,1,1,0,0
39.701279799999995,-0.48,0,1,0,0
39.709620404999995,-0.48,1,0,0,0
39.717961009999996,0.48,1,0,0,0
39.726301615,0.48,1,1,0,0
39.73464222,-0.48,0,0,0,0
39.742982825,-0.48,0,0,0,0
39.75132343,-0.48,0,0,0,0
39.75966403499999,0.48,0,0,0,0
39.768004639999994,-0.48,1,1,0,0
39.776345244999995,-0.48,0,0,0,0
39.784685849999995,0.48,0,0,0,0
39.793026454999996,-0.48,0,0,0,0
39.80136706,0.48,0,1,0,0
39.809707665,-0.48,0,0,0,0
39.81804827,-0.48,0,0,0,0
39.826388875,-0.48,0,0,1,0
39.83472947999999,0.48,0,0,0,0
39.843070084999994,-0.48,1,0,0,0
39.851410689999994,-0.48,0,0,0,0
39.859751294999995,0.48,0,0,0,0
39.868091899999996,0.48,0,0,0,0
39.876432505,0.48,0,0,0,0
39.88477311,0.48,0,0,0,0
39.893113715,-0.48,0,0,1,1
39.90145432,0.48,0,0,1,1
39.90979492499999,0.48,0,0,1,1
39.918135529999994,0.48,0,0,0,0
39.926476134999994,-0.48,0,0,0,0
39.934816739999995,-0.48,0,0,1,0
39.943157344999996,-0.48,0,0,1,1
39.95149795,-0.48,1,0,0,0
39.959838555,-0.48,1,0,0,0
39.96817916,-0.48,1,1,0,0
39.976519765,-0.48,1,1,0,0
39.98486036999999,0.48,1,0,0,0
39.99320097499999,0.48,0,1,0,0
40.001541579999994,-0.48,0,0,0,0
40.009882184999995,0.48,0,0,0,0
40.018222789999996,-0.48,0,0,1,1
40.026563395,0.48,0,0,1,1
40.034904,-0.48,0,0,1,0
40.043244605,-0.48,0,0,0,0
40.05158521,-0.48,0,0,1,0
40.05992581499999,0.48,0,0,0,0
40.06826641999999,0.48,1,1,0,0
40.076607024999994,-0.48,0,0,0,0
40.084947629999995,-0.48,0,0,0,0
40.093288234999996,0.48,0,0,0,1
40.10162884,-0.48,0,0,1,0
40.109969445,0.48,0,0,0,0
40.11831005,-0.48,0,0,0,0
40.126650655,-0.48,0,0,0,0
40.13499126,0.48,0,0,0,0
40.14333186499999,-0.48,0,0,0,0
40.151672469999994,0.48,1,1,0,0
40.160013074999995,-0.48,0,0,0,0
40.168353679999996,0.48,0,0,0,0
40.176694284999996,0.48,0,0,0,0
40.18503489,-0.48,0,0,0,0
40.193375495,-0.48,0,0,1,0
40.2017161,-0.48,0,0,1,1
40.210056705,-0.48,0,0,0,0
40.21839730999999,-0.48,1,0,0,0
40.226737914999994,-0.48,1,1,0,0
40.235078519999995,0.48,1,0,0,0
40.243419124999996,0.48,1,0,0,0
40.251759729999996,-0.48,0,0,0,0
40.260100335,-0.48,0,0,0,0
40.26844094,-0.48,0,0,0,1
40.276781545,0.48,0,0,1,0
40.28512215,0.48,0,1,0,0
40.29346275499999,0.48,0,0,0,0
40.301803359999994,-0.48,0,0,0,0
40.310143964999995,-0.48,0,0,1,1
40.318484569999995,0.48,0,0,1,1
40.326825174999996,0.48,0,0,1,0
40.33516578,0.48,0,0,0,0
40.343506385,-0.48,0,0,0,0
40.35184699,0.48,0,0,1,0
40.360187595,0.48,0,0,1,1
40.36852819999999,-0.48,0,0,1,0
40.376868804999994,-0.48,0,0,0,0
40.385209409999995,0.48,0,0,0,0
40.393550014999995,0.48,0,0,0,0
40.401890619999996,-0.48,1,0,0,0
40.410231225,0.48,0,0,0,0
40.41857183,0.48,0,0,0,0
40.426912435,0.48,0,0,0,0
40.43525304,-0.48,0,0,0,0
40.44359364499999,-0.48,0,0,1,0
40.451934249999994,-0.48,0,0,1,1
40.460274854999994,-0.48,1,1,0,0
40.468615459999995,-0.48,0,0,0,0
40.476956064999996,-0.48,1,1,0,0
40.48529667,0.48,1,1,0,0
40.493637275,0.48,0,0,0,0
40.50197788,0.48,0,0,0,0
40.510318485,0.48,0,0,0,0
40.51865908999999,0.48,0,0,1,1
40.52699969499999,0.48,0,0,1,1
40.535340299999994,-0.48,0,0,1,0
40.543680904999995,-0.48,0,0,1,0
40.552021509999996,-0.48,0,0,1,0
40.560362115,0.48,0,0,1,0
40.56870272,0.48,1,1,0,0
40.577043325,-0.48,0,0,0,0
40.58538393,-0.48,0,0,0,0
40.59372453499999,-0.48,0,0,0,1
40.60206513999999,-0.48,0,0,0,1
40.610405744999994,0.48,1,0,0,0
40.618746349999995,0.48,1,0,0,0
40.627086954999996,0.48,0,0,0,0
40.63542756,-0.48,0,0,0,0
40.643768165,0.48,0,0,0,1
40.65210877,-0.48,0,0,1,1
40.660449375,-0.48,0,0,0,0
40.66878997999999,-0.48,0,0,1,0
40.67713058499999,-0.48,0,1,0,0
40.685471189999994,0.48,1,0,0,0
40.693811794999995,-0.48,1,0,0,0
40.702152399999996,0.48,0,0,0,0
40.710493005,0.48,0,0,0,0
40.71883361,-0.48,0,0,0,0
40.727174215,0.48,0,0,1,0
40.73551482,-0.48,0,0,1,1
40.743855425,-0.48,0,0,1,1
40.75219602999999,-0.48,0,0,0,0
40.760536634999994,0.48,1,1,0,0
40.768877239999995,0.48,1,1,0,0
40.777217844999996,0.48,0,0,0,0
40.785558449999996,-0.48,0,0,0,0
40.793899055,0.48,0,0,1,1
40.80223966,-0.48,0,0,1,1
40.810580265,-0.48,0,0,1,1
40.81892087,0.48,0,0,0,0
40.82726147499999,0.48,0,0,0,0
40.835602079999994,0.48,0,0,0,0
40.843942684999995,0.48,0,0,0,0
40.852283289999995,0.48,0,0,0,1
40.860623894999996,0.48,0,0,1,1
40.8689645,0.48,0,0,0,1
40.877305105,0.48,0,0,1,0
40.88564571,0.48,0,0,1,0
40.893986315,-0.48,0,0,1,1
40.90232691999999,0.48,0,0,0,0
40.910667524999994,-0.48,0,0,0,0
40.919008129999995,0.48,0,1,0,0
40.927348734999995,-0.48,1,0,0,0
40.935689339999996,-0.48,0,0,0,0
40.944029945,-0.48,1,0,0,0
40.95237055,-0.48,1,0,0,0
40.960711155,0.48,0,0,0,0
40.96905176,-0.48,0,1,0,0
40.97739236499999,-0.48,0,0,0,0
40.985732969999994,-0.48,0,0,0,0
40.994073574999994,-0.48,1,1,0,0
41.002414179999995,0.48,0,0,0,0
41.010754784999996,0.48,0,0,0,0
41.01909539,-0.48,0,0,0,0
41.027435995,0.48,0,0,0,0
41.0357766,0.48,0,0,1,1
41.044117205,-0.48,0,0,1,1
41.05245780999999,0.48,0,0,1,0
41.060798414999994,0.48,0,0,1,0
41.069139019999994,-0.48,0,0,1,0
41.077479624999995,-0.48,0,0,1,0
41.085820229999996,0.48,0,0,0,1
41.094160835,-0.48,0,0,0,0
41.10250144,-0.48,0,1,0,0
41.110842045,0.48,0,0,0,0
41.11918265,-0.48,1,1,0,0
41.12752325499999,0.48,0,0,0,0
41.13586385999999,0.48,0,0,0,0
41.144204464999994,-0.48,0,0,0,0
41.152545069999995,0.48,0,0,0,0
41.160885674999996,-0.48,0,0,1,1
41.16922628,-0.48,0,0,1,1
41.177566885,0.48,0,0,0,0
41.18590749,-0.48,0,1,0,0
41.194248095,-0.48,0,1,0,0
41.20258869999999,0.48,0,0,0,0
41.21092930499999,-0.48,1,0,0,0
41.219269909999994,-0.48,1,1,0,0
41.227610514999995,-0.48,0,0,0,0
41.235951119999996,0.48,1,1,1,0
41.244291725,-0.48,0,1,0,0
41.25263233,0.48,0,0,0,0
41.260972935,-0.48,0,0,0,0
41.26931354,-0.48,0,0,0,0
41.27765414499999,-0.48,0,0,1,0
41.28599474999999,-0.48,0,0,1,0
41.294335354999994,-0.48,1,1,0,0
41.302675959999995,-0.48,1,0,0,0
41.311016564999996,0.48,1,0,1,0
41.319357169999996,-0.48,0,0,0,0
41.327697775,0.48,0,0,0,0
41.33603838,0.48,0,0,0,0
41.344378985,-0.48,0,0,0,0
41.35271959,0.48,0,0,1,1
41.36106019499999,0.48,0,0,1,1
41.369400799999994,-0.48,0,0,0,0
41.377741404999995,0.48,0,0,1,0
41.386082009999996,-0.48,0,0,1,0
41.394422614999996,0.48,0,0,1,0
41.40276322,0.48,0,0,0,0
41.411103825,0.48,0,0,0,0
41.41944443,-0.48,0,0,0,0
41.427785035,-0.48,0,0,0,1
41.43612563999999,0.48,0,0,1,1
41.444466244999994,-0.48,1,0,0,1
41.452806849999995,0.48,0,0,0,0
41.461147454999995,0.48,0,0,0,0
41.469488059999996,0.48,0,0,0,0
41.477828665,-0.48,0,0,0,0
41.48616927,-0.48,0,0,0,1
41.494509875,-0.48,0,0,1,1
41.50285048,0.48,1,1,0,0
41.51119108499999,-0.48,0,0,0,0
41.519531689999994,-0.48,1,0,0,0
41.527872294999995,0.48,0,0,0,0
41.536212899999995,0.48,1,1,0,0
41.544553504999996,-0.48,0,0,0,0
41.55289411,0.48,0,0,0,0
41.561234715,0.48,0,0,0,0
41.56957532,0.48,0,0,1,1
41.577915925,-0.48,0,0,1,0
41.58625652999999,-0.48,0,0,1,1
41.594597134999994,0.48,0,0,1,1
41.602937739999994,-0.48,0,0,0,0
41.611278344999995,0.48,0,1,0,0
41.619618949999996,0.48,0,0,0,0
41.627959555,-0.48,0,0,0,0
41.63630016,0.48,0,0,0,0
41.644640765,-0.48,0,0,1,0
41.65298137,-0.48,0,0,0,0
41.66132197499999,0.48,0,0,0,0
41.669662579999994,0.48,0,1,0,0
41.678003184999994,-0.48,1,1,0,0
41.686343789999995,0.48,0,0,0,0
41.694684394999996,0.48,0,0,0,0
41.703025,0.48,0,0,1,1
41.711365605,0.48,0,0,0,0
41.71970621,0.48,0,0,1,0
41.728046815,0.48,0,0,1,1
41.73638741999999,-0.48,0,0,1,1
41.74472802499999,-0.48,0,0,1,0
41.753068629999994,0.48,0,0,0,0
41.761409234999995,-0.48,1,1,0,0
41.769749839999996,-0.48,0,0,0,0
41.778090445,-0.48,1,1,0,0
41.78643105,0.48,1,0,0,0
41.794771655,-0.48,1,0,0,0
41.80311226,-0.48,0,0,0,0
41.81145286499999,-0.48,0,0,0,0
41.81979346999999,0.48,1,1,0,0
41.828134074999994,-0.48,1,0,0,0
41.836474679999995,-0.48,0,0,0,0
41.844815284999996,-0.48,0,0,0,0
41.85315589,-0.48,0,0,0,0
41.861496495,0.48,1,1,0,0
41.8698371,0.48,0,0,0,0
41.878177705,-0.48,0,0,0,0
41.88651830999999,0.48,0,0,0,0
41.89485891499999,-0.48,0,0,1,1
41.903199519999994,0.48,0,0,1,1
41.911540124999995,0.48,0,0,1,0
41.919880729999996,0.48,0,0,0,0
41.928221334999996,0.48,0,0,0,0
41.93656194,0.48,0,0,1,1
41.944902545,0.48,0,0,1,1
41.95324315,0.48,0,0,0,1
41.961583755,0.48,0,0,0,0
41.96992435999999,0.48,0,0,1,0
41.978264964999994,0.48,0,0,0,0
41.986605569999995,-0.48,0,0,0,1
41.994946174999995,0.48,0,0,1,1
42.003286779999996,-0.48,0,0,0,0
42.011627385,-0.48,1,0,0,0
42.01996799,0.48,1,1,0,0
42.028308595,0.48,1,0,0,0
42.0366492,-0.48,1,0,0,0
42.04498980499999,0.48,0,0,0,0
42.053330409999994,-0.48,0,0,0,1
42.061671014999995,0.48,0,0,0,0
42.070011619999995,0.48,0,1,0,0
42.078352224999996,-0.48,0,0,0,0
42.08669283,-0.48,0,0,0,0
42.095033435,0.48,0,0,1,0
42.10337404,-0.48,0,0,0,0
42.111714645,-0.48,0,0,0,0
42.12005524999999,0.48,0,0,0,0
42.128395854999994,0.48,1,0,0,0
42.136736459999995,-0.48,1,1,0,0
42.145077064999995,0.48,0,0,0,0
42.153417669999996,0.48,0,0,1,0
42.161758275,0.48,0,0,1,0
42.17009888,0.48,0,0,0,1
42.178439485,-0.48,0,0,1,1
42.18678009,-0.48,0,0,1,1
42.19512069499999,-0.48,0,0,1,1
42.203461299999994,-0.48,0,1,0,0
42.211801904999994,0.48,1,1,0,0
42.220142509999995,-0.48,0,0,0,0
42.228483114999996,-0.48,0,1,0,0
42.23682372,0.48,0,0,0,0
42.245164325,-0.48,1,1,0,0
42.25350493,0.48,0,0,0,0
42.261845535,-0.48,0,0,0,0
42.27018613999999,-0.48,0,0,0,0
42.27852674499999,0.48,0,0,0,0
42.286867349999994,0.48,0,0,0,0
42.295207954999995,-0.48,0,1,0,0
42.303548559999996,-0.48,0,0,0,0
42.311889165,-0.48,0,0,1,0
42.32022977,-0.48,0,0,1,1
42.328570375,-0.48,1,1,0,0
42.33691098,-0.48,1,0,1,0
42.34525158499999,0.48,1,0,0,0
42.35359218999999,0.48,0,0,1,0
42.361932794999994,0.48,0,0,0,0
42.370273399999995,0.48,0,0,0,0
42.378614004999996,-0.48,0,0,1,1
42.38695461,0.48,0,0,1,1
42.395295215,-0.48,0,0,1,1
42.40363582,0.48,0,0,0,0
42.411976425,-0.48,0,0,0,0
42.42031702999999,-0.48,0,0,0,0
42.42865763499999,0.48,0,0,0,0
42.436998239999994,0.48,1,0,0,0
42.445338844999995,-0.48,0,1,0,0
42.453679449999996,-0.48,0,0,0,0
42.462020054999996,0.48,0,0,0,0
42.47036066,-0.48,0,0,0,1
42.478701265,-0.48,1,1,0,0
42.48704187,0.48,0,0,0,0
42.49538247499999,0.48,0,0,0,0
42.50372307999999,0.48,1,1,0,0
42.512063684999994,-0.48,0,0,0,0
42.520404289999995,0.48,0,0,1,1
42.528744894999996,-0.48,0,0,1,1
42.537085499999996,0.48,0,0,1,0
42.545426105,0.48,0,0,0,0
42.55376671,0.48,0,0,0,0
42.562107315,-0.48,0,0,0,0
42.57044792,0.48,0,0,1,1
42.57878852499999,0.48,0,0,1,1
42.587129129999994,-0.48,0,0,1,0
42.595469734999995,-0.48,0,0,0,0
42.603810339999995,-0.48,0,0,0,0
42.612150944999996,-0.48,0,1,0,0
42.62049155,0.48,0,1,0,0
42.628832155,0.48,1,1,0,0
42.63717276,0.48,0,0,0,0
42.645513365,0.48,0,0,0,0
42.65385396999999,0.48,0,0,0,1
42.662194574999994,-0.48,0,0,1,1
42.670535179999995,-0.48,0,0,1,1
42.678875784999995,0.48,0,0,1,0
42.687216389999996,0.48,0,0,0,0
42.695556995,0.48,0,1,0,0
42.7038976,0.48,0,0,0,0
42.712238205,0.48,0,0,0,0
42.72057881,0.48,0,0,1,1
42.72891941499999,-0.48,0,0,1,1
42.737260019999994,-0.48,0,0,1,0
42.745600624999994,0.48,0,0,0,0
42.753941229999995,-0.48,1,0,0,0
42.762281834999996,-0.48,0,1,0,0
42.77062244,-0.48,0,0,0,0
42.778963045,-0.48,1,1,0,0
42.78730365,0.48,1,1,0,0
42.795644255,-0.48,1,0,1,0
42.80398485999999,0.48,0,0,0,0
42.812325464999994,-0.48,0,0,0,0
42.820666069999994,-0.48,0,0,0,0
42.829006674999995,-0.48,0,0,0,0
42.837347279999996,0.48,1,1,0,0
42.845687885,0.48,1,1,0,0
42.85402849,-0.48,0,0,0,0
42.862369095,0.48,0,0,0,0
42.8707097,0.48,0,0,1,1
42.87905030499999,-0.48,0,0,1,1
42.88739090999999,0.48,0,0,1,1
42.895731514999994,-0.48,0,0,1,0
42.904072119999995,-0.48,0,0,0,0
42.912412724999996,-0.48,0,0,0,0
42.92075333,-0.48,1,0,0,0
42.929093935,0.48,1,0,0,0
42.93743454,-0.48,1,1,0,0
42.945775145,0.48,0,0,0,0
42.95411574999999,-0.48,0,0,0,0
42.96245635499999,-0.48,0,0,0,0
42.970796959999994,0.48,0,0,0,0
42.979137564999995,0.48,0,0,0,0
42.987478169999996,0.48,0,1,0,0
42.995818775,-0.48,0,0,0,0
43.00415938,0.48,0,0,1,1
43.012499985,-0.48,0,0,1,1
43.02084059,-0.48,0,0,0,0
43.02918119499999,0.48,0,0,0,0
43.03752179999999,-0.48,0,1,0,0
43.045862404999994,0.48,1,0,0,0
43.054203009999995,0.48,0,0,0,0
43.062543614999996,-0.48,0,0,0,0
43.070884219999996,0.48,0,0,0,0
43.079224825,-0.48,0,0,1,1
43.08756543,-0.48,0,0,1,1
43.095906035,-0.48,0,0,0,0
43.10424663999999,0.48,1,1,0,0
43.11258724499999,0.48,1,1,0,0
43.120927849999994,-0.48,1,0,0,0
43.129268454999995,-0.48,0,0,0,0
43.137609059999996,0.48,0,0,0,0
43.145949664999996,-0.48,0,0,0,1
43.15429027,-0.48,0,1,0,0
43.162630875,0.48,0,0,0,0
43.17097148,0.48,0,0,0,0
43.179312085,-0.48,1,0,0,0
43.18765268999999,0.48,0,0,0,0
43.195993294999994,-0.48,0,0,1,0
43.204333899999995,-0.48,0,0,1,1
43.212674504999995,0.48,0,0,0,0
43.221015109999996,-0.48,0,0,0,0
43.229355715,0.48,1,1,0,0
43.23769632,0.48,0,0,0,0
43.246036925,-0.48,0,0,0,0
43.25437753,0.48,0,0,0,0
43.26271813499999,0.48,0,0,1,1
43.271058739999994,0.48,0,0,1,1
43.279399344999995,-0.48,0,0,0,0
43.287739949999995,-0.48,0,0,1,1
43.296080554999996,-0.48,0,0,1,1
43.30442116,0.48,1,0,0,0
43.312761765,0.48,1,1,0,0
43.32110237,0.48,0,0,0,0
43.329442975,0.48,0,0,0,0
43.33778357999999,0.48,0,0,0,1
43.346124184999994,-0.48,0,0,1,1
43.354464789999994,0.48,0,0,1,1
43.362805394999995,0.48,0,0,0,0
43.371145999999996,-0.48,0,0,0,0
43.379486605,-0.48,0,0,0,0
43.38782721,0.48,0,0,0,0
43.396167815,0.48,1,0,0,0
43.40450842,0.48,0,1,0,0
43.41284902499999,0.48,0,0,0,0
43.42118962999999,-0.48,0,0,0,0
43.429530234999994,-0.48,0,0,1,1
43.437870839999995,-0.48,0,0,1,0
43.446211444999996,-0.48,1,1,0,0
43.45455205,0.48,1,0,0,0
43.462892655,0.48,1,0,0,0
43.47123326,0.48,0,0,0,0
43.479573865,0.48,0,0,0,0
43.48791446999999,0.48,0,0,0,1
43.49625507499999,0.48,0,0,1,1
43.504595679999994,0.48,0,0,1,1
43.512936284999995,-0.48,0,0,1,0
43.521276889999996,-0.48,0,0,1,0
43.529617495,-0.48,0,0,1,0
43.5379581,-0.48,1,0,0,0
43.546298705,0.48,0,0,0,0
43.55463931,-0.48,1,0,0,0
43.56297991499999,0.48,0,0,0,0
43.57132051999999,0.48,0,0,0,0
43.579661124999994,0.48,0,0,0,0
43.588001729999995,-0.48,0,0,0,0
43.596342334999996,0.48,0,0,1,1
43.60468294,-0.48,0,0,1,1
43.613023545,-0.48,0,0,1,0
43.62136415,-0.48,0,0,0,0
43.629704755,0.48,0,1,0,0
43.63804535999999,-0.48,1,1,0,0
43.64638596499999,-0.48,1,0,0,0
43.654726569999994,-0.48,0,0,0,0
43.663067174999995,-0.48,1,0,0,0
43.671407779999996,0.48,0,1,0,0
43.679748384999996,-0.48,0,0,0,0
43.68808899,0.48,0,0,0,0
43.696429595,-0.48,0,0,0,0
43.7047702,-0.48,0,0,0,0
43.71311080499999,-0.48,0,0,1,0
43.72145140999999,0.48,0,0,0,1
43.729792014999994,-0.48,1,1,0,0
43.738132619999995,0.48,0,0,0,0
43.746473224999995,0.48,0,0,0,0
43.754813829999996,0.48,0,0,0,0
43.763154435,-0.48,0,0,1,0
43.77149504,-0.48,0,0,1,1
43.779835645,-0.48,0,0,1,1
43.78817624999999,0.48,0,0,0,0
43.79651685499999,0.48,1,1,0,0
43.804857459999994,-0.48,0,0,0,0
43.813198064999995,-0.48,0,0,0,0
43.821538669999995,-0.48,0,0,0,1
43.829879274999996,0.48,0,0,1,1
43.83821988,-0.48,1,1,0,0
43.846560485,-0.48,0,0,0,0
43.85490109,0.48,0,0,0,0
43.863241695,-0.48,1,0,0,0
43.87158229999999,0.48,1,1,0,0
43.879922904999994,-0.48,0,0,0,0
43.888263509999994,0.48,0,0,0,0
43.896604114999995,0.48,0,0,0,0
43.904944719999996,0.48,0,0,1,0
43.913285325,0.48,0,0,1,0
43.92162593,-0.48,0,0,1,1
43.929966535,0.48,0,0,1,1
43.93830714,0.48,0,0,1,0
43.94664774499999,-0.48,0,0,0,0
43.954988349999994,0.48,0,0,0,0
43.963328954999994,-0.48,0,0,0,0
43.971669559999995,-0.48,0,0,0,0
43.980010164999996,0.48,0,0,0,0
43.98835077,-0.48,1,1,0,0
43.996691375,-0.48,0,0,0,0
44.00503198,-0.48,1,0,0,0
44.013372585,-0.48,1,1,0,0
44.02171318999999,0.48,1,0,0,0
44.03005379499999,0.48,0,0,0,0
44.038394399999994,0.48,0,0,0,0
44.046735004999995,-0.48,0,0,0,0
44.055075609999996,0.48,0,0,1,1
44.063416215,-0.48,0,0,1,1
44.07175682,0.48,0,0,1,0
44.080097425,0.48,0,0,0,0
44.08843803,-0.48,0,0,0,0
44.09677863499999,-0.48,0,0,0,0
44.10511923999999,0.48,0,0,1,0
44.113459844999994,0.48,0,0,0,0
44.121800449999995,-0.48,0,0,0,0
44.130141054999996,-0.48,0,0,0,0
44.13848166,-0.48,0,0,0,0
44.146822265,0.48,1,0,0,1
44.15516287,0.48,1,1,0,0
44.163503475,0.48,0,0,0,0
44.17184407999999,-0.48,0,0,0,0
44.18018468499999,0.48,0,0,1,1
44.188525289999994,-0.48,0,0,1,1
44.196865894999995,-0.48,0,0,1,0
44.205206499999996,-0.48,0,0,0,0
44.213547104999996,0.48,1,1,0,0
44.22188771,-0.48,0,0,0,0
44.230228315,-0.48,0,0,0,0
44.23856892,0.48,0,0,0,0
44.24690952499999,-0.48,0,0,0,0
44.25525012999999,0.48,1,1,0,0
44.263590734999994,-0.48,0,0,0,0
44.271931339999995,-0.48,0,0,0,0
44.280271944999996,-0.48,0,0,0,0
44.288612549999996,0.48,0,0,0,0
44.296953155,0.48,1,1,1,0
44.30529376,-0.48,0,0,0,0
44.313634365,0.48,0,0,0,0
44.32197496999999,-0.48,0,0,1,1
44.33031557499999,0.48,0,0,1,1
44.338656179999994,0.48,0,0,1,0
44.346996784999995,-0.48,0,0,0,0
44.355337389999995,0.48,0,0,0,0
44.363677994999996,-0.48,0,0,1,1
44.3720186,-0.48,0,0,0,1
44.380359205,-0.48,0,0,0,0
44.38869981,-0.48,1,1,0,0
44.39704041499999,0.48,1,1,0,0
44.40538101999999,-0.48,1,1,0,0
44.413721624999994,-0.48,0,0,0,0
44.422062229999995,0.48,0,0,0,0
44.430402834999995,-0.48,1,0,0,0
44.438743439999996,0.48,1,0,0,0
44.447084045,0.48,0,0,0,0
44.45542465,0.48,0,0,0,0
44.463765255,-0.48,0,0,1,1
44.47210586,0.48,0,0,1,1
44.48044646499999,0.48,0,0,1,1
44.488787069999994,-0.48,0,0,0,0
44.497127674999994,0.48,0,0,0,0
44.505468279999995,-0.48,0,0,1,0
44.513808884999996,-0.48,0,0,0,0
44.52214949,-0.48,0,0,0,0
44.530490095,-0.48,1,1,0,0
44.5388307,-0.48,1,1,0,0
44.547171305,0.48,1,1,0,0
44.55551190999999,0.48,0,0,0,0
44.563852514999994,0.48,0,0,0,0
44.572193119999994,0.48,0,0,0,0
44.580533724999995,-0.48,0,0,0,1
44.588874329999996,-0.48,0,0,1,1
44.597214935,-0.48,0,0,1,1
44.60555554,-0.48,0,0,0,0
44.613896145,0.48,1,1,0,0
44.62223675,0.48,0,0,0,0
44.63057735499999,0.48,0,0,0,0
44.63891795999999,-0.48,0,0,0,0
44.647258564999994,-0.48,0,0,1,1
44.655599169999995,0.48,0,0,1,1
44.663939774999996,0.48,0,0,0,0
44.67228038,-0.48,0,0,0,0
44.680620985,0.48,0,0,0,0
44.68896159,-0.48,0,0,1,0
44.697302195,-0.48,0,0,0,1
44.70564279999999,-0.48,0,0,0,0
44.71398340499999,-0.48,1,0,0,0
44.722324009999994,0.48,1,1,0,0
44.730664614999995,0.48,1,0,0,0
44.739005219999996,0.48,0,0,0,0
44.747345825,-0.48,0,0,0,0
44.75568643,0.48,0,0,1,1
44.764027035,0.48,0,0,1,1
44.77236764,-0.48,0,0,1,0
44.78070824499999,-0.48,0,0,0,0
44.78904884999999,0.48,0,0,1,0
44.797389454999994,-0.48,0,0,0,0
44.805730059999995,-0.48,0,0,0,0
44.814070664999996,-0.48,0,0,0,0
44.822411269999996,0.48,1,0,0,0
44.830751875,0.48,0,1,0,0
44.83909248,-0.48,1,0,0,0
44.847433085,0.48,0,0,0,0
44.85577368999999,-0.48,0,0,0,1
44.86411429499999,-0.48,0,0,1,1
44.872454899999994,-0.48,0,0,0,0
44.880795504999995,-0.48,0,0,0,0
44.889136109999995,0.48,1,1,0,0
44.897476714999996,0.48,1,0,0,0
44.90581732,0.48,0,0,0,0
44.914157925,0.48,0,0,0,0
44.92249853,0.48,0,0,1,1
44.93083913499999,0.48,0,0,1,1
44.93917973999999,0.48,0,0,1,1
44.947520344999994,-0.48,0,0,0,0
44.955860949999995,0.48,0,0,1,0
44.964201554999995,-0.48,0,0,0,0
44.972542159999996,-0.48,0,0,0,0
44.980882765,0.48,0,0,0,0
44.98922337,0.48,1,1,0,0
44.997563975,0.48,0,0,0,0
45.00590457999999,0.48,0,0,0,0
45.01424518499999,-0.48,0,0,0,1
45.022585789999994,-0.48,0,0,1,1
45.030926394999994,-0.48,0,0,0,0
45.039266999999995,-0.48,1,1,0,0
45.047607604999996,-0.48,1,1,0,0
45.05594821,0.48,1,0,0,0
45.064288815,0.48,0,0,0,0
45.07262942,0.48,1,0,0,0
45.080970025,0.48,0,0,0,0
45.08931062999999,0.48,0,0,0,1
45.097651234999994,0.48,0,0,1,1
45.105991839999994,-0.48,0,0,1,1
45.114332444999995,-0.48,0,0,1,0
45.122673049999996,0.48,0,0,1,0
45.131013655,0.48,0,0,0,0
45.13935426,0.48,0,1,0,0
45.147694865,-0.48,0,0,0,0
45.15603547,-0.48,0,0,0,0
45.16437607499999,-0.48,0,0,1,1
45.17271667999999,-0.48,1,1,0,0
45.181057284999994,-0.48,1,0,0,0
45.189397889999995,-0.48,1,1,0,0
45.197738494999996,-0.48,1,0,0,0
45.2060791,-0.48,0,1,0,0
45.214419705,0.48,1,0,0,0
45.22276031,-0.48,0,0,1,0
45.231100915,0.48,0,0,0,0
45.23944151999999,-0.48,0,0,0,0
45.24778212499999,-0.48,0,0,0,0
45.256122729999994,0.48,0,0,1,0
45.264463334999995,-0.48,0,0,0,0
45.272803939999996,0.48,0,0,0,0
45.281144545,-0.48,0,0,0,0
45.28948515,0.48,0,0,0,0
45.297825755,-0.48,0,0,1,0
45.30616636,-0.48,0,0,1,0
45.31450696499999,-0.48,0,0,0,0
45.32284756999999,0.48,0,0,0,0
45.331188174999994,0.48,1,1,0,0
45.339528779999995,-0.48,0,0,0,0
45.347869384999996,0.48,0,0,0,0
45.356209989999996,0.48,0,0,0,1
45.364550595,0.48,0,0,1,1
45.3728912,-0.48,0,0,1,0
45.381231805,-0.48,0,0,1,1
45.38957240999999,-0.48,0,0,0,1
45.39791301499999,0.48,0,0,0,0
45.406253619999994,-0.48,1,1,0,0
45.414594224999995,0.48,0,0,0,0
45.422934829999996,-0.48,0,0,0,0
45.431275434999996,0.48,0,0,0,0
45.43961604,-0.48,0,0,0,0
45.447956645,-0.48,0,0,0,0
45.45629725,0.48,0,0,0,0
45.46463785499999,-0.48,0,0,0,0
45.47297845999999,-0.48,1,1,0,0
45.481319064999994,-0.48,0,0,0,0
45.489659669999995,0.48,0,1,0,0
45.498000274999995,-0.48,1,1,0,0
45.506340879999996,0.48,0,0,0,0
45.514681485,0.48,0,0,0,0
45.52302209,0.48,0,0,0,0
45.531362695,-0.48,0,0,1,0
45.53970329999999,-0.48,0,0,1,1
45.54804390499999,-0.48,0,0,1,1
45.556384509999994,-0.48,0,0,0,0
45.564725114999995,-0.48,1,1,0,0
45.573065719999995,0.48,1,0,0,0
45.581406324999996,0.48,1,1,0,0
45.58974693,-0.48,0,0,0,0
45.598087535,0.48,0,0,0,0
45.60642814,-0.48,0,0,0,1
45.61476874499999,0.48,0,0,1,1
45.62310934999999,-0.48,0,0,1,0
45.631449954999994,-0.48,0,0,0,0
45.639790559999994,-0.48,0,0,0,0
45.648131164999995,-0.48,0,0,0,0
45.656471769999996,0.48,1,1,0,0
45.664812375,0.48,1,0,0,0
45.67315298,-0.48,0,0,0,0
45.681493585,0.48,0,0,0,0
45.68983419,-0.48,0,0,1,1
45.69817479499999,-0.48,0,0,1,1
45.706515399999994,0.48,0,0,1,0
45.714856004999994,0.48,0,0,0,0
45.723196609999995,-0.48,0,0,0,0
45.731537214999996,-0.48,0,0,0,0
45.73987782,0.48,0,0,1,0
45.748218425,0.48,0,0,1,1
45.75655903,-0.48,0,1,0,0
45.764899635,0.48,0,0,0,0
45.77324023999999,0.48,0,0,0,1
45.78158084499999,0.48,0,0,1,1
45.789921449999994,-0.48,0,0,0,1
45.798262054999995,0.48,0,0,1,1
45.806602659999996,0.48,0,0,1,1
45.814943265,0.48,0,0,0,0
45.82328387,0.48,0,0,0,0
45.831624475,0.48,0,0,1,0
45.83996508,0.48,0,0,1,1
45.84830568499999,0.48,0,0,0,0
45.85664628999999,0.48,0,0,0,0
45.864986894999994,0.48,0,0,0,0
45.873327499999995,-0.48,0,0,1,0
45.881668104999996,0.48,0,0,0,0
45.89000871,-0.48,0,0,0,0
45.898349315,0.48,1,0,0,0
45.90668992,0.48,0,1,0,0
45.915030525,-0.48,1,0,0,0
45.92337112999999,0.48,0,0,0,0
45.93171173499999,-0.48,0,0,0,0
45.940052339999994,-0.48,0,0,0,0
45.948392944999995,0.48,1,1,0,0
45.956733549999996,0.48,0,1,0,0
45.965074154999996,-0.48,0,0,0,0
45.97341476,0.48,0,0,0,0
45.981755365,0.48,0,0,0,0
45.99009597,-0.48,0,0,0,0
45.99843657499999,0.48,0,0,0,0
46.00677717999999,0.48,0,0,0,0
46.015117784999994,0.48,0,0,1,0
46.023458389999995,-0.48,0,0,0,0
46.031798994999996,0.48,0,0,1,0
46.040139599999996,-0.48,0,0,1,1
46.048480205,0.48,0,0,1,1
46.05682081,-0.48,0,0,0,0
46.065161415,-0.48,0,0,0,0
46.07350201999999,-0.48,0,0,0,0
46.08184262499999,0.48,1,1,0,0
46.090183229999994,-0.48,1,1,0,0
46.098523834999995,-0.48,0,0,0,0
46.106864439999995,-0.48,0,0,0,0
46.115205044999996,-0.48,1,1,0,0
46.12354565,0.48,0,0,0,0
46.131886255,0.48,1,1,0,0
46.14022686,0.48,0,0,0,0
46.14856746499999,-0.48,0,0,0,0
46.15690806999999,0.48,0,0,1,1
46.165248674999994,-0.48,0,0,1,1
46.173589279999995,-0.48,0,0,1,1
46.181929884999995,-0.48,0,0,0,0
46.190270489999996,0.48,0,1,0,0
46.198611095,-0.48,1,0,0,0
46.2069517,-0.48,0,0,0,0
46.215292305,0.48,0,0,0,0
46.22363290999999,0.48,0,0,0,0
46.23197351499999,-0.48,0,1,0,0
46.240314119999994,0.48,0,0,0,0
46.248654724999994,-0.48,0,0,1,0
46.256995329999995,-0.48,0,0,1,1
46.265335934999996,-0.48,0,0,0,0
46.27367654,0.48,0,1,1,0
46.282017145,0.48,1,1,0,0
46.29035775,0.48,0,0,0,0
46.298698355,0.48,0,0,0,0
46.30703895999999,0.48,0,0,1,1
46.31537956499999,0.48,0,0,1,1
46.323720169999994,0.48,0,0,1,1
46.332060774999995,0.48,0,0,1,0
46.340401379999996,-0.48,0,0,1,0
46.348741985,-0.48,0,0,1,0
46.35708259,0.48,0,0,0,0
46.365423195,-0.48,1,1,0,0
46.3737638,0.48,0,0,0,0
46.38210440499999,0.48,0,0,0,0
46.39044500999999,-0.48,1,0,0,0
46.398785614999994,0.48,0,0,0,0
46.407126219999995,0.48,0,0,0,0
46.415466824999996,-0.48,0,0,0,0
46.42380743,-0.48,0,0,0,0
46.432148035,0.48,0,0,0,0
46.44048864,0.48,0,1,0,0
46.448829245,-0.48,1,1,0,0
46.45716984999999,0.48,0,0,0,0
46.46551045499999,-0.48,0,0,0,0
46.473851059999994,0.48,0,0,1,1
46.482191664999995,0.48,0,0,1,0
46.490532269999996,0.48,0,0,0,0
46.498872874999996,0.48,0,0,0,0
46.50721348,-0.48,0,0,1,0
46.515554085,0.48,0,0,1,1
46.52389469,0.48,0,0,1,1
46.53223529499999,0.48,0,0,0,0
46.54057589999999,-0.48,0,0,0,0
46.548916504999994,-0.48,0,0,0,0
46.557257109999995,-0.48,0,0,1,1
46.565597714999996,-0.48,1,1,0,0
46.573938319999996,-0.48,0,0,0,0
46.582278925,-0.48,0,0,0,0
46.59061953,0.48,1,0,0,0
46.598960135,-0.48,1,0,0,0
46.60730073999999,-0.48,0,0,0,0
46.61564134499999,-0.48,0,0,0,0
46.623981949999994,0.48,1,1,0,0
46.632322554999995,-0.48,0,0,1,0
46.640663159999995,0.48,0,0,0,0
46.649003764999996,0.48,0,0,0,0
46.65734437,-0.48,0,0,0,0
46.665684975,-0.48,0,0,1,1
46.67402558,0.48,0,0,1,1
46.68236618499999,-0.48,0,0,1,0
46.69070678999999,0.48,0,0,0,0
46.699047394999994,-0.48,0,0,0,0
46.707387999999995,0.48,0,0,0,0
46.715728604999995,-0.48,0,0,0,0
46.724069209999996,0.48,0,0,0,0
46.732409815,0.48,0,0,0,0
46.74075042,0.48,0,0,0,0
46.749091025,-0.48,0,0,0,0
46.75743162999999,-0.48,0,0,1,1
46.76577223499999,0.48,0,0,1,1
46.774112839999994,-0.48,1,0,1,0
46.782453444999994,0.48,1,1,0,0
46.790794049999995,-0.48,0,0,0,0
46.799134654999996,-0.48,0,0,0,0
46.80747526,-0.48,0,0,0,0
46.815815865,0.48,1,1,0,0
46.82415647,0.48,0,0,0,0
46.83249707499999,0.48,0,0,0,0
46.84083767999999,0.48,0,0,0,0
46.849178284999994,0.48,0,0,0,1
46.857518889999994,0.48,0,0,1,1
46.865859494999995,0.48,0,0,1,1
46.874200099999996,0.48,0,0,1,0
46.882540705,0.48,0,0,0,0
46.89088131,0.48,0,0,1,0
46.899221915,0.48,0,0,1,1
46.90756252,-0.48,0,0,0,0
46.91590312499999,0.48,0,0,0,1
46.92424372999999,0.48,0,0,0,0
46.932584334999994,0.48,0,0,0,0
46.940924939999995,-0.48,0,0,0,0
46.949265544999996,0.48,0,0,0,1
46.95760615,0.48,0,0,0,1
46.965946755,0.48,0,0,0,0
46.97428736,-0.48,0,0,0,0
46.982627965,0.48,0,0,0,0
46.99096856999999,0.48,0,0,0,1
46.99930917499999,-0.48,0,1,0,0
47.007649779999994,0.48,0,0,0,0
47.015990384999995,-0.48,0,0,0,0
47.024330989999996,0.48,1,0,0,0
47.032671595,0.48,0,0,0,0
47.0410122,0.48,0,1,0,0
47.049352805,-0.48,0,0,0,0
47.05769341,0.48,0,0,1,1
47.06603401499999,0.48,0,0,1,1
47.07437461999999,0.48,0,0,1,0
47.082715224999994,0.48,0,0,0,0
47.091055829999995,-0.48,0,0,1,0
47.099396434999996,0.48,0,0,0,1
47.107737039999996,0.48,0,0,0,1
47.116077645,-0.48,0,0,0,0
47.12441825,0.48,0,0,0,0
47.132758855,-0.48,0,0,0,0
47.14109945999999,-0.48,0,0,0,0
47.14944006499999,-0.48,1,1,0,0
47.157780669999994,0.48,1,1,0,0
47.166121274999995,0.48,1,0,0,0
47.174461879999996,-0.48,0,0,0,0
47.182802484999996,0.48,0,0,0,0
47.19114309,-0.48,0,0,0,0
47.199483695,-0.48,0,0,0,0
47.2078243,-0.48,0,0,0,0
47.21616490499999,0.48,1,0,0,0
47.22450550999999,0.48,1,0,0,0
47.232846114999994,0.48,0,0,0,0
47.241186719999995,-0.48,0,0,0,0
47.249527324999995,0.48,0,0,1,1
47.257867929999996,-0.48,0,0,1,1
47.266208535,0.48,0,0,1,0
47.27454914,0.48,0,0,0,0
47.282889745,0.48,0,0,0,0
47.29123034999999,0.48,0,0,0,0
47.29957095499999,0.48,0,0,1,1
47.307911559999994,-0.48,0,0,1,1
47.316252164999995,-0.48,0,0,1,1
47.324592769999995,0.48,0,0,1,0
47.332933374999996,0.48,1,1,0,0
47.34127398,-0.48,0,0,0,0
47.349614585,0.48,0,0,0,0
47.35795519,-0.48,0,0,0,0
47.36629579499999,-0.48,0,0,0,0
47.37463639999999,-0.48,1,1,0,0
47.382977004999994,0.48,1,0,0,0
47.391317609999994,-0.48,1,0,0,0
47.399658214999995,-0.48,0,0,0,0
47.407998819999996,-0.48,0,0,0,0
47.416339425,-0.48,1,0,0,0
47.42468003,0.48,0,0,0,0
47.433020635,0.48,0,0,0,0
47.44136123999999,-0.48,0,0,0,0
47.44970184499999,-0.48,0,0,0,0
47.45804244999999,0.48,0,0,1,1
47.466383054999994,0.48,0,0,1,1
47.474723659999995,-0.48,0,0,1,0
47.483064264999996,0.48,0,0,0,0
47.49140487,-0.48,0,0,1,0
47.499745475,-0.48,0,0,1,1
47.50808608,0.48,0,0,0,0
47.51642668499999,0.48,0,0,0,0
47.52476728999999,0.48,1,1,0,0
47.53310789499999,0.48,0,0,0,0
47.541448499999994,0.48,0,0,1,1
47.549789104999995,0.48,0,0,1,1
47.558129709999996,-0.48,0,0,1,1
47.566470315,-0.48,0,0,1,0
47.57481092,-0.48,0,0,0,0
47.583151525,0.48,1,1,0,0
47.59149213,-0.48,1,0,0,0
47.59983273499999,0.48,1,1,0,0
47.60817333999999,0.48,0,0,0,0
47.616513944999994,-0.48,0,0,0,0
47.624854549999995,-0.48,0,0,0,0
47.633195154999996,-0.48,0,0,0,1
47.64153576,0.48,0,1,0,0
47.649876365,0.48,1,0,0,0
47.65821697,0.48,0,0,0,0
47.666557575,-0.48,0,0,0,0
47.67489817999999,0.48,0,0,1,1
47.68323878499999,-0.48,0,0,1,1
47.691579389999994,-0.48,0,0,1,0
47.699919994999995,-0.48,0,0,0,0
47.708260599999996,-0.48,0,0,0,0
47.716601204999996,-0.48,1,1,0,0
47.72494181,-0.48,1,0,0,0
47.733282415,0.48,1,0,0,0
47.74162302,0.48,0,1,0,0
47.74996362499999,0.48,0,0,0,0
47.75830422999999,-0.48,0,0,0,0
47.766644834999994,0.48,0,0,1,1
47.774985439999995,0.48,0,0,1,1
47.783326044999995,-0.48,0,0,1,0
47.791666649999996,0.48,0,0,0,0
47.800007255,-0.48,0,0,0,0
47.80834786,0.48,0,0,1,0
47.816688465,0.48,0,0,0,0
47.82502906999999,0.48,0,0,0,0
47.83336967499999,0.48,0,0,0,0
47.841710279999994,-0.48,0,0,1,1
47.850050884999995,0.48,0,0,1,1
47.858391489999995,-0.48,0,0,1,1
47.866732094999996,-0.48,0,0,0,0
47.8750727,0.48,0,1,0,0
47.883413305,-0.48,1,1,0,0
47.89175391,0.48,0,0,0,0
47.90009451499999,0.48,0,0,0,0
47.90843511999999,0.48,0,0,0,0
47.916775724999994,-0.48,0,0,0,0
47.925116329999994,0.48,0,0,0,1
47.933456934999995,-0.48,0,0,1,1
47.941797539999996,0.48,0,0,0,0
47.950138145,-0.48,0,0,0,0
47.95847875,-0.48,0,0,0,0
47.966819355,-0.48,0,0,0,0
47.97515995999999,-0.48,1,1,0,0
47.98350056499999,-0.48,1,0,0,0
47.991841169999994,0.48,0,1,0,0
48.000181774999994,0.48,0,0,0,0
48.008522379999995,0.48,0,0,0,0
48.016862984999996,0.48,0,0,0,0
48.02520359,0.48,0,0,1,1
48.033544195,-0.48,0,0,1,1
48.0418848,-0.48,0,0,1,1
48.05022540499999,0.48,0,0,0,0
48.05856600999999,0.48,1,1,0,0
48.06690661499999,-0.48,0,1,0,0
48.075247219999994,-0.48,0,0,0,0
48.083587824999995,0.48,0,0,0,0
48.091928429999996,0.48,0,0,0,0
48.100269035,-0.48,1,1,0,0
48.10860964,-0.48,0,0,0,0
48.116950245,-0.48,0,0,0,0
48.12529084999999,-0.48,1,1,0,1
48.13363145499999,-0.48,1,1,0,0
48.14197205999999,-0.48,0,0,0,0
48.150312664999994,0.48,0,0,0,0
48.158653269999995,-0.48,1,1,0,0
48.166993874999996,0.48,0,0,0,0
48.17533448,0.48,0,0,0,0
48.183675085,-0.48,0,0,0,0
48.19201569,-0.48,0,0,1,1
48.200356295,-0.48,0,0,1,1
48.20869689999999,0.48,0,0,1,0
48.21703750499999,-0.48,0,1,0,0
48.225378109999994,0.48,0,0,0,0
48.233718714999995,-0.48,0,0,0,0
48.242059319999996,-0.48,0,0,0,0
48.250399924999996,0.48,0,0,0,0
48.25874053,0.48,0,0,0,0
48.267081135,-0.48,0,0,0,0
48.27542174,-0.48,0,0,0,0
48.28376234499999,-0.48,0,0,1,1
48.29210294999999,-0.48,0,0,1,1
48.300443554999994,0.48,1,1,0,0
48.308784159999995,0.48,1,0,0,0
48.317124764999996,-0.48,0,0,0,0
48.325465369999996,0.48,0,0,0,0
48.333805975,0.48,0,0,1,1
48.34214658,0.48,0,0,1,0
48.350487185,0.48,0,0,1,0
48.35882778999999,-0.48,0,0,1,0
48.36716839499999,0.48,0,0,1,1
48.375508999999994,0.48,0,0,1,0
48.383849604999995,-0.48,0,0,0,0
48.392190209999995,0.48,0,0,0,0
48.400530814999996,0.48,0,0,0,0
48.40887142,-0.48,0,0,0,0
48.417212025,0.48,0,0,0,0
48.42555263,0.48,0,0,0,0
48.43389323499999,-0.48,0,0,0,0
48.44223383999999,0.48,0,0,0,0
48.450574444999994,0.48,0,0,0,0
48.458915049999995,0.48,0,0,0,0
48.467255654999995,-0.48,0,0,0,0
48.475596259999996,-0.48,0,0,0,0
48.483936865,-0.48,0,0,1,1
48.49227747,-0.48,1,1,1,0
48.500618075,0.48,1,0,0,0
48.50895867999999,-0.48,1,0,0,0
48.51729928499999,-0.48,0,0,0,0
48.525639889999994,0.48,0,0,0,0
48.533980494999994,-0.48,1,1,0,0
48.542321099999995,-0.48,0,0,0,0
48.550661704999996,-0.48,0,0,0,0
48.55900231,-0.48,0,0,0,0
48.567342915,-0.48,1,1,0,0
48.57568352,-0.48,0,0,0,0
48.58402412499999,-0.48,0,0,1,0
48.59236472999999,-0.48,1,0,0,0
48.600705334999994,0.48,1,1,0,0
48.609045939999994,0.48,0,0,0,0
48.617386544999995,-0.48,0,0,0,0
48.625727149999996,-0.48,0,0,0,0
48.634067755,0.48,0,0,1,1
48.64240836,0.48,0,0,1,1
48.650748965,0.48,0,0,1,0
48.65908956999999,-0.48,0,0,1,0
48.66743017499999,0.48,0,0,1,1
48.67577077999999,-0.48,0,0,1,1
48.684111384999994,0.48,0,0,0,1
48.692451989999995,0.48,0,0,0,0
48.700792594999996,0.48,0,0,0,0
48.7091332,0.48,0,0,0,0
48.717473805,0.48,0,0,0,1
48.72581441,-0.48,0,0,1,1
48.73415501499999,-0.48,0,0,1,1
48.74249561999999,-0.48,0,0,0,0
48.75083622499999,0.48,1,1,0,0
48.759176829999994,0.48,1,0,0,0
48.767517434999995,0.48,0,0,0,0
48.775858039999996,0.48,0,0,0,0
48.784198645,0.48,0,0,0,1
48.79253925,-0.48,0,0,1,1
48.800879855,0.48,0,0,1,1
48.80922046,-0.48,0,0,1,0
48.81756106499999,0.48,0,0,0,0
48.82590166999999,-0.48,0,0,0,0
48.834242274999994,0.48,0,0,0,0
48.842582879999995,0.48,0,0,0,0
48.850923484999996,-0.48,0,1,0,0
48.859264089999996,0.48,0,0,0,0
48.867604695,0.48,0,0,0,0
48.8759453,-0.48,0,0,0,0
48.884285905,-0.48,0,0,0,0
48.89262650999999,0.48,0,0,0,0
48.90096711499999,0.48,0,1,1,0
48.909307719999994,-0.48,1,0,0,0
48.917648324999995,-0.48,0,0,0,0
48.925988929999995,0.48,0,0,0,0
48.934329534999996,0.48,0,1,0,0
48.94267014,0.48,1,1,0,0
48.951010745,-0.48,0,0,0,0
48.95935135,-0.48,0,0,1,1
48.96769195499999,-0.48,0,0,1,1
48.97603255999999,0.48,1,0,0,0
48.984373164999994,-0.48,1,0,0,0
48.992713769999995,0.48,0,0,0,0
49.001054374999995,0.48,0,0,0,0
49.009394979999996,0.48,0,0,0,0
49.017735585,-0.48,0,0,0,0
49.02607619,0.48,0,0,1,1
49.034416795,0.48,0,0,1,1
49.04275739999999,-0.48,0,0,1,0
49.05109800499999,-0.48,0,0,0,0
49.059438609999994,-0.48,0,0,0,0
49.067779214999995,0.48,1,0,1,0
49.076119819999995,-0.48,1,0,0,0
49.084460424999996,0.48,0,0,0,0
49.09280103,-0.48,0,0,0,0
49.101141635,0.48,0,0,0,0
49.10948224,-0.48,0,0,0,0
49.11782284499999,0.48,0,0,0,0
49.12616344999999,0.48,0,0,0,0
49.134504054999994,0.48,0,0,0,0
49.142844659999994,0.48,0,0,0,0
49.151185264999995,0.48,0,0,1,1
49.159525869999996,0.48,0,0,1,1
49.167866475,0.48,0,0,1,1
49.17620708,0.48,0,0,1,0
49.184547685,-0.48,0,0,1,0
49.19288828999999,-0.48,0,0,1,0
49.20122889499999,-0.48,0,0,0,0
49.20956949999999,0.48,1,1,0,0
49.217910104999994,0.48,1,0,0,0
49.226250709999995,-0.48,1,0,0,0
49.234591314999996,-0.48,0,0,0,0
49.24293192,-0.48,0,0,0,0
49.251272525,0.48,1,1,0,0
49.25961313,-0.48,0,0,0,0
49.26795373499999,0.48,0,0,0,0
49.27629433999999,-0.48,0,0,0,0
49.28463494499999,0.48,0,0,0,0
49.292975549999994,0.48,0,0,0,0
49.301316154999995,0.48,0,0,0,0
49.309656759999996,0.48,0,0,1,0
49.317997365,0.48,0,0,1,1
49.32633797,0.48,0,0,1,1
49.334678575,-0.48,0,0,1,1
49.34301917999999,0.48,0,0,0,0
49.35135978499999,0.48,0,0,1,0
49.35970038999999,-0.48,0,0,1,0
49.368040994999994,0.48,0,0,0,0
49.376381599999995,0.48,0,0,0,0
49.384722204999996,0.48,0,0,0,0
49.393062809999996,0.48,0,0,0,0
49.401403415,0.48,0,0,0,0
49.40974402,-0.48,0,0,1,1
49.418084625,-0.48,0,0,0,1
49.42642522999999,-0.48,0,0,0,0
49.43476583499999,0.48,1,1,0,0
49.443106439999994,-0.48,1,0,0,0
49.451447044999995,-0.48,0,0,0,0
49.459787649999996,-0.48,0,0,0,0
49.468128254999996,-0.48,1,1,0,0
49.47646886,-0.48,1,0,0,0
49.484809465,0.48,1,1,0,0
49.49315007,0.48,0,0,0,0
49.50149067499999,0.48,0,0,0,0
49.50983127999999,0.48,0,0,0,0
49.518171884999994,-0.48,0,0,1,1
49.526512489999995,0.48,0,0,1,1
49.534853094999995,-0.48,0,0,1,1
49.543193699999996,0.48,0,0,0,0
49.551534305,-0.48,0,0,0,0
49.55987491,-0.48,0,0,0,0
49.568215515,-0.48,0,0,0,0
49.57655611999999,-0.48,1,1,0,0
49.58489672499999,0.48,1,1,0,0
49.593237329999994,0.48,1,0,0,0
49.601577934999995,-0.48,0,0,0,0
49.609918539999995,-0.48,0,0,0,0
49.618259144999996,0.48,0,0,0,1
49.62659975,0.48,0,0,0,0
49.634940355,-0.48,0,0,0,0
49.64328096,0.48,0,0,0,0
49.65162156499999,0.48,0,0,1,0
49.65996216999999,-0.48,0,0,1,0
49.668302774999994,0.48,0,0,0,0
49.676643379999994,0.48,0,0,1,0
49.684983984999995,-0.48,0,0,1,1
49.693324589999996,0.48,0,0,0,0
49.701665195,0.48,0,0,0,0
49.7100058,-0.48,0,0,1,0
49.718346405,-0.48,0,0,0,0
49.72668700999999,-0.48,0,0,0,0
49.73502761499999,0.48,1,0,0,0
49.743368219999994,0.48,1,0,0,0
49.751708824999994,0.48,1,0,0,0
49.760049429999995,-0.48,0,0,0,0
49.768390034999996,0.48,0,0,0,1
49.77673064,-0.48,0,0,1,1
49.785071245,-0.48,0,0,0,0
49.79341185,-0.48,0,0,0,0
49.80175245499999,-0.48,1,1,0,0
49.81009305999999,0.48,1,0,0,0
49.81843366499999,0.48,1,0,0,0
49.826774269999994,0.48,0,0,0,0
49.835114874999995,0.48,0,0,0,0
49.843455479999996,0.48,0,0,1,1
49.851796085,0.48,0,0,1,1
49.86013669,-0.48,0,0,1,1
49.868477295,0.48,0,0,1,0
49.87681789999999,-0.48,0,0,1,0
49.88515850499999,-0.48,0,0,0,0
49.89349910999999,0.48,0,0,0,0
49.901839714999994,-0.48,1,1,0,0
49.910180319999995,-0.48,0,0,0,0
49.918520924999996,-0.48,0,0,0,0
49.92686153,0.48,1,1,0,0
49.935202135,0.48,0,0,0,0
49.94354274,0.48,0,0,0,0
49.95188334499999,-0.48,0,0,0,0
49.96022394999999,-0.48,0,0,0,1
49.96856455499999,-0.48,0,0,1,1
49.976905159999994,-0.48,0,1,0,0
49.985245764999995,-0.48,1,1,0,0
49.993586369999996,0.48,1,0,0,0
50.001926974999996,0.48,0,1,0,0
50.01026758,-0.48,0,0,0,0
50.018608185,0.48,0,0,0,0
50.02694879,-0.48,0,0,1,0
50.03528939499999,0.48,0,0,1,1
50.04362999999999,0.48,0,0,1,0
50.051970604999994,0.48,0,0,0,0
50.060311209999995,-0.48,0,0,0,0
50.068651814999996,-0.48,0,0,1,1
50.076992419999996,-0.48,0,0,0,1
50.085333025,-0.48,0,1,0,0
50.09367363,0.48,1,0,0,0
50.102014235,0.48,1,0,0,0
50.11035483999999,-0.48,0,0,0,0
50.11869544499999,-0.48,0,0,0,0
50.127036049999994,-0.48,0,0,0,1
50.135376654999995,0.48,0,1,0,0
50.143717259999995,0.48,1,0,0,0
50.152057864999996,-0.48,0,0,0,0
50.16039847,-0.48,0,0,0,0
50.168739075,-0.48,0,0,1,1
50.17707968,-0.48,0,0,0,1
50.18542028499999,-0.48,0,1,0,0
50.19376088999999,0.48,0,0,0,0
50.202101494999994,-0.48,1,0,0,0
50.210442099999995,0.48,0,0,0,0
50.218782704999995,0.48,0,0,0,0
50.227123309999996,-0.48,0,0,0,0
50.235463915,0.48,0,0,1,0
50.24380452,0.48,0,0,1,1
50.252145125,-0.48,0,0,1,0
50.26048572999999,0.48,0,0,1,0
50.26882633499999,-0.48,0,0,0,1
50.277166939999994,-0.48,0,0,1,0
50.285507544999994,-0.48,0,0,0,0
50.293848149999995,0.48,1,1,0,0
50.302188754999996,0.48,0,1,0,0
50.31052936,-0.48,0,0,0,0
50.318869965,0.48,0,0,0,0
50.32721057,0.48,0,0,0,1
50.33555117499999,0.48,0,0,1,1
50.34389177999999,-0.48,0,0,0,0
50.35223238499999,0.48,0,0,1,1
50.360572989999994,0.48,0,0,1,1
50.368913594999995,0.48,0,0,0,0
50.377254199999996,-0.48,0,0,0,0
50.385594805,0.48,0,0,0,0
50.39393541,-0.48,0,0,1,1
50.402276015,0.48,0,0,0,0
50.41061661999999,-0.48,0,0,0,0
50.41895722499999,0.48,0,0,0,0
50.42729782999999,0.48,1,0,0,0
50.435638434999994,-0.48,0,0,0,0
50.443979039999995,0.48,0,0,0,0
50.452319644999996,0.48,0,0,0,0
50.46066025,0.48,0,0,0,0
50.469000855,0.48,0,0,0,0
50.47734146,0.48,0,0,1,0
50.48568206499999,0.48,0,0,1,1
50.49402266999999,0.48,0,0,0,1
50.50236327499999,-0.48,0,0,1,0
50.510703879999994,-0.48,0,0,1,0
50.519044484999995,0.48,0,0,1,0
50.527385089999996,-0.48,1,1,0,0
50.535725695,0.48,1,0,0,0
50.5440663,-0.48,1,0,0,0
50.552406905,-0.48,0,1,0,0
50.56074750999999,-0.48,1,0,0,0
50.56908811499999,0.48,1,1,0,0
50.57742871999999,0.48,1,0,0,0
50.585769324999994,0.48,0,0,0,0
50.594109929999995,0.48,0,0,0,0
50.602450534999996,0.48,0,0,0,1
50.610791139999996,-0.48,0,0,1,1
50.619131745,0.48,0,0,1,1
50.62747235,0.48,0,0,1,0
50.635812955,0.48,0,0,0,0
50.64415355999999,-0.48,0,0,0,0
50.65249416499999,0.48,0,0,1,0
50.660834769999994,0.48,0,0,0,1
50.669175374999995,0.48,0,0,0,0
50.677515979999995,0.48,0,0,0,0
50.685856584999996,-0.48,0,0,0,0
50.69419719,-0.48,0,0,1,1
50.702537795,-0.48,0,0,0,1
50.7108784,-0.48,1,1,0,0
50.71921900499999,0.48,1,1,0,0
50.72755960999999,0.48,0,0,0,0
50.735900214999994,0.48,1,0,0,0
50.744240819999995,-0.48,0,0,0,0
50.752581424999995,0.48,0,0,0,0
50.760922029999996,0.48,0,0,1,1
50.769262635,0.48,0,0,0,0
50.77760324,-0.48,0,0,0,0
50.785943845,0.48,0,0,0,0
50.79428444999999,0.48,0,0,1,1
50.80262505499999,0.48,0,0,0,0
50.810965659999994,0.48,0,0,0,0
50.819306264999994,0.48,0,0,0,0
50.827646869999995,-0.48,0,0,1,1
50.835987474999996,0.48,0,0,1,1
50.84432808,-0.48,0,0,0,0
50.852668685,0.48,0,0,0,0
50.86100929,-0.48,1,0,0,0
50.86934989499999,-0.48,0,1,0,0
50.87769049999999,0.48,1,1,0,0
50.886031104999994,-0.48,1,0,0,0
50.894371709999994,0.48,0,0,0,0
50.902712314999995,0.48,0,0,0,0
50.911052919999996,-0.48,0,0,0,0
50.919393525,0.48,0,0,0,0
50.92773413,0.48,0,0,0,0
50.936074735,-0.48,0,0,1,0
50.94441533999999,0.48,0,0,1,0
50.95275594499999,0.48,0,0,0,0
50.96109654999999,0.48,0,0,0,0
50.969437154999994,-0.48,0,0,0,0
50.977777759999995,-0.48,0,0,0,1
50.986118364999996,0.48,0,0,1,1
50.99445897,0.48,0,1,0,0
51.002799575,0.48,1,0,0,0
51.01114018,-0.48,0,0,0,0
51.01948078499999,-0.48,0,0,0,0
51.02782138999999,0.48,0,0,1,1
51.03616199499999,-0.48,1,0,0,1
51.044502599999994,-0.48,1,0,0,0
51.052843204999995,-0.48,1,0,0,0
51.061183809999996,-0.48,1,1,0,0
51.069524415,-0.48,0,1,0,0
51.07786502,0.48,1,0,0,0
51.086205625,-0.48,0,0,0,0
51.09454622999999,-0.48,0,0,0,0
51.10288683499999,0.48,0,0,0,0
51.11122743999999,0.48,0,0,0,0
51.119568044999994,0.48,0,1,0,0
51.127908649999995,0.48,0,0,0,0
51.136249254999996,-0.48,0,0,1,1
51.144589859999996,0.48,0,0,1,1
51.152930465,0.48,0,0,1,0
51.16127107,-0.48,0,0,0,0
51.16961167499999,0.48,0,0,0,0
51.17795227999999,0.48,0,0,0,0
51.18629288499999,0.48,0,0,0,0
51.194633489999994,0.48,0,0,1,0
51.202974094999995,0.48,0,0,0,0
51.211314699999996,-0.48,0,0,1,1
51.219655304999996,-0.48,0,0,1,1
51.22799591,0.48,0,0,0,1
51.236336515,0.48,1,1,0,0
51.24467711999999,-0.48,0,0,0,0
51.25301772499999,0.48,0,0,0,0
51.26135832999999,-0.48,0,0,0,0
51.269698934999994,0.48,0,0,0,0
51.278039539999995,0.48,1,1,0,0
51.286380144999995,0.48,0,0,0,0
51.294720749999996,-0.48,0,0,0,0
51.303061355,0.48,0,0,0,1
51.31140196,0.48,0,0,1,1
51.319742565,-0.48,0,0,0,0
51.32808316999999,-0.48,0,0,0,0
51.33642377499999,0.48,0,0,0,0
51.344764379999994,-0.48,0,1,0,0
51.353104984999995,0.48,1,0,0,0
51.361445589999995,-0.48,0,0,0,0
51.369786194999996,0.48,1,0,0,0
51.3781268,0.48,0,0,0,0
51.386467405,-0.48,0,0,0,0
51.39480801,-0.48,0,0,0,0
51.40314861499999,-0.48,0,0,1,1
51.41148921999999,0.48,1,0,0,1
51.419829824999994,0.48,1,1,0,0
51.428170429999994,0.48,0,0,0,0
51.436511034999995,-0.48,0,0,0,0
51.444851639999996,-0.48,0,0,1,1
51.453192245,0.48,0,0,1,1
51.46153285,0.48,0,0,1,0
51.469873455,0.48,0,0,0,0
51.47821405999999,-0.48,0,0,0,0
51.48655466499999,0.48,0,0,1,0
51.494895269999994,0.48,0,0,1,1
51.503235874999994,0.48,0,0,0,0
51.511576479999995,0.48,0,0,0,0
51.519917084999996,0.48,0,0,1,0
51.52825769,-0.48,0,0,1,1
51.536598295,0.48,0,0,1,1
51.5449389,-0.48,0,0,0,0
51.55327950499999,-0.48,0,0,0,0
51.56162010999999,0.48,1,1,0,0
51.56996071499999,-0.48,0,1,0,0
51.578301319999994,0.48,1,1,0,0
51.586641924999995,-0.48,0,0,0,0
51.594982529999996,0.48,0,0,0,0
51.603323135,0.48,0,0,0,0
51.61166374,-0.48,0,0,0,0
51.620004345,0.48,0,0,0,0
51.62834494999999,-0.48,0,0,1,0
51.63668555499999,-0.48,0,0,0,0
51.64502615999999,-0.48,0,0,0,0
51.653366764999994,-0.48,1,1,0,0
51.661707369999995,-0.48,1,0,1,0
51.670047974999996,0.48,1,0,0,0
51.67838858,-0.48,0,0,0,0
51.686729185,-0.48,0,0,0,0
51.69506979,-0.48,0,0,0,0
51.70341039499999,-0.48,0,0,0,0
51.71175099999999,0.48,0,1,0,0
51.72009160499999,0.48,1,0,0,0
51.728432209999994,0.48,0,0,0,0
51.736772814999995,-0.48,0,0,0,0
51.745113419999996,-0.48,0,0,1,1
51.753454024999996,-0.48,0,0,1,1
51.76179463,-0.48,0,0,1,1
51.770135235,0.48,1,1,0,0
51.77847583999999,-0.48,0,0,0,0
51.78681644499999,0.48,0,0,0,0
51.79515704999999,-0.48,0,0,0,0
51.803497654999994,0.48,0,0,0,0
51.811838259999995,-0.48,0,0,0,0
51.820178864999995,-0.48,0,0,0,0
51.828519469999996,0.48,0,0,1,0
51.836860075,-0.48,0,0,0,0
51.84520068,0.48,0,1,0,0
51.85354128499999,0.48,0,0,0,0
51.86188188999999,0.48,0,0,0,0
51.87022249499999,0.48,0,0,1,0
51.878563099999994,-0.48,0,0,1,1
51.886903704999995,-0.48,0,0,1,1
51.895244309999995,-0.48,0,0,1,1
51.903584914999996,0.48,0,0,0,0
51.91192552,-0.48,1,1,0,0
51.920266125,0.48,0,0,0,0
51.92860673,0.48,0,0,0,0
51.93694733499999,0.48,0,0,0,0
51.94528793999999,0.48,0,0,0,0
51.953628544999994,0.48,0,0,1,1
51.961969149999994,-0.48,0,0,1,1
51.970309754999995,-0.48,0,0,1,1
51.978650359999996,-0.48,0,0,0,1
51.986990965,0.48,0,1,0,0
51.99533157,-0.48,1,0,0,0
52.003672175,0.48,1,0,0,0
52.01201277999999,-0.48,1,0,0,0
52.02035338499999,-0.48,0,0,0,0
52.028693989999994,0.48,0,0,0,0
52.037034594999994,-0.48,1,1,0,0
52.045375199999995,-0.48,0,0,0,0
52.053715804999996,0.48,0,0,0,0
52.06205641,-0.48,0,0,0,0
52.070397015,0.48,1,0,0,0
52.07873762,-0.48,0,0,0,0
52.08707822499999,0.48,0,0,0,0
52.09541882999999,-0.48,0,0,0,0
52.10375943499999,0.48,0,0,1,0
52.112100039999994,0.48,0,0,1,0
52.120440644999995,-0.48,0,0,0,0
52.128781249999996,0.48,0,0,0,0
52.137121855,0.48,0,0,1,1
52.14546246,0.48,0,0,0,1
52.153803065,-0.48,0,0,0,0
52.16214366999999,-0.48,0,0,1,0
52.17048427499999,0.48,0,0,1,1
52.17882487999999,0.48,1,1,0,0
52.187165484999994,0.48,0,0,0,0
52.195506089999995,-0.48,0,0,0,0
52.203846694999996,0.48,0,0,0,0
52.2121873,0.48,0,0,1,1
52.220527905,-0.48,0,0,1,0
52.22886851,0.48,0,0,0,0
52.23720911499999,0.48,0,0,0,0
52.24554971999999,-0.48,0,0,0,0
52.25389032499999,0.48,0,0,0,0
52.262230929999994,-0.48,0,0,0,0
52.270571534999995,-0.48,0,0,0,0
52.278912139999996,-0.48,1,0,0,0
52.287252744999996,0.48,1,1,0,0
52.29559335,-0.48,0,0,0,0
52.303933955,-0.48,0,0,0,0
52.31227455999999,0.48,0,0,0,0
52.32061516499999,-0.48,1,0,0,0
52.32895576999999,0.48,0,0,0,0
52.337296374999994,0.48,0,0,0,0
52.345636979999995,-0.48,0,0,0,0
52.353977584999996,0.48,0,0,1,0
52.362318189999996,0.48,0,0,1,1
52.370658795,-0.48,0,0,1,0
52.3789994,0.48,0,0,1,0
52.38734000499999,-0.48,0,0,1,0
52.39568060999999,-0.48,0,0,0,0
52.40402121499999,0.48,0,0,0,0
52.412361819999994,0.48,1,1,0,0
52.420702424999995,0.48,0,0,0,0
52.429043029999995,-0.48,0,0,0,0
52.437383634999996,-0.48,0,0,0,0
52.44572424,0.48,0,0,1,1
52.454064845,0.48,0,1,0,0
52.46240544999999,-0.48,0,0,0,0
52.47074605499999,-0.48,0,0,0,0
52.47908665999999,0.48,0,0,0,0
52.487427264999994,-0.48,0,0,0,1
52.495767869999995,-0.48,1,1,0,0
52.504108474999995,-0.48,0,0,0,0
52.512449079999996,0.48,1,1,0,0
52.520789685,0.48,0,1,0,0
52.52913029,0.48,0,0,0,0
52.537470895,0.48,0,0,0,0
52.54581149999999,-0.48,0,0,1,1
52.55415210499999,0.48,0,0,1,1
52.562492709999994,-0.48,0,0,1,1
52.570833314999994,0.48,0,0,0,0
52.579173919999995,-0.48,0,0,0,0
52.587514524999996,0.48,0,0,0,0
52.59585513,0.48,0,0,0,0
52.604195735,0.48,0,0,0,0
52.61253634,0.48,0,0,0,0
52.62087694499999,0.48,0,0,1,1
52.62921754999999,-0.48,0,0,1,1
52.637558154999994,0.48,0,0,1,1
52.645898759999994,0.48,0,0,0,0
52.654239364999995,0.48,0,0,0,0
52.662579969999996,-0.48,0,0,0,0
52.670920575,0.48,0,0,0,0
52.67926118,-0.48,0,0,1,1
52.687601785,0.48,0,0,0,0
52.69594238999999,0.48,1,1,0,0
52.70428299499999,0.48,0,1,0,0
52.71262359999999,-0.48,0,0,0,0
52.720964204999994,-0.48,0,0,0,0
52.729304809999995,-0.48,0,0,1,1
52.737645414999996,0.48,1,0,0,0
52.74598602,0.48,0,0,0,0
52.754326625,-0.48,1,0,0,0
52.76266723,0.48,0,0,0,0
52.77100783499999,0.48,0,0,0,0
52.77934843999999,-0.48,0,0,0,1
52.78768904499999,0.48,0,0,0,0
52.796029649999994,-0.48,0,0,1,0
52.804370254999995,0.48,0,0,0,0
52.812710859999996,0.48,0,0,0,0
52.821051465,-0.48,0,0,0,0
52.82939207,-0.48,0,0,0,0
52.837732675,0.48,0,0,0,0
52.84607327999999,-0.48,0,1,1,0
52.85441388499999,0.48,1,1,0,0
52.86275448999999,-0.48,0,0,0,0
52.871095094999994,0.48,0,0,0,0
52.879435699999995,-0.48,0,0,0,0
52.887776304999996,0.48,0,0,0,0
52.896116909999996,0.48,0,0,0,0
52.904457515,-0.48,0,0,0,0
52.91279812,0.48,0,0,0,0
52.92113872499999,0.48,0,0,1,0
52.92947932999999,-0.48,0,0,1,1
52.93781993499999,0.48,0,0,0,0
52.946160539999994,0.48,0,0,0,0
52.954501144999995,0.48,0,0,0,1
52.962841749999995,0.48,0,0,0,0
52.971182354999996,0.48,0,0,1,0
52.97952296,-0.48,0,0,1,1
52.987863565,-0.48,0,0,1,1
52.99620416999999,-0.48,0,0,1,0
53.00454477499999,-0.48,1,1,0,0
53.01288537999999,0.48,1,0,0,0
53.021225984999994,-0.48,1,0,0,0
53.029566589999995,0.48,0,0,0,0
53.037907194999995,0.48,1,0,0,0
53.046247799999996,-0.48,0,0,0,0
53.054588405,0.48,0,0,0,0
53.06292901,-0.48,0,0,0,0
53.07126961499999,0.48,0,0,0,1
53.07961021999999,-0.48,0,0,1,0
53.08795082499999,0.48,0,0,0,0
53.096291429999994,-0.48,0,0,0,0
53.104632034999995,0.48,0,0,0,0
53.112972639999995,0.48,0,0,0,0
53.121313244999996,-0.48,0,0,0,0
53.12965385,-0.48,0,0,0,0
53.137994455,-0.48,0,0,1,0
53.14633506,0.48,1,0,0,1
53.15467566499999,0.48,0,0,0,0
53.16301626999999,0.48,0,0,0,0
53.171356874999994,-0.48,0,0,0,0
53.179697479999994,-0.48,0,0,0,1
53.188038084999995,0.48,0,0,1,1
53.196378689999996,0.48,0,0,1,0
53.204719295,-0.48,1,1,0,0
53.2130599,0.48,0,0,0,0
53.221400505,0.48,0,0,0,0
53.22974110999999,-0.48,0,0,0,1
53.23808171499999,0.48,0,0,1,0
53.24642231999999,0.48,0,0,0,0
53.254762924999994,-0.48,0,0,1,0
53.263103529999995,0.48,0,0,0,0
53.271444134999996,0.48,0,0,1,0
53.27978474,-0.48,0,0,0,0
53.288125345,-0.48,0,0,0,0
53.29646595,0.48,0,0,0,0
53.30480655499999,0.48,1,0,0,0
53.31314715999999,-0.48,1,1,0,0
53.32148776499999,0.48,0,0,0,0
53.329828369999994,0.48,0,0,0,0
53.338168974999995,-0.48,0,0,0,1
53.346509579999996,-0.48,0,0,1,0
53.354850185,-0.48,0,0,0,0
53.36319079,0.48,1,1,0,0
53.371531395,-0.48,0,0,0,0
53.37987199999999,-0.48,0,0,0,0
53.38821260499999,-0.48,1,0,0,0
53.39655320999999,-0.48,1,0,0,0
53.404893814999994,-0.48,1,1,0,0
53.413234419999995,-0.48,1,0,0,0
53.421575024999996,-0.48,1,0,0,0
53.429915629999996,0.48,1,1,0,0
53.438256235,-0.48,0,0,1,0
53.44659684,0.48,0,0,0,0
53.45493744499999,0.48,0,0,0,0
53.46327804999999,-0.48,0,0,0,0
53.47161865499999,-0.48,0,0,1,0
53.479959259999994,0.48,0,0,1,1
53.488299864999995,-0.48,0,0,1,0
53.496640469999996,0.48,0,0,0,0
53.504981074999996,0.48,0,0,0,0
53.51332168,0.48,0,0,0,0
53.521662285,-0.48,0,0,0,0
53.53000288999999,0.48,0,0,1,1
53.53834349499999,0.48,0,0,1,1
53.54668409999999,-0.48,0,0,1,0
53.555024704999994,0.48,0,0,0,0
53.563365309999995,0.48,0,0,1,0
53.571705914999995,-0.48,0,0,0,0
53.580046519999996,0.48,0,0,0,0
53.588387125,-0.48,0,0,0,1
53.59672773,0.48,0,0,0,0
53.60506833499999,0.48,0,0,0,0
53.61340893999999,-0.48,1,0,0,0
53.62174954499999,0.48,0,0,0,0
53.630090149999994,0.48,0,0,0,0
53.638430754999995,0.48,0,0,0,0
53.646771359999995,-0.48,0,0,0,0
53.655111964999996,0.48,0,0,1,0
53.66345257,-0.48,0,0,1,1
53.671793175,0.48,0,0,0,0
53.68013377999999,0.48,0,0,0,0
53.68847438499999,-0.48,0,1,0,0
53.69681498999999,0.48,0,0,0,0
53.705155594999994,-0.48,0,0,0,0
53.713496199999994,0.48,0,0,0,0
53.721836804999995,-0.48,0,0,0,0
53.730177409999996,0.48,0,1,0,0
53.738518015,-0.48,0,0,0,0
53.74685862,0.48,1,0,0,0
53.755199225,0.48,0,0,0,0
53.76353982999999,0.48,0,0,0,0
53.77188043499999,-0.48,0,0,0,0
53.780221039999994,-0.48,0,0,1,1
53.788561644999994,0.48,0,0,1,1
53.796902249999995,-0.48,0,0,0,0
53.805242854999996,-0.48,1,1,0,0
53.81358346,-0.48,0,0,0,0
53.821924065,0.48,1,1,0,0
53.83026467,0.48,0,1,0,0
53.83860527499999,-0.48,0,0,0,0
53.84694587999999,-0.48,0,0,0,0
53.85528648499999,0.48,0,0,0,0
53.863627089999994,0.48,0,0,0,0
53.871967694999995,-0.48,0,1,0,0
53.880308299999996,-0.48,0,0,0,0
53.888648905,-0.48,0,0,1,0
53.89698951,-0.48,0,1,1,0
53.905330115,-0.48,1,1,0,0
53.91367071999999,0.48,1,0,0,0
53.92201132499999,0.48,1,0,1,0
53.93035192999999,0.48,0,0,0,0
53.938692534999994,-0.48,0,0,0,0
53.947033139999995,0.48,0,0,0,1
53.955373744999996,0.48,0,0,1,1
53.96371435,0.48,0,0,1,1
53.972054955,0.48,0,0,0,0
53.98039556,-0.48,0,0,1,0
53.98873616499999,-0.48,0,0,1,1
53.99707676999999,-0.48,0,0,1,0
54.00541737499999,0.48,0,1,0,0
54.013757979999994,0.48,1,0,0,0
54.022098584999995,-0.48,1,0,0,0
54.030439189999996,-0.48,0,0,0,0
54.038779794999996,-0.48,0,0,0,1
54.0471204,-0.48,1,0,0,0
54.055461005,0.48,0,1,0,0
54.06380160999999,0.48,1,0,0,0
54.07214221499999,-0.48,0,0,0,0
54.08048281999999,0.48,0,0,0,0
54.088823424999994,-0.48,0,0,0,1
54.097164029999995,-0.48,0,0,1,1
54.105504634999996,-0.48,0,0,0,0
54.113845239999996,0.48,0,0,0,0
54.122185845,0.48,1,1,0,0
54.13052645,0.48,0,0,0,0
54.13886705499999,-0.48,0,0,0,0
54.14720765999999,0.48,0,0,1,1
54.15554826499999,0.48,0,0,1,1
54.163888869999994,-0.48,0,0,1,1
54.172229474999995,-0.48,0,0,0,0
54.180570079999995,-0.48,0,0,0,0
54.188910684999996,-0.48,0,0,0,0
54.19725129,-0.48,1,1,0,0
54.205591895,-0.48,1,0,0,0
54.21393249999999,0.48,1,0,0,0
54.22227310499999,-0.48,1,1,0,0
54.23061370999999,-0.48,0,0,0,0
54.238954314999994,-0.48,0,0,0,0
54.247294919999995,-0.48,1,0,0,0
54.255635524999995,-0.48,0,0,0,0
54.263976129999996,0.48,0,0,0,0
54.272316735,0.48,0,0,0,0
54.28065734,-0.48,0,0,0,0
54.28899794499999,-0.48,0,0,0,0
54.29733854999999,-0.48,0,0,1,1
54.30567915499999,-0.48,0,0,1,1
54.314019759999994,0.48,0,1,1,0
54.322360364999994,0.48,1,0,0,0
54.330700969999995,0.48,0,0,0,0
54.339041574999996,0.48,0,0,0,0
54.34738218,0.48,0,0,1,1
54.355722785,-0.48,0,0,1,1
54.36406339,-0.48,0,0,1,1
54.37240399499999,0.48,0,0,0,0
54.38074459999999,0.48,0,0,0,0
54.38908520499999,-0.48,0,0,0,0
54.397425809999994,-0.48,0,0,0,0
54.405766414999995,0.48,0,0,0,0
54.414107019999996,-0.48,0,0,0,1
54.422447625,-0.48,1,0,0,0
54.43078823,0.48,0,0,0,0
54.439128835,-0.48,1,0,0,0
54.44746943999999,0.48,0,1,0,0
54.45581004499999,0.48,0,0,0,0
54.46415064999999,-0.48,0,0,0,0
54.472491254999994,0.48,0,0,0,1
54.480831859999995,0.48,0,0,1,1
54.489172464999996,0.48,0,0,1,0
54.49751307,0.48,0,0,0,0
54.505853675,0.48,0,0,1,1
54.51419428,0.48,0,0,1,1
54.52253488499999,-0.48,0,0,1,1
54.53087548999999,-0.48,0,0,0,0
54.53921609499999,-0.48,0,0,1,0
54.547556699999994,-0.48,1,1,0,0
54.555897304999995,0.48,1,0,0,0
54.564237909999996,-0.48,0,1,0,0
54.572578515,0.48,0,0,0,0
54.58091912,0.48,0,0,0,0
54.589259725,-0.48,0,0,0,0
54.59760032999999,0.48,0,0,0,0
54.60594093499999,0.48,0,0,0,1
54.61428153999999,0.48,0,0,0,1
54.622622144999994,0.48,0,0,1,0
54.630962749999995,0.48,0,0,1,0
54.639303354999996,-0.48,0,0,1,1
54.647643959999996,-0.48,0,0,1,1
54.655984565,-0.48,0,0,0,0
54.66432517,0.48,1,1,0,0
54.67266577499999,-0.48,1,0,0,0
54.68100637999999,-0.48,0,0,0,0
54.68934698499999,-0.48,1,0,0,0
54.697687589999994,0.48,1,1,0,0
54.706028194999995,0.48,0,1,0,0
54.714368799999995,-0.48,0,0,0,0
54.722709404999996,-0.48,0,0,0,0
54.73105001,0.48,0,0,0,0
54.739390615,0.48,0,0,1,1
54.74773121999999,0.48,0,1,0,0
54.75607182499999,0.48,0,0,0,0
54.76441242999999,-0.48,0,0,1,1
54.772753034999994,-0.48,0,0,1,1
54.781093639999995,-0.48,0,0,1,1
54.789434244999995,-0.48,0,1,0,0
54.797774849999996,-0.48,1,1,0,0
54.806115455,0.48,1,1,0,0
54.81445606,0.48,0,0,0,0
54.82279666499999,0.48,0,0,0,0
54.83113726999999,0.48,0,0,0,0
54.83947787499999,-0.48,0,0,0,1
54.847818479999994,-0.48,0,0,1,1
54.856159084999994,0.48,0,0,1,1
54.864499689999995,0.48,0,0,0,0
54.872840294999996,0.48,0,0,0,0
54.8811809,-0.48,0,0,0,0
54.889521505,0.48,0,0,1,0
54.89786210999999,-0.48,0,0,1,1
54.90620271499999,0.48,0,0,0,0
54.91454331999999,-0.48,0,0,0,0
54.922883924999994,-0.48,0,0,0,0
54.931224529999994,0.48,0,0,0,0
54.939565134999995,0.48,1,1,0,0
54.947905739999996,0.48,0,0,0,0
54.956246345,-0.48,0,0,0,0
54.96458695,0.48,0,0,0,1
54.972927555,-0.48,0,0,1,1
54.98126815999999,0.48,0,0,0,1
54.98960876499999,-0.48,0,0,0,0
54.99794936999999,0.48,0,0,0,0
55.006289974999994,-0.48,0,0,0,0
55.014630579999995,0.48,0,0,0,0
55.022971184999996,-0.48,0,0,0,0
55.03131179,-0.48,0,0,0,0
55.039652395,0.48,0,1,0,0
55.047993,-0.48,1,1,0,0
55.05633360499999,-0.48,0,0,0,0
55.06467420999999,0.48,0,0,0,0
55.07301481499999,0.48,0,0,0,0
55.081355419999994,0.48,1,0,0,0
55.089696024999995,0.48,0,0,0,0
55.098036629999996,-0.48,0,0,1,1
55.106377235,0.48,0,0,1,1
55.11471784,0.48,0,0,1,1
55.123058445,-0.48,0,0,0,0
55.13139904999999,0.48,0,0,0,0
55.13973965499999,0.48,0,0,0,0
55.14808025999999,-0.48,0,0,0,0
55.156420864999994,0.48,0,0,0,0
55.164761469999995,-0.48,0,0,0,0
55.173102074999996,0.48,0,0,0,0
55.181442679999996,0.48,0,1,0,0
55.189783285,0.48,0,0,0,0
55.19812389,-0.48,0,0,0,0
55.20646449499999,-0.48,0,0,1,1
55.21480509999999,0.48,0,0,1,1
55.22314570499999,0.48,0,1,0,0
55.231486309999994,0.48,1,0,0,0
55.239826914999995,0.48,0,0,0,0
55.248167519999996,-0.48,0,0,0,1
55.256508124999996,0.48,0,0,1,1
55.26484873,0.48,0,0,0,0
55.273189335,0.48,0,0,0,0
55.28152993999999,0.48,0,0,0,0
55.28987054499999,-0.48,0,0,0,0
55.29821114999999,-0.48,0,0,1,1
55.306551754999994,-0.48,0,0,1,0
55.314892359999995,-0.48,1,1,0,0
55.323232964999995,-0.48,0,0,0,0
55.331573569999996,-0.48,1,0,0,0
55.339914175,0.48,1,1,0,0
55.34825478,-0.48,0,0,0,0
55.35659538499999,0.48,1,0,0,0
55.36493598999999,-0.48,0,0,0,0
55.37327659499999,-0.48,0,0,0,0
55.381617199999994,-0.48,0,0,0,0
55.389957804999995,0.48,0,1,0,0
55.398298409999995,0.48,1,1,0,0
55.406639014999996,-0.48,0,0,0,0
55.41497962,-0.48,0,0,0,0
55.423320225,-0.48,0,0,1,1
55.43166082999999,-0.48,0,0,1,1
55.44000143499999,-0.48,1,1,0,0
55.44834203999999,-0.48,1,0,0,0
55.456682644999994,-0.48,1,1,0,0
55.465023249999994,0.48,0,0,1,0
55.473363854999995,0.48,1,0,0,0
55.481704459999996,-0.48,0,0,0,0
55.490045065,0.48,0,0,0,0
55.49838567,-0.48,0,0,1,1
55.50672627499999,0.48,0,0,1,1
55.51506687999999,-0.48,0,0,1,0
55.52340748499999,-0.48,0,0,0,0
55.531748089999994,-0.48,0,0,0,0
55.540088694999994,-0.48,0,0,0,0
55.548429299999995,0.48,1,1,0,0
55.556769904999996,0.48,1,0,0,0
55.56511051,0.48,0,0,0,0
55.573451115,-0.48,0,0,0,0
55.58179171999999,0.48,0,0,1,1
55.59013232499999,0.48,0,0,1,1
55.59847292999999,-0.48,0,0,1,1
55.60681353499999,-0.48,0,0,0,0
55.615154139999994,-0.48,0,0,0,0
55.623494744999995,-0.48,0,0,0,0
55.631835349999996,-0.48,1,1,0,0
55.640175955,-0.48,1,0,0,0
55.64851656,0.48,0,0,0,0
55.656857165,0.48,1,0,0,0
55.66519776999999,-0.48,0,0,0,0
55.67353837499999,-0.48,0,0,0,0
55.68187897999999,-0.48,0,0,0,1
55.690219584999994,-0.48,0,0,1,0
55.698560189999995,0.48,1,1,0,0
55.706900794999996,0.48,1,0,0,0
55.7152414,0.48,0,0,0,0
55.723582005,0.48,0,0,0,0
55.73192261,-0.48,0,0,1,1
55.74026321499999,-0.48,0,0,1,1
55.74860381999999,0.48,0,0,1,0
55.75694442499999,-0.48,0,0,1,0
55.765285029999994,-0.48,0,1,0,0
55.773625634999995,0.48,0,0,0,0
55.781966239999996,0.48,0,0,0,0
55.790306844999996,0.48,0,1,0,0
55.79864745,-0.48,0,0,0,0
55.806988055,-0.48,0,0,1,1
55.81532865999999,-0.48,0,0,1,1
55.82366926499999,-0.48,0,0,1,0
55.83200986999999,-0.48,1,1,0,0
55.840350474999994,0.48,1,0,0,0
55.848691079999995,0.48,0,0,0,0
55.857031684999995,0.48,0,0,0,0
55.865372289999996,0.48,0,0,0,0
55.873712895,0.48,0,0,1,1
55.8820535,0.48,0,0,1,1
55.89039410499999,-0.48,0,0,1,1
55.89873470999999,0.48,0,0,1,0
55.90707531499999,0.48,0,0,1,0
55.915415919999994,0.48,0,0,0,0
55.923756524999995,-0.48,0,0,0,0
55.932097129999995,-0.48,0,0,0,0
55.940437734999996,0.48,0,0,1,1
55.94877834,-0.48,0,1,0,0
55.957118945,-0.48,1,0,0,0
55.96545954999999,-0.48,0,0,0,0
55.97380015499999,0.48,1,1,0,0
55.98214075999999,0.48,1,1,0,0
55.990481364999994,-0.48,0,0,0,0
55.998821969999995,-0.48,0,0,0,0
56.007162574999995,0.48,0,0,0,1
56.015503179999996,-0.48,0,0,0,0
56.023843785,0.48,1,0,0,0
56.03218439,-0.48,0,0,0,0
56.04052499499999,0.48,0,0,0,0
56.04886559999999,-0.48,0,0,0,0
56.05720620499999,0.48,0,0,1,0
56.065546809999994,0.48,0,0,0,0
56.073887414999994,0.48,0,0,0,0
56.082228019999995,-0.48,0,0,0,0
56.090568624999996,0.48,0,0,1,1
56.09890923,-0.48,0,0,1,1
56.107249835,-0.48,0,0,1,0
56.11559043999999,0.48,0,0,0,0
56.12393104499999,-0.48,1,1,0,0
56.13227164999999,0.48,1,0,0,0
56.14061225499999,0.48,1,0,0,0
56.148952859999994,-0.48,0,0,0,0
56.157293464999995,0.48,0,0,0,0
56.165634069999996,0.48,0,0,1,1
56.173974675,0.48,0,0,0,1
56.18231528,-0.48,0,0,1,0
56.19065588499999,-0.48,0,0,0,0
56.19899648999999,0.48,0,0,1,1
56.20733709499999,0.48,0,1,0,0
56.21567769999999,0.48,0,0,0,0
56.224018304999994,0.48,0,0,0,0
56.232358909999995,-0.48,0,0,0,1
56.240699514999996,-0.48,0,0,1,1
56.24904012,0.48,0,0,1,0
56.257380725,-0.48,0,0,0,0
56.26572133,-0.48,0,0,0,0
56.27406193499999,0.48,1,0,0,0
56.28240253999999,0.48,1,1,0,0
56.29074314499999,0.48,0,0,0,0
56.299083749999994,0.48,0,0,0,0
56.307424354999995,-0.48,0,0,0,1
56.315764959999996,0.48,0,0,1,1
56.324105564999996,0.48,0,0,1,0
56.33244617,0.48,0,0,0,0
56.340786775,-0.48,0,0,0,0
56.34912737999999,0.48,0,0,0,0
56.35746798499999,0.48,0,0,1,1
56.36580858999999,-0.48,0,0,0,1
56.374149194999994,-0.48,0,0,0,0
56.382489799999995,-0.48,0,0,0,0
56.390830404999996,0.48,1,1,0,0
56.399171009999996,-0.48,0,0,0,0
56.407511615,-0.48,1,0,0,0
56.41585222,0.48,0,0,0,0
56.42419282499999,0.48,1,1,0,0
56.43253342999999,0.48,0,0,0,0
56.44087403499999,-0.48,0,0,0,0
56.449214639999994,-0.48,0,0,0,1
56.457555244999995,-0.48,0,0,1,1
56.465895849999995,0.48,0,0,0,0
56.474236454999996,-0.48,1,1,0,0
56.48257706,0.48,0,0,0,0
56.490917665,-0.48,0,0,0,0
56.49925826999999,-0.48,0,0,0,0
56.50759887499999,0.48,0,0,0,0
56.51593947999999,-0.48,0,1,0,0
56.524280084999994,-0.48,1,0,0,0
56.532620689999995,-0.48,0,0,0,0
56.540961294999995,0.48,0,1,0,0
56.549301899999996,-0.48,1,0,1,0
56.557642505,-0.48,0,0,0,0
56.56598311,0.48,0,0,0,0
56.57432371499999,-0.48,0,0,0,0
56.58266431999999,-0.48,0,1,0,0
56.59100492499999,-0.48,0,0,0,0
56.599345529999994,0.48,0,0,0,0
56.607686134999994,0.48,1,1,1,0
56.616026739999995,0.48,0,0,0,0
56.624367344999996,0.48,0,0,0,0
56.63270795,-0.48,0,0,1,1
56.641048555,-0.48,0,0,1,1
56.64938915999999,-0.48,0,0,1,0
56.65772976499999,0.48,0,0,0,0
56.66607036999999,-0.48,1,1,0,0
56.674410974999994,-0.48,0,0,0,0
56.682751579999994,0.48,0,0,0,0
56.691092184999995,0.48,0,0,0,0
56.699432789999996,0.48,1,1,0,0
56.707773395,0.48,0,0,0,0
56.716114,0.48,0,0,1,1
56.72445460499999,-0.48,0,0,1,1
56.73279520999999,0.48,0,0,1,1
56.74113581499999,-0.48,0,0,0,0
56.74947641999999,0.48,0,0,0,0
56.757817024999994,-0.48,0,0,0,0
56.766157629999995,-0.48,0,0,0,0
56.774498234999996,0.48,0,0,0,0
56.78283884,-0.48,1,1,0,0
56.791179445,-0.48,0,0,0,0
56.79952004999999,-0.48,1,0,0,0
56.80786065499999,0.48,1,1,0,0
56.81620125999999,-0.48,0,1,0,0
56.82454186499999,0.48,1,0,0,0
56.832882469999994,-0.48,0,0,0,0
56.841223074999995,-0.48,0,0,0,0
56.849563679999996,-0.48,0,0,1,0
56.857904285,-0.48,0,0,0,0
56.86624489,-0.48,1,1,1,0
56.874585495,0.48,1,0,1,0
56.88292609999999,-0.48,0,0,0,0
56.89126670499999,-0.48,0,0,0,0
56.89960730999999,0.48,0,0,0,0
56.907947914999994,0.48,0,0,0,0
56.916288519999995,0.48,0,1,0,0
56.924629124999996,0.48,0,0,0,0
56.932969729999996,-0.48,0,0,1,1
56.941310335,0.48,0,0,1,1
56.94965094,0.48,0,0,1,1
56.95799154499999,-0.48,0,0,0,0
56.96633214999999,-0.48,0,0,0,0
56.97467275499999,0.48,0,0,0,0
56.983013359999994,0.48,0,0,0,0
56.991353964999995,0.48,0,0,0,0
56.999694569999996,0.48,0,0,0,0
57.008035174999996,0.48,0,0,0,0
57.01637578,-0.48,0,0,1,1
57.024716385,-0.48,0,0,1,1
57.03305698999999,0.48,0,0,1,0
57.04139759499999,-0.48,1,1,0,0
57.04973819999999,-0.48,0,0,0,0
57.058078804999994,-0.48,1,0,0,0
57.066419409999995,0.48,1,1,1,0
57.074760014999995,-0.48,1,1,0,0
57.083100619999996,-0.48,0,0,0,0
57.091441225,0.48,0,0,0,0
57.09978183,-0.48,0,0,0,0
57.10812243499999,-0.48,1,1,0,0
57.11646303999999,0.48,0,0,0,0
57.12480364499999,-0.48,0,0,0,0
57.133144249999994,0.48,1,1,0,0
57.141484854999995,0.48,0,0,0,0
57.149825459999995,0.48,0,0,0,0
57.158166064999996,0.48,0,0,1,1
57.16650667,0.48,0,0,1,1
57.174847275,0.48,0,0,1,1
57.18318787999999,0.48,0,0,1,0
57.19152848499999,-0.48,0,0,1,0
57.19986908999999,-0.48,0,0,0,0
57.208209694999994,0.48,0,0,1,0
57.216550299999994,0.48,0,0,0,0
57.224890904999995,-0.48,1,1,0,0
57.233231509999996,0.48,0,0,0,0
57.241572115,0.48,0,0,0,0
57.24991272,0.48,0,0,0,0
57.25825332499999,-0.48,0,0,0,0
57.26659392999999,0.48,0,0,0,0
57.27493453499999,0.48,0,0,1,1
57.28327513999999,0.48,0,0,0,0
57.291615744999994,-0.48,0,0,0,0
57.299956349999995,0.48,0,0,0,0
57.308296954999996,0.48,0,0,1,1
57.31663756,-0.48,0,0,0,0
57.324978165,-0.48,0,0,0,0
57.33331876999999,-0.48,0,0,0,0
57.34165937499999,0.48,1,1,0,0
57.34999997999999,0.48,1,1,0,0
57.35834058499999,-0.48,1,0,0,0
57.366681189999994,-0.48,0,0,0,0
57.375021794999995,0.48,0,0,0,0
57.383362399999996,-0.48,0,1,0,0
57.391703005,0.48,1,0,0,0
57.40004361,0.48,0,0,0,0
57.40838421499999,-0.48,0,0,0,0
57.41672481999999,0.48,0,0,1,0
57.42506542499999,-0.48,0,0,1,1
57.43340602999999,0.48,0,0,1,1
57.441746634999994,0.48,0,0,0,0
57.450087239999995,-0.48,0,0,0,0
57.458427844999996,0.48,0,0,0,0
57.46676845,-0.48,0,0,0,0
57.475109055,0.48,0,0,1,0
57.48344966,-0.48,0,0,0,0
57.49179026499999,0.48,0,1,0,0
57.50013086999999,-0.48,0,0,0,0
57.50847147499999,-0.48,0,0,0,0
57.516812079999994,-0.48,1,0,0,0
57.525152684999995,0.48,1,1,0,0
57.533493289999996,0.48,1,0,0,0
57.541833894999996,0.48,0,0,0,0
57.5501745,0.48,0,0,0,0
57.558515105,0.48,0,0,1,1
57.56685570999999,-0.48,0,0,1,1
57.57519631499999,0.48,0,0,1,1
57.58353691999999,0.48,0,0,0,0
57.591877524999994,0.48,0,0,0,0
57.600218129999995,-0.48,0,0,0,0
57.608558734999995,0.48,0,0,1,0
57.616899339999996,0.48,0,0,0,1
57.625239945,0.48,0,0,0,0
57.63358055,0.48,0,0,0,0
57.64192115499999,0.48,0,0,0,0
57.65026175999999,0.48,0,0,1,1
57.65860236499999,0.48,0,0,1,1
57.666942969999994,-0.48,0,0,0,0
57.675283574999995,-0.48,0,0,1,0
57.683624179999995,0.48,0,0,0,0
57.691964784999996,-0.48,1,1,0,0
57.70030539,-0.48,0,0,0,0
57.708645995,0.48,1,0,0,0
57.71698659999999,-0.48,0,1,0,0
57.72532720499999,0.48,1,0,0,0
57.73366780999999,-0.48,0,0,0,0
57.742008414999994,0.48,0,0,0,0
57.750349019999994,-0.48,0,0,0,0
57.758689624999995,-0.48,0,0,0,0
57.767030229999996,0.48,0,0,0,0
57.775370835,-0.48,0,1,0,0
57.78371144,-0.48,0,0,0,0
57.79205204499999,0.48,0,0,0,0
57.80039264999999,-0.48,0,0,0,0
57.80873325499999,-0.48,0,1,0,0
57.817073859999994,0.48,0,0,0,0
57.825414464999994,0.48,0,0,0,0
57.833755069999995,-0.48,0,1,0,0
57.842095674999996,-0.48,0,0,0,0
57.85043628,0.48,0,0,1,0
57.858776885,-0.48,0,0,1,1
57.86711748999999,-0.48,0,0,0,0
57.87545809499999,-0.48,0,0,0,0
57.88379869999999,-0.48,0,0,0,0
57.89213930499999,0.48,1,1,1,0
57.900479909999994,0.48,1,0,0,0
57.908820514999995,0.48,0,0,0,0
57.917161119999996,0.48,0,0,0,0
57.925501725,-0.48,0,0,1,1
57.93384233,0.48,0,0,1,1
57.94218293499999,-0.48,0,0,1,1
57.95052353999999,-0.48,0,0,0,0
57.95886414499999,-0.48,0,0,0,0
57.96720474999999,0.48,1,1,0,0
57.975545354999994,0.48,1,1,0,0
57.983885959999995,-0.48,0,0,0,0
57.992226564999996,-0.48,0,0,0,0
58.00056717,0.48,0,0,0,1
58.008907775,0.48,0,0,1,1
58.01724837999999,-0.48,0,1,0,0
58.02558898499999,-0.48,0,0,0,0
58.03392958999999,0.48,0,0,1,0
58.04227019499999,-0.48,0,0,0,1
58.050610799999994,-0.48,0,1,1,0
58.058951404999995,-0.48,0,0,0,0
58.067292009999996,-0.48,1,1,0,0
58.075632614999996,-0.48,1,1,0,0
58.08397322,0.48,0,0,0,0
58.092313825,-0.48,0,0,0,0
58.10065442999999,0.48,0,0,0,0
58.10899503499999,-0.48,0,0,0,0
58.11733563999999,-0.48,0,0,0,0
58.125676244999994,-0.48,0,0,0,0
58.134016849999995,0.48,0,0,1,1
58.142357454999996,-0.48,1,1,0,0
58.150698059999996,0.48,0,0,0,0
58.159038665,0.48,0,0,0,0
58.16737927,-0.48,0,0,0,0
58.17571987499999,0.48,0,0,1,0
58.18406047999999,-0.48,0,0,1,1
58.19240108499999,0.48,0,0,1,0
58.200741689999994,0.48,0,0,0,0
58.209082294999995,-0.48,0,0,0,0
58.217422899999995,-0.48,0,0,0,0
58.225763504999996,-0.48,0,0,1,0
58.23410411,-0.48,0,0,0,0
58.242444715,-0.48,1,1,0,0
58.25078531999999,0.48,1,1,0,0
58.25912592499999,0.48,0,0,0,0
58.26746652999999,-0.48,1,0,0,0
58.275807134999994,-0.48,0,0,0,0
58.284147739999995,0.48,0,0,0,1
58.292488344999995,0.48,0,0,0,0
58.300828949999996,-0.48,0,0,0,0
58.309169555,0.48,0,0,0,0
58.31751016,0.48,0,0,1,1
58.32585076499999,0.48,0,0,1,1
58.33419136999999,0.48,0,0,1,1
58.34253197499999,0.48,0,0,1,1
58.350872579999994,0.48,0,0,1,1
58.359213184999994,-0.48,0,0,1,1
58.367553789999995,0.48,0,0,0,0
58.375894394999996,0.48,0,0,1,0
58.384235,0.48,0,0,0,0
58.392575605,-0.48,0,0,0,0
58.40091620999999,-0.48,0,0,0,0
58.40925681499999,-0.48,0,0,0,1
58.41759741999999,-0.48,1,1,0,0
58.425938024999994,0.48,1,0,0,0
58.434278629999994,0.48,1,1,0,0
58.442619234999995,0.48,0,0,0,0
58.450959839999996,-0.48,0,0,0,0
58.459300445,-0.48,0,0,0,1
58.46764105,-0.48,0,0,1,0
58.47598165499999,-0.48,0,1,0,0
58.48432225999999,0.48,0,0,0,0
58.49266286499999,-0.48,0,0,0,0
58.50100346999999,-0.48,1,0,0,0
58.509344074999994,-0.48,0,0,0,0
58.517684679999995,-0.48,1,0,0,0
58.526025284999996,-0.48,1,1,1,0
58.53436589,-0.48,0,0,0,0
58.542706495,0.48,1,0,0,0
58.55104709999999,0.48,0,0,0,0
58.55938770499999,-0.48,0,0,0,0
58.56772830999999,-0.48,0,0,0,0
58.57606891499999,-0.48,0,0,1,1
58.584409519999994,-0.48,0,0,1,1
58.592750124999995,0.48,0,0,0,0
58.601090729999996,0.48,0,0,0,0
58.609431335,0.48,0,0,0,0
58.61777194,0.48,0,0,0,0
58.62611254499999,0.48,0,0,1,1
58.63445314999999,0.48,0,0,1,1
58.64279375499999,0.48,0,0,1,1
58.65113435999999,0.48,0,0,1,0
58.659474964999994,0.48,0,0,1,0
58.667815569999995,-0.48,0,0,1,1
58.676156174999996,0.48,0,0,0,0
58.684496779999996,0.48,0,0,0,0
58.692837385,0.48,0,0,0,0
58.70117799,0.48,0,0,0,0
58.70951859499999,-0.48,0,0,0,0
58.71785919999999,0.48,0,0,1,1
58.72619980499999,-0.48,0,0,0,0
58.734540409999994,-0.48,0,0,0,0
58.742881014999995,-0.48,1,1,0,0
58.751221619999995,-0.48,1,1,0,0
58.759562224999996,-0.48,1,1,0,0
58.76790283,-0.48,0,0,0,0
58.776243435,0.48,1,0,0,0
58.78458403999999,0.48,0,1,0,0
58.79292464499999,-0.48,1,0,0,0
58.80126524999999,0.48,0,0,0,0
58.809605854999994,-0.48,0,0,0,0
58.817946459999995,0.48,0,0,1,1
58.826287064999995,-0.48,0,0,0,0
58.834627669999996,0.48,0,0,0,0
58.842968275,-0.48,0,0,1,0
58.85130888,-0.48,0,0,0,0
58.85964948499999,-0.48,0,0,0,0
58.86799008999999,-0.48,1,1,0,0
58.87633069499999,-0.48,1,1,0,0
58.884671299999994,0.48,1,0,0,0
58.893011904999994,0.48,0,1,0,0
58.901352509999995,-0.48,0,0,0,0
58.909693114999996,0.48,0,0,0,0
58.91803372,-0.48,0,0,1,1
58.926374325,-0.48,0,0,1,1
58.93471492999999,-0.48,0,0,1,0
58.94305553499999,0.48,0,0,0,0
58.95139613999999,-0.48,1,1,0,0
58.959736744999994,-0.48,0,0,0,0
58.968077349999994,-0.48,0,0,0,0
58.976417954999995,-0.48,0,0,0,0
58.984758559999996,-0.48,1,1,1,0
58.993099165,-0.48,0,0,0,0
59.00143977,0.48,1,0,0,0
59.00978037499999,0.48,1,0,0,0
59.01812097999999,0.48,0,0,0,0
59.02646158499999,0.48,0,0,0,0
59.03480218999999,0.48,0,0,1,1
59.043142794999994,-0.48,0,0,1,1
59.051483399999995,0.48,0,0,1,1
59.059824004999996,-0.48,0,0,1,0
59.06816461,-0.48,0,0,0,0
59.076505215,0.48,0,0,0,0
59.08484581999999,-0.48,0,0,0,0
59.09318642499999,-0.48,0,1,0,0
59.10152702999999,0.48,0,0,0,0
59.10986763499999,0.48,0,1,0,0
59.118208239999994,0.48,1,0,0,0
59.126548844999995,0.48,0,0,0,0
59.134889449999996,0.48,0,0,1,1
59.143230055,0.48,0,0,1,1
59.15157066,0.48,0,0,1,1
59.15991126499999,0.48,0,0,0,0
59.16825186999999,0.48,0,0,1,0
59.17659247499999,0.48,0,0,1,1
59.18493307999999,0.48,0,0,1,1
59.193273684999994,0.48,0,0,0,0
59.201614289999995,-0.48,0,0,0,0
59.209954894999996,0.48,0,0,1,0
59.218295499999996,0.48,0,0,0,0
59.226636105,0.48,0,0,0,0
59.23497670999999,-0.48,0,0,0,0
59.24331731499999,-0.48,0,0,0,0
59.25165791999999,-0.48,0,0,0,1
59.25999852499999,-0.48,1,1,0,0
59.268339129999994,0.48,1,0,0,0
59.276679734999995,-0.48,0,0,0,0
59.285020339999996,-0.48,0,0,0,0
59.293360944999996,0.48,0,0,0,0
59.30170155,-0.48,1,0,0,0
59.31004215499999,0.48,0,0,0,0
59.31838275999999,-0.48,0,0,0,0
59.32672336499999,-0.48,0,0,0,0
59.33506396999999,-0.48,0,0,0,0
59.343404574999994,0.48,0,1,0,0
59.351745179999995,-0.48,1,0,1,0
59.360085784999995,-0.48,0,0,0,0
59.368426389999996,-0.48,0,0,0,0
59.376766995,-0.48,0,0,0,0
59.3851076,0.48,1,1,0,0
59.39344820499999,-0.48,0,0,0,0
59.40178880999999,-0.48,0,0,0,0
59.41012941499999,-0.48,0,0,0,0
59.418470019999994,-0.48,0,0,0,0
59.426810624999995,0.48,0,1,0,0
59.435151229999995,0.48,0,0,0,0
59.443491834999996,-0.48,0,0,0,0
59.45183244,-0.48,0,0,0,0
59.460173045,0.48,0,0,1,1
59.46851364999999,-0.48,0,0,1,1
59.47685425499999,0.48,0,0,0,0
59.48519485999999,0.48,0,0,0,0
59.493535464999994,-0.48,0,0,0,0
59.501876069999994,0.48,0,0,1,0
59.510216674999995,0.48,0,0,1,1
59.518557279999996,-0.48,0,0,0,1
59.526897885,-0.48,0,0,1,0
59.53523849,-0.48,0,0,0,0
59.54357909499999,0.48,0,1,0,0
59.55191969999999,-0.48,1,1,0,0
59.56026030499999,0.48,0,0,0,0
59.568600909999994,-0.48,0,0,0,0
59.576941514999994,0.48,0,0,0,0
59.585282119999995,-0.48,0,0,0,0
59.593622724999996,-0.48,0,0,0,0
59.60196333,-0.48,0,0,0,0
59.610303935,-0.48,0,1,0,0
59.61864453999999,0.48,1,1,0,0
59.62698514499999,0.48,1,0,0,0
59.63532574999999,0.48,0,0,0,0
59.64366635499999,0.48,0,0,0,0
59.652006959999994,0.48,0,0,1,1
59.660347564999995,0.48,0,0,1,1
59.668688169999996,0.48,0,0,1,1
59.677028775,0.48,0,0,1,0
59.68536938,-0.48,0,0,1,0
59.69370998499999,0.48,0,0,1,0
59.70205058999999,0.48,0,0,0,0
59.71039119499999,0.48,0,0,0,0
59.71873179999999,0.48,0,0,0,0
59.727072404999994,-0.48,0,0,0,0
59.735413009999995,-0.48,0,0,1,1
59.743753614999996,0.48,0,0,1,1
59.75209422,-0.48,1,1,0,0
59.760434825,0.48,0,0,0,0
59.76877542999999,-0.48,1,0,0,0
59.77711603499999,-0.48,0,0,0,0
59.78545663999999,0.48,1,1,0,0
59.79379724499999,-0.48,1,1,0,0
59.802137849999994,0.48,0,0,0,0
59.810478454999995,-0.48,0,0,0,0
59.818819059999996,0.48,0,0,0,0
59.827159664999996,0.48,0,0,0,0
59.83550027,0.48,0,0,0,0
59.84384087499999,0.48,0,0,1,0
59.85218147999999,-0.48,0,0,1,1
59.86052208499999,-0.48,0,0,0,1
59.86886268999999,0.48,0,0,1,1
59.877203294999994,0.48,0,0,0,0
59.885543899999995,0.48,0,1,0,0
59.893884504999995,0.48,0,0,0,0
59.902225109999996,0.48,0,0,0,0
59.910565715,0.48,0,0,1,1
59.91890631999999,-0.48,0,0,1,1
59.92724692499999,-0.48,0,0,1,1
59.93558752999999,-0.48,0,0,0,0
59.94392813499999,-0.48,1,1,0,0
59.952268739999994,0.48,0,1,0,0
59.960609344999995,-0.48,1,1,0,0
59.968949949999995,0.48,0,0,0,0
59.977290554999996,0.48,1,0,0,0
59.98563116,0.48,0,0,0,0
59.993971765,0.48,0,0,0,0
60.00231236999999,-0.48,0,0,0,0
60.01065297499999,0.48,0,0,0,0
60.01899357999999,0.48,0,0,0,0
60.027334184999994,0.48,0,0,0,0
60.035674789999995,-0.48,0,0,0,0
60.044015394999995,-0.48,0,0,0,0
60.052355999999996,-0.48,0,0,0,0
60.060696605,0.48,0,0,0,0
60.06903721,-0.48,0,0,0,0
60.07737781499999,0.48,0,0,0,0
60.08571841999999,0.48,0,0,0,0
60.09405902499999,-0.48,0,0,0,0
60.102399629999994,-0.48,0,0,0,0
60.110740234999994,-0.48,0,0,1,1
60.119080839999995,-0.48,0,0,0,1
60.127421444999996,-0.48,1,1,1,0
60.13576205,-0.48,1,0,0,0
60.144102655,0.48,1,0,0,0
60.15244325999999,0.48,1,1,0,0
60.16078386499999,0.48,0,0,0,0
60.16912446999999,0.48,0,0,0,0
60.17746507499999,-0.48,0,0,1,1
60.185805679999994,0.48,0,0,1,1
60.194146284999995,-0.48,0,0,1,0
60.202486889999996,-0.48,0,0,0,0
60.210827495,-0.48,0,0,0,0
60.2191681,0.48,0,1,0,0
60.22750870499999,-0.48,1,0,0,0
60.23584930999999,-0.48,0,0,0,0
60.24418991499999,-0.48,0,0,0,0
60.25253051999999,-0.48,1,0,0,0
60.260871124999994,-0.48,1,1,0,0
60.269211729999995,0.48,1,1,0,0
60.277552334999996,-0.48,0,0,0,0
60.28589294,0.48,0,0,0,0
60.294233545,0.48,0,0,0,0
60.30257414999999,0.48,0,0,0,0
60.31091475499999,0.48,0,0,1,1
60.31925535999999,-0.48,0,0,1,1
60.32759596499999,-0.48,0,0,1,1
60.335936569999994,0.48,0,0,1,0
60.344277174999995,0.48,0,0,0,0
60.352617779999996,0.48,0,0,0,0
60.360958384999996,0.48,0,0,0,0
60.36929899,0.48,0,0,0,1
60.37763959499999,0.48,0,0,1,1
60.38598019999999,-0.48,0,0,1,1
60.39432080499999,-0.48,0,0,0,0
60.40266140999999,-0.48,0,0,0,0
60.411002014999994,-0.48,1,1,0,0
60.419342619999995,0.48,1,0,0,0
60.427683224999996,-0.48,0,0,0,0
60.436023829999996,0.48,0,0,0,0
60.444364435,0.48,1,0,0,0
60.45270503999999,0.48,0,0,0,0
60.46104564499999,-0.48,0,0,0,0
60.46938624999999,0.48,0,0,1,1
60.47772685499999,0.48,0,0,1,1
60.486067459999994,-0.48,0,0,0,0
60.494408064999995,-0.48,0,0,1,0
60.502748669999995,0.48,0,0,0,0
60.511089274999996,-0.48,0,1,0,0
60.51942988,0.48,0,1,0,0
60.52777048499999,-0.48,0,0,0,0
60.53611108999999,-0.48,0,0,0,0
60.54445169499999,0.48,0,0,0,0
60.55279229999999,0.48,1,1,0,0
60.561132904999994,-0.48,0,0,0,0
60.569473509999995,0.48,0,0,0,0
60.577814114999995,0.48,0,0,0,0
60.586154719999996,0.48,0,0,1,1
60.594495325,0.48,0,0,1,0
60.60283593,0.48,0,0,1,1
60.61117653499999,0.48,0,0,1,1
60.61951713999999,0.48,0,0,1,1
60.62785774499999,0.48,0,0,1,0
60.636198349999994,0.48,0,0,0,0
60.644538954999994,-0.48,0,0,1,0
60.652879559999995,-0.48,0,0,0,0
60.661220164999996,0.48,0,0,0,1
60.66956077,0.48,1,1,0,0
60.677901375,-0.48,1,0,0,0
60.68624197999999,-0.48,0,0,0,0
60.69458258499999,0.48,0,0,0,0
60.70292318999999,-0.48,1,1,0,0
60.711263794999994,-0.48,0,1,0,0
60.719604399999994,-0.48,0,0,0,0
60.727945004999995,0.48,1,0,0,0
60.736285609999996,-0.48,0,0,0,0
60.744626215,0.48,0,1,0,0
60.75296682,-0.48,0,0,0,0
60.76130742499999,-0.48,0,0,0,0
60.76964802999999,-0.48,0,0,1,0
60.77798863499999,0.48,0,0,1,0
60.78632923999999,0.48,1,0,0,0
60.794669844999994,-0.48,0,0,0,0
60.803010449999995,-0.48,0,0,0,0
60.811351054999996,0.48,0,0,0,1
60.81969166,0.48,0,0,1,1
60.828032265,0.48,0,0,0,0
60.83637286999999,-0.48,0,0,0,0
60.84471347499999,-0.48,0,0,1,0
60.85305407999999,-0.48,0,0,1,1
60.86139468499999,0.48,0,0,0,0
60.869735289999994,0.48,1,1,0,0
60.878075894999995,0.48,0,0,0,0
60.886416499999996,-0.48,0,0,0,0
60.894757105,0.48,0,0,1,1
60.90309771,0.48,0,0,1,1
60.91143831499999,-0.48,0,0,1,0
60.91977891999999,-0.48,0,0,0,0
60.92811952499999,-0.48,0,0,0,0
60.93646012999999,0.48,0,1,1,0
60.944800734999994,-0.48,1,1,0,0
60.953141339999995,0.48,1,0,0,0
60.961481944999996,-0.48,0,0,0,0
60.969822549999996,-0.48,0,0,0,0
60.978163155,0.48,0,0,0,0
60.98650375999999,0.48,1,1,0,0
60.99484436499999,0.48,0,0,0,0
61.00318496999999,-0.48,0,0,0,0
61.01152557499999,0.48,0,0,1,1
61.019866179999994,-0.48,0,0,1,1
61.028206784999995,0.48,0,0,1,0
61.036547389999996,0.48,0,0,0,0
61.044887994999996,0.48,0,0,0,0
61.0532286,-0.48,0,0,0,0
61.06156920499999,0.48,0,0,1,1
61.06990980999999,0.48,0,0,0,1
61.07825041499999,-0.48,0,0,0,0
61.08659101999999,0.48,0,0,0,0
61.094931624999994,-0.48,0,0,0,0
61.103272229999995,-0.48,0,0,0,0
61.111612834999995,0.48,0,1,0,0
61.119953439999996,0.48,1,0,0,0
61.128294045,-0.48,0,0,0,0
61.13663464999999,0.48,0,0,0,0
61.14497525499999,-0.48,0,0,0,0
61.15331585999999,-0.48,0,0,0,1
61.16165646499999,-0.48,0,0,0,0
61.169997069999994,0.48,1,1,0,0
61.178337674999995,0.48,1,1,0,0
61.186678279999995,0.48,0,0,0,0
61.195018884999996,0.48,0,0,0,0
61.20335949,0.48,0,0,0,1
61.211700095,0.48,0,0,1,1
61.22004069999999,0.48,0,0,1,1
61.22838130499999,0.48,0,0,1,0
61.23672190999999,-0.48,0,0,1,0
61.245062514999994,0.48,0,0,1,0
61.253403119999994,-0.48,0,0,1,0
61.261743724999995,-0.48,0,0,0,0
61.270084329999996,0.48,0,0,0,0
61.278424935,-0.48,1,1,0,0
61.28676554,0.48,0,0,0,0
61.29510614499999,-0.48,1,0,0,0
61.30344674999999,-0.48,0,0,0,0
61.31178735499999,-0.48,0,1,0,0
61.32012795999999,0.48,1,1,0,0
61.328468564999994,0.48,0,0,0,0
61.336809169999995,-0.48,0,0,0,0
61.345149774999996,-0.48,0,0,0,0
61.35349038,0.48,0,0,0,0
61.361830985,0.48,0,0,1,1
61.37017158999999,-0.48,0,1,0,0
61.37851219499999,0.48,0,0,0,0
61.38685279999999,-0.48,0,0,0,0
61.39519340499999,-0.48,0,0,1,1
61.403534009999994,0.48,0,0,0,0
61.411874614999995,-0.48,0,0,0,0
61.420215219999996,0.48,0,1,0,0
61.428555825,-0.48,0,0,0,0
61.43689643,0.48,0,0,0,0
61.44523703499999,0.48,0,0,0,0
61.45357763999999,-0.48,0,0,0,0
61.46191824499999,-0.48,0,0,0,0
61.47025884999999,0.48,0,0,1,1
61.478599454999994,-0.48,0,0,0,1
61.486940059999995,-0.48,1,0,0,0
61.495280664999996,0.48,0,0,0,0
61.50362127,-0.48,1,0,0,0
61.511961875,-0.48,0,1,0,0
61.52030247999999,-0.48,0,0,0,0
61.52864308499999,-0.48,1,1,0,0
61.53698368999999,-0.48,0,0,0,0
61.54532429499999,-0.48,1,0,0,0
61.553664899999994,-0.48,0,0,1,0
61.562005504999995,0.48,0,0,0,0
61.570346109999996,-0.48,0,0,0,0
61.578686714999996,0.48,0,0,0,0
61.58702732,-0.48,0,0,0,0
61.59536792499999,0.48,0,0,1,0
61.60370852999999,0.48,0,0,1,0
61.61204913499999,-0.48,0,0,1,1
61.62038973999999,0.48,0,0,1,1
61.628730344999994,-0.48,0,0,1,1
61.637070949999995,0.48,0,0,1,0
61.645411554999995,0.48,0,0,0,0
61.653752159999996,0.48,0,0,0,0
61.662092765,-0.48,0,0,0,0
61.67043336999999,0.48,0,0,1,1
61.67877397499999,0.48,0,0,1,1
61.68711457999999,0.48,0,0,0,0
61.69545518499999,0.48,0,0,0,0
61.703795789999994,-0.48,0,0,0,1
61.712136394999995,-0.48,0,0,1,0
61.720476999999995,0.48,0,0,0,1
61.728817604999996,-0.48,1,1,0,0
61.73715821,-0.48,0,0,0,0
61.74549881499999,-0.48,1,0,0,0
61.75383941999999,-0.48,1,1,0,0
61.76218002499999,-0.48,1,1,0,0
61.77052062999999,0.48,0,1,0,0
61.778861234999994,-0.48,1,0,0,0
61.787201839999994,0.48,0,0,0,0
61.795542444999995,0.48,0,0,0,0
61.803883049999996,-0.48,0,0,0,0
61.812223655,-0.48,0,0,1,0
61.82056426,0.48,0,0,1,1
61.82890486499999,-0.48,0,0,0,0
61.83724546999999,0.48,0,0,0,0
61.84558607499999,0.48,0,0,0,0
61.853926679999994,0.48,0,0,0,0
61.862267284999994,0.48,0,0,0,0
61.870607889999995,-0.48,0,0,1,1
61.878948494999996,-0.48,0,0,1,1
61.8872891,-0.48,0,0,0,1
61.895629705,0.48,0,1,0,0
61.90397030999999,0.48,1,0,0,0
61.91231091499999,-0.48,0,0,0,0
61.92065151999999,0.48,0,0,0,0
61.92899212499999,0.48,0,0,0,0
61.937332729999994,-0.48,0,0,0,0
61.945673334999995,-0.48,0,0,0,0
61.954013939999996,0.48,0,0,0,0
61.962354545,0.48,0,0,0,0
61.97069515,-0.48,1,1,0,0
61.97903575499999,-0.48,0,0,0,0
61.98737635999999,0.48,0,0,0,0
61.99571696499999,-0.48,0,0,0,1
62.00405756999999,0.48,1,1,0,0
62.012398174999994,-0.48,0,0,0,0
62.020738779999995,0.48,0,0,0,0
62.029079384999996,-0.48,0,0,0,0
62.03741999,0.48,0,0,0,0
62.045760595,0.48,0,0,0,0
62.05410119999999,-0.48,0,0,0,0
62.06244180499999,0.48,0,0,1,0
62.07078240999999,0.48,0,0,1,1
62.07912301499999,0.48,0,0,1,0
62.087463619999994,-0.48,0,0,0,0
62.095804224999995,-0.48,0,0,1,0
62.104144829999996,-0.48,0,0,1,1
62.112485434999996,0.48,1,1,0,0
62.12082604,-0.48,1,0,0,0
62.12916664499999,-0.48,0,0,0,0
62.13750724999999,0.48,1,0,0,0
62.14584785499999,0.48,1,0,0,0
62.15418845999999,0.48,0,0,0,0
62.162529064999994,-0.48,0,0,0,0
62.170869669999995,0.48,0,0,1,1
62.179210274999996,-0.48,0,0,1,1
62.187550879999996,-0.48,0,0,0,0
62.195891485,-0.48,0,0,0,0
62.20423208999999,0.48,0,1,0,0
62.21257269499999,-0.48,1,1,0,0
62.22091329999999,-0.48,0,0,0,0
62.22925390499999,0.48,0,0,0,0
62.237594509999994,-0.48,1,0,0,0
62.245935114999995,0.48,0,0,0,0
62.254275719999995,0.48,0,0,0,0
62.262616324999996,-0.48,0,0,0,0
62.27095693,-0.48,0,0,0,0
62.27929753499999,0.48,0,0,1,1
62.28763813999999,0.48,0,0,1,1
62.29597874499999,-0.48,0,0,0,0
62.30431934999999,0.48,0,0,0,0
62.312659954999994,-0.48,0,0,1,0
62.321000559999995,-0.48,0,0,0,1
62.329341164999995,-0.48,0,0,0,0
62.337681769999996,0.48,0,1,0,0
62.346022375,0.48,1,1,0,0
62.35436297999999,-0.48,0,0,0,0
62.36270358499999,-0.48,0,0,0,0
62.37104418999999,0.48,0,0,0,1
62.37938479499999,-0.48,0,0,0,1
62.387725399999994,-0.48,0,0,0,0
62.396066004999994,0.48,0,0,0,0
62.404406609999995,0.48,0,0,0,0
62.412747214999996,0.48,1,1,0,0
62.42108782,-0.48,0,0,0,0
62.429428425,-0.48,0,0,1,1
62.43776902999999,0.48,0,0,1,1
62.44610963499999,0.48,0,0,1,0
62.45445023999999,0.48,0,0,0,0
62.462790844999994,0.48,0,0,0,0
62.471131449999994,-0.48,0,0,1,0
62.479472054999995,-0.48,0,0,1,1
62.487812659999996,-0.48,0,0,0,0
62.496153265,0.48,1,1,0,0
62.50449387,0.48,0,0,0,0
62.51283447499999,-0.48,0,0,0,0
62.52117507999999,-0.48,0,0,0,0
62.52951568499999,-0.48,0,0,0,0
62.53785628999999,-0.48,1,1,0,0
62.546196894999994,-0.48,0,1,0,0
62.554537499999995,0.48,1,0,0,0
62.562878104999996,0.48,0,0,0,0
62.57121871,0.48,0,0,0,0
62.579559315,0.48,0,0,0,0
62.58789991999999,0.48,0,0,1,1
62.59624052499999,-0.48,0,0,1,1
62.60458112999999,0.48,0,0,1,1
62.61292173499999,-0.48,0,0,1,0
62.621262339999994,0.48,0,0,0,0
62.629602944999995,0.48,0,0,0,0
62.637943549999996,-0.48,0,0,0,0
62.646284155,0.48,0,0,0,0
62.65462476,0.48,0,0,0,0
62.66296536499999,-0.48,0,0,0,0
62.67130596999999,-0.48,0,0,0,0
62.67964657499999,-0.48,0,0,0,0
62.68798717999999,-0.48,1,1,0,0
62.696327784999994,-0.48,1,0,0,0
62.704668389999995,0.48,1,1,0,0
62.713008994999996,-0.48,0,0,0,0
62.721349599999996,-0.48,0,0,0,0
62.729690205,0.48,0,0,0,0
62.73803080999999,0.48,0,1,0,0
62.74637141499999,-0.48,0,0,1,0
62.75471201999999,0.48,0,0,0,0
62.76305262499999,0.48,0,0,1,1
62.771393229999994,0.48,0,0,1,1
62.779733834999995,-0.48,0,0,1,0
62.788074439999995,0.48,0,0,1,1
62.796415044999996,0.48,0,0,0,1
62.80475565,-0.48,0,0,0,0
62.81309625499999,-0.48,0,0,0,0
62.82143685999999,-0.48,0,0,0,0
62.82977746499999,-0.48,0,1,0,0
62.83811806999999,-0.48,1,0,0,0
62.846458674999994,-0.48,1,0,0,0
62.854799279999995,0.48,0,0,0,0
62.863139884999995,0.48,1,0,0,0
62.871480489999996,0.48,0,0,0,0
62.879821095,-0.48,0,0,0,0
62.88816169999999,-0.48,0,0,0,1
62.89650230499999,0.48,0,0,1,1
62.90484290999999,0.48,0,0,1,0
62.91318351499999,0.48,0,0,0,0
62.921524119999994,0.48,0,0,0,0
62.929864724999995,0.48,0,0,1,0
62.938205329999995,0.48,0,0,1,1
62.946545934999996,-0.48,0,0,1,1
62.95488654,-0.48,0,0,1,0
62.96322714499999,0.48,0,0,0,0
62.97156774999999,0.48,0,1,0,0
62.97990835499999,-0.48,1,0,0,0
62.98824895999999,-0.48,0,0,0,0
62.996589564999994,0.48,0,0,0,0
63.004930169999994,0.48,1,1,0,0
63.013270774999995,0.48,0,0,0,0
63.021611379999996,0.48,0,0,0,0
63.029951985,0.48,0,0,0,0
63.03829258999999,-0.48,0,0,1,1
63.04663319499999,0.48,0,0,1,1
63.05497379999999,-0.48,0,0,0,0
63.06331440499999,0.48,0,0,0,0
63.07165500999999,-0.48,0,0,0,0
63.079995614999994,0.48,0,0,0,0
63.088336219999995,-0.48,0,0,0,0
63.096676824999996,0.48,1,0,0,0
63.10501743,-0.48,0,0,0,0
63.113358035,-0.48,0,0,0,0
63.12169863999999,-0.48,0,0,0,0
63.13003924499999,0.48,1,1,0,0
63.13837984999999,0.48,0,0,0,0
63.14672045499999,0.48,0,0,0,0
63.155061059999994,0.48,0,0,0,0
63.163401664999995,0.48,0,0,0,1
63.171742269999996,-0.48,0,0,1,1
63.180082875,-0.48,0,0,1,1
63.18842348,-0.48,0,0,0,0
63.19676408499999,-0.48,0,1,0,0
63.20510468999999,-0.48,1,0,0,0
63.21344529499999,0.48,1,1,0,0
63.22178589999999,0.48,0,0,0,0
63.230126504999994,-0.48,0,0,0,0
63.238467109999995,-0.48,0,0,0,0
63.246807714999996,-0.48,0,0,0,0
63.255148319999996,-0.48,0,0,0,0
63.263488925,-0.48,1,1,0,0
63.27182952999999,0.48,1,0,0,0
63.28017013499999,0.48,0,0,0,0
63.28851073999999,-0.48,0,0,0,0
63.29685134499999,-0.48,0,0,0,0
63.305191949999994,-0.48,0,0,1,0
63.313532554999995,-0.48,0,0,1,1
63.321873159999996,-0.48,0,1,0,0
63.330213764999996,0.48,1,0,0,0
63.33855437,-0.48,0,0,0,0
63.34689497499999,-0.48,0,0,0,0
63.35523557999999,-0.48,0,0,0,0
63.36357618499999,-0.48,0,0,0,0
63.37191678999999,0.48,1,1,1,0
63.380257394999994,-0.48,1,0,0,0
63.388597999999995,-0.48,0,0,0,0
63.396938604999995,-0.48,0,0,0,0
63.405279209999996,0.48,0,0,0,0
63.413619815,0.48,0,0,0,0
63.42196041999999,0.48,0,0,1,0
63.43030102499999,-0.48,0,0,0,0
63.43864162999999,-0.48,0,0,1,1
63.44698223499999,0.48,0,0,1,1
63.455322839999994,-0.48,0,0,0,0
63.463663444999995,0.48,0,0,0,0
63.472004049999995,-0.48,0,0,0,0
63.480344654999996,-0.48,0,0,0,0
63.48868526,-0.48,0,0,1,0
63.49702586499999,0.48,0,0,0,0
63.50536646999999,-0.48,1,1,0,0
63.51370707499999,-0.48,0,0,0,0
63.52204767999999,-0.48,0,0,0,0
63.530388284999994,-0.48,1,0,0,0
63.538728889999994,0.48,1,1,1,0
63.547069494999995,0.48,0,0,0,0
63.555410099999996,-0.48,0,0,0,0
63.563750705,-0.48,0,0,0,0
63.57209130999999,0.48,0,0,1,1
63.58043191499999,-0.48,0,0,1,1
63.58877251999999,0.48,0,0,0,0
63.59711312499999,0.48,0,0,0,0
63.605453729999994,-0.48,0,0,0,0
63.613794334999994,0.48,0,0,1,0
63.622134939999995,-0.48,0,0,1,1
63.630475544999996,0.48,0,0,0,1
63.63881615,0.48,0,0,1,0
63.64715675499999,-0.48,0,0,0,0
63.65549735999999,-0.48,0,0,0,0
63.66383796499999,0.48,0,0,1,0
63.67217856999999,0.48,0,1,0,0
63.68051917499999,-0.48,1,0,0,0
63.688859779999994,0.48,0,0,0,0
63.697200384999995,0.48,0,0,0,0
63.705540989999996,0.48,0,0,0,1
63.713881595,-0.48,0,0,1,0
63.7222222,0.48,0,0,1,1
63.73056280499999,-0.48,0,0,1,1
63.73890340999999,0.48,0,0,0,0
63.74724401499999,0.48,0,0,0,0
63.75558461999999,-0.48,0,0,0,0
63.763925224999994,0.48,0,0,0,0
63.772265829999995,0.48,0,0,0,0
63.780606434999996,-0.48,0,0,0,0
63.78894704,0.48,0,0,0,0
63.797287645,-0.48,0,0,0,0
63.80562824999999,-0.48,0,0,0,0
63.81396885499999,0.48,1,0,0,0
63.82230945999999,0.48,1,1,0,0
63.83065006499999,0.48,0,0,0,0
63.838990669999994,-0.48,0,0,0,0
63.847331274999995,-0.48,0,0,0,1
63.855671879999996,-0.48,0,0,1,1
63.864012484999996,-0.48,1,0,0,0
63.87235309,0.48,1,1,0,0
63.88069369499999,0.48,1,0,0,0
63.88903429999999,0.48,0,0,0,0
63.89737490499999,0.48,0,0,0,0
63.90571550999999,-0.48,0,0,0,1
63.914056114999994,0.48,0,0,1,1
63.922396719999995,-0.48,0,0,1,0
63.930737324999996,0.48,0,0,0,0
63.939077929999996,0.48,0,0,0,0
63.947418535,0.48,0,0,0,0
63.95575913999999,0.48,0,0,0,0
63.96409974499999,0.48,0,0,1,1
63.97244034999999,-0.48,0,0,1,1
63.98078095499999,-0.48,0,0,1,1
63.989121559999994,-0.48,0,0,1,0
63.997462164999995,0.48,1,1,0,0
64.00580276999999,-0.48,0,0,0,0
64.01414337499999,0.48,1,0,0,0
64.02248397999999,-0.48,0,1,0,0
64.03082458499999,-0.48,1,0,0,0
64.03916518999999,0.48,1,1,0,0
64.04750579499999,0.48,1,0,0,0
64.0558464,-0.48,0,0,0,0
64.064187005,-0.48,0,0,0,0
64.07252761,0.48,0,0,0,1
64.080868215,-0.48,0,0,1,0
64.08920882,0.48,0,1,0,0
64.097549425,0.48,0,0,0,0
64.10589003,0.48,0,0,0,0
64.114230635,0.48,0,0,0,0
64.12257124,-0.48,0,0,1,1
64.130911845,0.48,0,0,1,1
64.13925245,0.48,0,0,1,1
64.14759305499999,-0.48,0,0,0,0
64.15593365999999,-0.48,0,0,0,0
64.16427426499999,-0.48,0,0,0,0
64.17261486999999,-0.48,1,0,0,0
64.18095547499999,0.48,0,1,0,0
64.18929607999999,-0.48,1,0,0,0
64.19763668499999,0.48,0,0,0,0
64.20597728999999,-0.48,0,0,0,0
64.214317895,-0.48,0,0,0,0
64.2226585,0.48,0,0,0,0
64.230999105,-0.48,1,1,0,0
64.23933971,0.48,0,1,0,0
64.247680315,-0.48,0,0,0,0
64.25602092,0.48,0,0,0,0
64.264361525,0.48,0,0,0,0
64.27270213,0.48,0,0,0,0
64.281042735,-0.48,0,0,1,0
64.28938334,0.48,0,0,1,1
64.29772394499999,-0.48,0,0,1,1
64.30606454999999,-0.48,0,0,1,0
64.31440515499999,0.48,0,0,0,0
64.32274575999999,0.48,0,1,0,0
64.33108636499999,0.48,1,0,0,0
64.33942696999999,-0.48,0,0,0,0
64.34776757499999,0.48,0,0,1,1
64.35610817999999,0.48,0,0,1,1
64.364448785,0.48,0,0,0,0
64.37278939,-0.48,0,0,0,0
64.381129995,-0.48,0,0,0,0
64.3894706,0.48,0,0,1,1
64.397811205,0.48,1,0,0,0
64.40615181,-0.48,0,0,0,0
64.414492415,-0.48,0,0,0,0
64.42283302,-0.48,0,0,0,0
64.431173625,-0.48,1,1,0,0
64.43951423,0.48,1,0,0,0
64.44785483499999,-0.48,1,0,0,0
64.45619543999999,-0.48,0,0,0,0
64.46453604499999,-0.48,0,0,0,0
64.47287664999999,-0.48,1,0,0,0
64.48121725499999,-0.48,1,1,0,0
64.48955785999999,0.48,1,1,0,0
64.49789846499999,0.48,0,0,0,0
64.50623906999999,-0.48,0,0,0,0
64.514579675,-0.48,0,0,0,0
64.52292028,0.48,0,0,1,1
64.531260885,-0.48,0,0,1,1
64.53960149,0.48,0,0,0,0
64.547942095,-0.48,0,0,0,0
64.5562827,0.48,0,0,0,0
64.564623305,0.48,0,0,0,0
64.57296391,0.48,0,0,1,0
64.581304515,-0.48,0,0,0,0
64.58964512,-0.48,0,0,1,1
64.59798572499999,0.48,0,0,1,1
64.60632632999999,-0.48,0,0,0,0
64.61466693499999,0.48,0,0,0,0
64.62300753999999,-0.48,0,1,0,0
64.63134814499999,0.48,0,0,0,0
64.63968874999999,0.48,0,0,0,0
64.64802935499999,-0.48,0,0,0,0
64.65636995999999,0.48,0,0,0,0
64.664710565,-0.48,0,0,1,0
64.67305117,-0.48,0,0,0,1
64.681391775,0.48,0,0,0,0
64.68973238,-0.48,1,1,0,0
64.698072985,0.48,0,0,0,0
64.70641359,-0.48,0,0,0,0
64.714754195,0.48,0,0,0,0
64.7230948,0.48,0,0,0,0
64.731435405,-0.48,0,0,0,0
64.73977601,-0.48,0,0,0,0
64.748116615,-0.48,0,0,1,0
64.75645721999999,0.48,0,0,0,0
64.76479782499999,-0.48,1,1,0,0
64.77313842999999,-0.48,0,0,0,0
64.78147903499999,-0.48,0,0,0,0
64.78981963999999,0.48,1,0,0,0
64.79816024499999,-0.48,1,1,0,0
64.80650084999999,-0.48,0,0,0,0
64.81484145499999,-0.48,0,0,0,0
64.82318206,-0.48,0,0,0,0
64.831522665,0.48,1,1,1,0
64.83986327,-0.48,0,0,0,0
64.848203875,-0.48,0,0,0,0
64.85654448,-0.48,0,0,0,0
64.864885085,0.48,0,0,0,0
64.87322569,-0.48,1,1,1,0
64.881566295,-0.48,0,0,0,0
64.8899069,-0.48,0,0,0,0
64.898247505,0.48,0,0,0,0
64.90658810999999,0.48,0,0,0,0
64.91492871499999,0.48,0,0,0,0
64.92326931999999,0.48,0,0,0,0
64.93160992499999,-0.48,0,0,1,1
64.93995052999999,-0.48,0,0,1,1
64.94829113499999,-0.48,0,0,1,0
64.95663173999999,0.48,0,0,0,0
64.96497234499999,0.48,1,1,0,0
64.97331295,0.48,0,0,0,0
64.981653555,-0.48,0,0,0,0
64.98999416,-0.48,0,0,0,1
64.998334765,0.48,0,0,1,1
65.00667537,0.48,0,0,0,0
65.015015975,-0.48,0,0,0,0
65.02335658,0.48,0,0,0,0
65.031697185,0.48,0,0,0,0
65.04003779,0.48,0,0,0,0
65.048378395,-0.48,0,0,1,1
65.05671899999999,-0.48,0,0,1,1
65.06505960499999,-0.48,0,0,1,1
65.07340020999999,0.48,1,0,0,0
65.08174081499999,-0.48,1,0,0,0
65.09008141999999,-0.48,1,0,0,0
65.09842202499999,-0.48,0,0,0,0
65.10676262999999,0.48,1,1,0,0
65.11510323499999,0.48,1,1,0,0
65.12344384,-0.48,0,0,0,0
65.131784445,-0.48,0,0,0,0
65.14012505,0.48,0,0,0,0
65.148465655,-0.48,0,0,1,0
65.15680626,0.48,0,1,0,0
65.165146865,0.48,0,0,0,0
65.17348747,0.48,0,0,0,0
65.181828075,0.48,0,0,1,0
65.19016868,-0.48,0,0,1,1
65.198509285,0.48,0,0,0,1
65.20684988999999,-0.48,0,0,1,0
65.21519049499999,0.48,0,0,0,0
65.22353109999999,0.48,0,0,0,0
65.23187170499999,-0.48,0,0,0,0
65.24021230999999,0.48,0,0,0,0
65.24855291499999,0.48,0,0,0,0
65.25689351999999,0.48,0,0,1,1
65.26523412499999,0.48,0,0,0,0
65.27357472999999,0.48,0,0,0,0
65.281915335,0.48,0,0,1,1
65.29025594,-0.48,0,0,1,1
65.298596545,0.48,0,0,1,1
65.30693715,0.48,0,0,1,0
65.315277755,-0.48,0,0,0,0
65.32361836,0.48,0,0,0,0
65.331958965,0.48,0,0,0,0
65.34029957,-0.48,0,0,0,0
65.348640175,-0.48,0,0,0,0
65.35698078,-0.48,0,0,0,0
65.36532138499999,0.48,1,1,0,0
65.37366198999999,0.48,1,0,0,0
65.38200259499999,0.48,1,0,0,0
65.39034319999999,-0.48,0,0,0,0
65.39868380499999,-0.48,0,0,0,1
65.40702440999999,-0.48,0,0,1,1
65.41536501499999,-0.48,0,0,0,0
65.42370561999999,0.48,1,1,0,0
65.432046225,0.48,1,0,0,0
65.44038683,-0.48,0,0,0,0
65.448727435,0.48,0,0,0,0
65.45706804,0.48,0,0,0,1
65.465408645,-0.48,0,0,1,0
65.47374925,-0.48,0,0,1,0
65.482089855,-0.48,0,0,0,0
65.49043046,-0.48,0,0,0,0
65.498771065,0.48,0,1,0,0
65.50711167,-0.48,0,0,0,0
65.51545227499999,0.48,1,0,0,0
65.52379287999999,-0.48,0,0,0,0
65.53213348499999,0.48,0,0,0,0
65.54047408999999,-0.48,0,0,0,0
65.54881469499999,-0.48,0,0,0,0
65.55715529999999,0.48,0,0,0,0
65.56549590499999,0.48,0,0,0,0
65.57383650999999,-0.48,0,0,0,0
65.582177115,0.48,0,0,0,0
65.59051772,0.48,0,0,1,1
65.598858325,-0.48,0,0,1,1
65.60719893,0.48,0,0,0,0
65.615539535,0.48,0,0,1,0
65.62388014,0.48,0,0,0,0
65.632220745,-0.48,0,0,0,1
65.64056135,0.48,0,0,1,0
65.648901955,-0.48,0,0,1,1
65.65724256,-0.48,0,0,0,1
65.66558316499999,0.48,0,0,0,0
65.67392376999999,0.48,1,1,0,0
65.68226437499999,0.48,0,0,0,0
65.69060497999999,-0.48,0,0,0,0
65.69894558499999,0.48,0,0,0,1
65.70728618999999,0.48,0,0,1,1
65.71562679499999,-0.48,0,0,0,0
65.72396739999999,0.48,0,0,0,0
65.732308005,-0.48,0,0,0,0
65.74064861,-0.48,0,0,0,0
65.748989215,0.48,0,0,0,0
65.75732982,0.48,1,1,0,0
65.765670425,-0.48,0,0,0,0
65.77401103,0.48,0,0,0,0
65.782351635,-0.48,0,0,0,0
65.79069224,0.48,0,0,0,1
65.799032845,-0.48,0,0,0,0
65.80737345,0.48,0,0,0,0
65.81571405499999,-0.48,0,0,0,0
65.82405465999999,0.48,0,0,0,0
65.83239526499999,0.48,0,0,0,0
65.84073586999999,-0.48,0,0,0,0
65.84907647499999,-0.48,0,0,0,1
65.85741707999999,-0.48,0,0,1,1
65.86575768499999,0.48,0,1,0,0
65.87409828999999,-0.48,1,1,0,0
65.88243889499999,-0.48,0,0,0,0
65.8907795,0.48,0,0,0,0
65.899120105,0.48,1,0,0,0
65.90746071,0.48,1,0,0,0
65.915801315,-0.48,0,0,0,0
65.92414192,-0.48,0,0,1,1
65.932482525,-0.48,0,0,1,1
65.94082313,0.48,0,0,1,1
65.949163735,0.48,1,1,0,0
65.95750434,0.48,0,0,0,0
65.965844945,0.48,0,0,0,0
65.97418554999999,0.48,0,0,0,1
65.98252615499999,-0.48,0,0,1,1
65.99086675999999,0.48,0,0,1,1
65.99920736499999,0.48,0,0,1,0
66.00754796999999,-0.48,0,0,0,0
66.01588857499999,0.48,0,0,0,0
66.02422917999999,-0.48,0,0,0,0
66.03256978499999,0.48,0,0,0,0
66.04091039,0.48,0,1,0,0
66.049250995,0.48,0,1,0,0
66.0575916,0.48,0,0,0,0
66.065932205,0.48,0,0,1,1
66.07427281,0.48,0,0,1,1
66.082613415,-0.48,0,0,1,1
66.09095402,-0.48,0,0,1,0
66.099294625,0.48,0,0,0,0
66.10763523,-0.48,1,1,0,0
66.115975835,-0.48,0,0,0,0
66.12431643999999,0.48,1,0,0,0
66.13265704499999,-0.48,1,0,0,0
66.14099764999999,0.48,0,0,0,0
66.14933825499999,0.48,0,0,0,0
66.15767885999999,-0.48,0,0,0,0
66.16601946499999,-0.48,0,0,0,0
66.17436006999999,-0.48,0,0,0,0
66.18270067499999,-0.48,0,0,1,0
66.19104128,-0.48,0,1,0,0
66.199381885,-0.48,1,0,0,0
66.20772249,0.48,0,0,0,0
66.216063095,0.48,1,1,0,0
66.2244037,0.48,0,0,1,0
66.232744305,0.48,0,0,0,0
66.24108491,0.48,0,0,1,1
66.249425515,0.48,0,0,1,1
66.25776612,0.48,0,0,1,1
66.266106725,0.48,0,0,1,0
66.27444732999999,-0.48,0,0,1,0
66.28278793499999,-0.48,0,0,1,0
66.29112853999999,0.48,0,0,0,0
66.29946914499999,0.48,0,1,0,0
66.30780974999999,-0.48,0,0,0,0
66.31615035499999,-0.48,0,0,0,0
66.32449095999999,0.48,0,0,0,0
66.33283156499999,-0.48,1,1,0,0
66.34117217,0.48,0,1,0,0
66.349512775,0.48,0,0,0,0
66.35785338,-0.48,1,0,0,0
66.366193985,-0.48,0,0,0,0
66.37453459,0.48,0,0,0,1
66.382875195,0.48,0,0,0,0
66.3912158,0.48,0,0,0,0
66.399556405,-0.48,0,0,0,0
66.40789701,-0.48,0,0,1,1
66.416237615,0.48,0,0,1,1
66.42457821999999,-0.48,0,1,0,0
66.43291882499999,0.48,1,0,0,0
66.44125942999999,-0.48,0,0,0,0
66.44960003499999,-0.48,0,0,0,0
66.45794063999999,0.48,0,0,0,0
66.46628124499999,-0.48,1,1,0,0
66.47462184999999,0.48,0,0,0,0
66.48296245499999,-0.48,0,0,0,0
66.49130305999999,-0.48,0,0,0,0
66.499643665,-0.48,0,0,0,0
66.50798427,0.48,1,1,0,0
66.516324875,-0.48,1,1,0,0
66.52466548,-0.48,0,0,0,0
66.533006085,-0.48,0,0,1,0
66.54134669,0.48,0,0,0,0
66.549687295,0.48,1,0,1,0
66.5580279,0.48,0,0,0,0
66.566368505,-0.48,0,0,0,0
66.57470911,-0.48,0,0,1,1
66.58304971499999,-0.48,0,0,1,1
66.59139031999999,0.48,0,0,1,0
66.59973092499999,-0.48,0,0,0,0
66.60807152999999,0.48,0,1,0,0
66.61641213499999,0.48,0,0,0,0
66.62475273999999,0.48,0,0,0,0
66.63309334499999,0.48,0,0,0,0
66.64143394999999,-0.48,0,0,1,1
66.649774555,-0.48,0,0,1,1
66.65811516,-0.48,0,0,1,1
66.666455765,0.48,0,0,0,0
66.67479637,0.48,1,1,0,0
66.683136975,0.48,0,0,0,0
66.69147758,0.48,0,0,0,0
66.699818185,-0.48,0,0,0,1
66.70815879,0.48,0,0,1,1
66.716499395,-0.48,0,0,0,0
66.72484,0.48,0,0,1,0
66.73318060499999,0.48,0,0,0,0
66.74152120999999,0.48,0,0,0,0
66.74986181499999,-0.48,0,0,0,0
66.75820241999999,-0.48,0,0,0,1
66.76654302499999,0.48,0,0,1,1
66.77488362999999,0.48,0,0,0,0
66.78322423499999,0.48,1,0,0,0
66.79156483999999,-0.48,0,0,0,0
66.799905445,-0.48,0,0,0,0
66.80824605,-0.48,0,0,1,1
66.816586655,0.48,1,1,0,0
66.82492726,0.48,0,0,0,0
66.833267865,0.48,0,0,0,0
66.84160847,0.48,0,0,0,0
66.849949075,0.48,0,0,0,1
66.85828968,0.48,0,0,1,1
66.866630285,0.48,0,0,1,0
66.87497089,0.48,0,0,1,1
66.88331149499999,-0.48,0,0,1,0
66.89165209999999,-0.48,0,0,1,0
66.89999270499999,-0.48,0,0,0,0
66.90833330999999,0.48,1,1,0,0
66.91667391499999,-0.48,0,0,0,0
66.92501451999999,-0.48,1,0,0,0
66.93335512499999,-0.48,0,0,0,0
66.94169572999999,0.48,1,1,0,0
66.950036335,0.48,1,0,0,0
66.95837694,-0.48,0,0,0,0
66.966717545,-0.48,0,0,0,0
66.97505815,0.48,0,0,0,1
66.983398755,-0.48,0,0,0,0
66.99173936,0.48,0,0,0,0
67.000079965,0.48,0,1,0,0
67.00842057,-0.48,0,0,0,0
67.016761175,0.48,0,0,0,0
67.02510178,-0.48,0,0,1,0
67.03344238499999,0.48,0,0,0,1
67.04178298999999,-0.48,0,0,0,0
67.05012359499999,-0.48,0,0,0,0
67.05846419999999,0.48,0,0,0,0
67.06680480499999,0.48,1,0,0,0
67.07514540999999,-0.48,0,1,0,0
67.08348601499999,0.48,0,0,0,0
67.09182661999999,0.48,0,0,0,0
67.10016722499999,-0.48,0,0,1,1
67.10850783,-0.48,0,0,0,1
67.116848435,-0.48,0,0,1,0
67.12518904,0.48,0,0,0,0
67.133529645,-0.48,1,1,0,0
67.14187025,0.48,0,0,0,0
67.150210855,-0.48,0,0,0,0
67.15855146,-0.48,0,0,0,0
67.166892065,0.48,0,0,0,0
67.17523267,-0.48,1,1,0,0
67.183573275,-0.48,0,1,0,0
67.19191387999999,0.48,0,0,0,0
67.20025448499999,-0.48,0,0,0,0
67.20859508999999,-0.48,0,0,0,0
67.21693569499999,0.48,0,1,0,0
67.22527629999999,0.48,0,0,0,0
67.23361690499999,-0.48,0,0,0,0
67.24195750999999,0.48,0,0,0,0
67.25029811499999,0.48,0,0,1,0
67.25863872,-0.48,0,0,1,1
67.266979325,-0.48,0,0,1,0
67.27531993,0.48,0,0,1,1
67.283660535,-0.48,0,0,0,0
67.29200114,-0.48,0,0,0,0
67.300341745,-0.48,0,0,0,0
67.30868235,-0.48,1,1,0,0
67.317022955,-0.48,1,0,0,0
67.32536356,-0.48,1,1,0,0
67.333704165,0.48,1,0,0,0
67.34204476999999,0.48,0,0,0,0
67.35038537499999,0.48,0,0,0,0
67.35872597999999,0.48,0,0,0,0
67.36706658499999,0.48,0,0,1,1
67.37540718999999,-0.48,0,0,1,1
67.38374779499999,-0.48,0,0,1,0
67.39208839999999,-0.48,0,0,1,0
67.40042900499999,-0.48,0,0,0,0
67.40876961,0.48,0,1,0,0
67.417110215,0.48,0,0,0,0
67.42545082,0.48,1,0,0,0
67.433791425,-0.48,0,0,0,0
67.44213203,-0.48,0,0,1,1
67.450472635,-0.48,0,0,1,1
67.45881324,0.48,0,0,1,0
67.467153845,0.48,1,1,0,0
67.47549445,0.48,0,0,0,0
67.483835055,-0.48,0,0,0,0
67.49217565999999,-0.48,0,0,0,1
67.50051626499999,-0.48,0,0,1,1
67.50885686999999,-0.48,0,0,0,0
67.51719747499999,0.48,1,1,0,0
67.52553807999999,-0.48,1,0,0,0
67.53387868499999,-0.48,0,0,0,0
67.54221928999999,0.48,0,0,0,0
67.55055989499999,0.48,0,0,0,0
67.5589005,0.48,0,1,0,0
67.567241105,0.48,0,0,0,0
67.57558171,-0.48,0,0,1,1
67.583922315,0.48,0,0,1,1
67.59226292,0.48,0,0,1,1
67.600603525,0.48,0,0,0,0
67.60894413,0.48,0,0,0,0
67.617284735,0.48,0,0,1,0
67.62562534,0.48,0,0,1,1
67.633965945,0.48,0,0,1,1
67.64230654999999,-0.48,0,0,0,0
67.65064715499999,-0.48,0,0,0,0
67.65898775999999,0.48,0,0,0,0
67.66732836499999,-0.48,1,1,0,0
67.67566896999999,-0.48,0,0,0,0
67.68400957499999,0.48,1,0,0,0
67.69235017999999,0.48,0,1,0,0
67.70069078499999,0.48,0,0,0,0
67.70903138999999,-0.48,0,0,0,0
67.717371995,0.48,0,0,0,0
67.7257126,0.48,0,0,1,1
67.734053205,-0.48,0,0,0,0
67.74239381,-0.48,0,0,0,0
67.750734415,-0.48,0,0,0,0
67.75907502,0.48,0,0,0,0
67.767415625,-0.48,1,0,0,0
67.77575623,-0.48,1,0,0,0
67.784096835,-0.48,0,0,0,0
67.79243744,0.48,1,1,0,0
67.80077804499999,0.48,0,0,0,0
67.80911864999999,-0.48,0,0,0,0
67.81745925499999,0.48,0,0,0,0
67.82579985999999,-0.48,0,0,0,1
67.83414046499999,0.48,0,0,1,1
67.84248106999999,-0.48,0,0,0,0
67.85082167499999,0.48,0,0,0,0
67.85916227999999,-0.48,0,0,0,0
67.867502885,-0.48,0,0,0,0
67.87584349,-0.48,0,0,0,0
67.884184095,-0.48,0,1,0,0
67.8925247,-0.48,1,0,1,0
67.900865305,-0.48,1,1,0,0
67.90920591,-0.48,1,0,0,0
67.917546515,-0.48,0,1,0,0
67.92588712,0.48,0,0,0,0
67.934227725,-0.48,1,1,0,0
67.94256833,-0.48,0,0,0,0
67.95090893499999,0.48,0,0,0,0
67.95924953999999,0.48,0,0,0,0
67.96759014499999,0.48,0,0,1,0
67.97593074999999,-0.48,0,0,0,0
67.98427135499999,0.48,0,0,1,1
67.99261195999999,0.48,0,0,1,1
68.00095256499999,-0.48,0,0,0,0
68.00929316999999,0.48,0,0,1,0
68.017633775,0.48,0,0,1,0
68.02597438,0.48,0,0,1,0
68.034314985,-0.48,0,0,0,0
68.04265559,-0.48,0,0,1,1
68.050996195,-0.48,0,0,1,1
68.0593368,0.48,0,1,0,0
68.067677405,-0.48,1,0,0,0
68.07601801,-0.48,1,0,0,0
68.084358615,0.48,1,0,0,0
68.09269922,0.48,0,1,0,0
68.10103982499999,-0.48,0,1,0,0
68.10938042999999,0.48,0,0,0,0
68.11772103499999,0.48,0,0,0,0
68.12606163999999,0.48,0,0,1,0
68.13440224499999,-0.48,0,0,0,0
68.14274284999999,-0.48,0,0,1,1
68.15108345499999,-0.48,0,0,1,1
68.15942405999999,0.48,0,1,0,0
68.16776466499999,-0.48,1,1,0,0
68.17610527,-0.48,0,0,0,0
68.184445875,-0.48,0,0,0,0
68.19278648,-0.48,1,0,1,0
68.201127085,0.48,0,1,0,0
68.20946769,-0.48,1,0,0,0
68.217808295,0.48,0,0,0,0
68.2261489,-0.48,0,0,0,0
68.234489505,-0.48,0,0,0,0
68.24283011,-0.48,0,0,0,0
68.25117071499999,-0.48,0,0,1,0
68.25951131999999,0.48,1,1,0,0
68.26785192499999,-0.48,0,0,0,0
68.27619252999999,0.48,0,0,1,0
68.28453313499999,0.48,0,0,0,0
68.29287373999999,0.48,0,0,0,0
68.30121434499999,-0.48,0,0,1,1
68.30955494999999,0.48,0,0,1,1
68.31789555499999,-0.48,0,0,1,1
68.32623616,-0.48,0,0,0,0
68.334576765,-0.48,0,0,0,0
68.34291737,0.48,0,1,0,0
68.351257975,-0.48,1,0,0,0
68.35959858,-0.48,0,0,0,0
68.367939185,-0.48,0,0,0,0
68.37627979,0.48,1,0,0,0
68.384620395,0.48,1,1,0,0
68.392961,0.48,0,0,0,0
68.401301605,0.48,0,0,0,0
68.40964220999999,0.48,0,0,1,1
68.41798281499999,0.48,0,0,1,1
68.42632341999999,-0.48,0,0,1,1
68.43466402499999,-0.48,0,0,0,0
68.44300462999999,0.48,0,0,0,0
68.45134523499999,-0.48,0,0,0,0
68.45968583999999,-0.48,0,0,0,0
68.46802644499999,0.48,0,1,0,0
68.47636705,-0.48,1,1,0,0
68.484707655,-0.48,0,0,0,0
68.49304826,-0.48,0,0,0,0
68.501388865,0.48,1,1,0,0
68.50972947,-0.48,0,0,0,0
68.518070075,-0.48,0,0,0,0
68.52641068,-0.48,0,0,0,0
68.534751285,0.48,0,0,0,0
68.54309189,-0.48,1,1,0,0
68.551432495,0.48,0,0,0,0
68.55977309999999,-0.48,0,0,0,0
68.56811370499999,-0.48,0,0,0,0
68.57645430999999,0.48,0,0,1,0
68.58479491499999,0.48,0,0,0,0
68.59313551999999,0.48,0,0,0,0
68.60147612499999,0.48,0,0,0,0
68.60981672999999,0.48,0,0,1,1
68.61815733499999,-0.48,0,0,1,1
68.62649794,-0.48,0,0,1,1
68.634838545,0.48,0,0,1,0
68.64317915,-0.48,0,0,0,0
68.651519755,0.48,1,1,0,0
68.65986036,0.48,0,0,0,0
68.668200965,0.48,0,0,0,0
68.67654157,-0.48,0,0,0,0
68.684882175,-0.48,0,0,1,1
68.69322278,-0.48,0,0,1,1
68.701563385,0.48,0,0,0,0
68.70990398999999,-0.48,1,1,0,0
68.71824459499999,0.48,0,0,0,0
68.72658519999999,0.48,0,0,0,0
68.73492580499999,0.48,0,0,0,0
68.74326640999999,-0.48,0,0,0,0
68.75160701499999,-0.48,0,0,1,1
68.75994761999999,0.48,0,0,1,1
68.76828822499999,0.48,0,0,0,0
68.77662882999999,0.48,0,0,0,0
68.784969435,0.48,0,0,0,0
68.79331004,-0.48,0,0,1,0
68.801650645,-0.48,0,0,1,1
68.80999125,-0.48,0,0,1,1
68.818331855,-0.48,1,0,0,0
68.82667246,-0.48,1,0,0,0
68.835013065,-0.48,1,1,0,0
68.84335367,-0.48,1,0,0,0
68.851694275,0.48,1,0,0,0
68.86003487999999,-0.48,0,0,0,0
68.86837548499999,0.48,0,0,0,0
68.87671608999999,-0.48,0,0,0,0
68.88505669499999,0.48,0,0,0,0
68.89339729999999,-0.48,0,0,0,0
68.90173790499999,-0.48,0,0,1,0
68.91007850999999,0.48,0,0,1,0
68.91841911499999,-0.48,0,0,0,0
68.92675971999999,-0.48,0,0,0,0
68.935100325,-0.48,0,0,0,0
68.94344093,0.48,0,1,0,0
68.951781535,0.48,0,1,1,0
68.96012214,-0.48,1,0,0,0
68.968462745,-0.48,0,0,0,0
68.97680335,-0.48,0,0,1,1
68.985143955,-0.48,0,0,1,1
68.99348456,-0.48,0,0,0,0
69.001825165,-0.48,1,1,0,0
69.01016577,-0.48,1,0,0,0
69.01850637499999,-0.48,0,0,0,0
69.02684697999999,0.48,0,0,0,0
69.03518758499999,0.48,0,1,1,0
69.04352818999999,0.48,0,0,0,0
69.05186879499999,-0.48,0,0,0,0
69.06020939999999,0.48,0,0,1,1
69.06855000499999,-0.48,0,0,1,1
69.07689060999999,-0.48,0,0,1,1
69.085231215,0.48,0,0,0,0
69.09357182,-0.48,0,0,0,0
69.101912425,0.48,0,1,0,0
69.11025303,-0.48,0,0,0,0
69.118593635,0.48,0,0,0,0
69.12693424,-0.48,0,0,0,0
69.135274845,-0.48,0,0,0,0
69.14361545,-0.48,0,0,0,0
69.151956055,-0.48,0,0,0,0
69.16029666,-0.48,1,0,0,0
69.16863726499999,-0.48,1,1,0,0
69.17697786999999,-0.48,0,0,0,0
69.18531847499999,-0.48,1,0,0,0
69.19365907999999,-0.48,1,0,0,0
69.20199968499999,-0.48,1,0,0,0
69.21034028999999,-0.48,0,0,0,0
69.21868089499999,-0.48,1,1,0,0
69.22702149999999,-0.48,0,0,0,0
69.235362105,0.48,0,1,1,0
69.24370271,-0.48,0,0,0,0
69.252043315,-0.48,0,0,0,0
69.26038392,-0.48,0,0,0,0
69.268724525,-0.48,0,0,1,0
69.27706513,-0.48,0,1,1,0
69.285405735,0.48,0,0,1,0
69.29374634,0.48,0,0,0,0
69.302086945,-0.48,0,0,0,0
69.31042755,-0.48,0,0,0,0
69.31876815499999,-0.48,0,0,1,1
69.32710875999999,0.48,0,0,1,1
69.33544936499999,-0.48,0,0,0,0
69.34378996999999,0.48,0,0,0,0
69.35213057499999,0.48,0,0,0,0
69.36047117999999,-0.48,0,0,0,0
69.36881178499999,0.48,0,0,1,1
69.37715238999999,-0.48,0,0,1,1
69.38549299499999,-0.48,0,0,1,0
69.3938336,-0.48,0,0,0,0
69.402174205,-0.48,0,0,0,0
69.41051481,-0.48,1,1,0,0
69.418855415,0.48,1,0,0,0
69.42719602,-0.48,1,1,0,0
69.435536625,-0.48,0,0,0,0
69.44387723,-0.48,0,0,0,0
69.452217835,-0.48,0,0,0,0
69.46055844,-0.48,1,1,1,0
69.46889904499999,-0.48,0,1,0,0
69.47723964999999,0.48,1,0,1,0
69.48558025499999,0.48,1,0,0,0
69.49392085999999,0.48,0,0,0,0
69.50226146499999,0.48,0,0,0,0
69.51060206999999,-0.48,0,0,1,1
69.51894267499999,0.48,0,0,1,1
69.52728327999999,-0.48,0,0,0,0
69.53562388499999,0.48,0,0,1,0
69.54396449,-0.48,0,0,0,0
69.552305095,0.48,0,0,0,0
69.5606457,-0.48,0,0,0,0
69.568986305,-0.48,0,0,0,0
69.57732691,0.48,0,0,0,0
69.585667515,0.48,0,0,0,0
69.59400812,-0.48,0,1,0,0
69.602348725,0.48,0,0,0,0
69.61068933,-0.48,0,0,0,0
69.619029935,0.48,0,0,1,0
69.62737053999999,0.48,0,0,0,0
69.63571114499999,-0.48,0,0,0,0
69.64405174999999,-0.48,0,0,0,0
69.65239235499999,0.48,0,0,1,1
69.66073295999999,0.48,0,0,1,1
69.66907356499999,0.48,1,1,0,0
69.67741416999999,-0.48,0,0,0,0
69.68575477499999,-0.48,0,0,0,1
69.69409538,-0.48,0,0,1,1
69.702435985,-0.48,0,0,1,1
69.71077659,0.48,1,0,0,0
69.719117195,0.48,1,0,0,0
69.7274578,-0.48,1,0,0,0
69.735798405,-0.48,0,0,0,0
69.74413901,-0.48,0,0,0,0
69.752479615,0.48,0,0,0,0
69.76082022,0.48,1,0,1,0
69.769160825,-0.48,0,0,0,0
69.77750142999999,-0.48,0,0,0,0
69.78584203499999,-0.48,0,0,1,1
69.79418263999999,0.48,0,0,1,1
69.80252324499999,0.48,0,1,1,0
69.81086384999999,-0.48,0,0,0,0
69.81920445499999,0.48,0,0,0,0
69.82754505999999,-0.48,0,0,1,1
69.83588566499999,0.48,0,0,1,1
69.84422627,-0.48,0,0,0,0
69.852566875,-0.48,0,0,0,0
69.86090748,-0.48,0,0,0,0
69.869248085,0.48,1,0,0,0
69.87758869,-0.48,1,1,0,0
69.885929295,0.48,1,0,0,0
69.8942699,0.48,0,0,0,0
69.902610505,0.48,0,0,0,0
69.91095111,-0.48,0,0,0,0
69.919291715,-0.48,0,0,1,1
69.92763231999999,-0.48,0,0,1,1
69.93597292499999,0.48,0,0,0,0
69.94431352999999,-0.48,1,0,0,0
69.95265413499999,-0.48,0,0,0,0
69.96099473999999,-0.48,0,0,0,0
69.96933534499999,-0.48,1,1,0,0
69.97767594999999,0.48,1,1,0,0
69.98601655499999,-0.48,0,0,0,0
69.99435715999999,-0.48,0,0,0,0
70.002697765,-0.48,0,0,0,0
70.01103837,-0.48,0,0,0,0
70.019378975,-0.48,1,1,0,0
70.02771958,-0.48,1,0,1,0
70.036060185,-0.48,1,1,0,0
70.04440079,0.48,0,0,1,0
70.052741395,-0.48,0,1,0,0
70.061082,0.48,0,0,0,0
70.069422605,0.48,0,0,0,0
70.07776320999999,0.48,0,0,1,0
70.08610381499999,0.48,0,0,1,1
70.09444441999999,-0.48,0,0,1,1
70.10278502499999,0.48,0,0,1,1
70.11112562999999,-0.48,0,0,0,0
70.11946623499999,0.48,0,0,0,0
70.12780683999999,0.48,0,0,0,0
70.13614744499999,0.48,0,0,0,0
70.14448804999999,-0.48,0,0,0,0
70.152828655,0.48,0,0,1,1
70.16116926,-0.48,0,0,1,1
70.169509865,0.48,0,0,0,0
70.17785047,0.48,0,0,0,0
70.186191075,0.48,0,0,0,0
70.19453168,-0.48,0,0,0,0
70.202872285,0.48,0,0,0,1
70.21121289,0.48,0,0,1,1
70.219553495,0.48,0,0,1,0
70.2278941,-0.48,0,0,0,0
70.23623470499999,0.48,0,0,0,0
70.24457530999999,0.48,0,0,1,1
70.25291591499999,-0.48,0,0,0,0
70.26125651999999,0.48,0,0,0,0
70.26959712499999,-0.48,0,0,0,0
70.27793772999999,0.48,0,0,0,0
70.28627833499999,-0.48,0,1,0,0
70.29461893999999,0.48,0,0,0,0
70.302959545,-0.48,1,1,0,0
70.31130015,0.48,1,0,0,0
70.319640755,-0.48,0,0,0,0
70.32798136,-0.48,0,0,0,0
70.336321965,0.48,1,1,0,0
70.34466257,-0.48,0,1,0,0
70.353003175,0.48,0,0,0,0
70.36134378,-0.48,0,0,0,0
70.369684385,-0.48,0,0,0,0
70.37802499,0.48,0,0,0,0
70.38636559499999,-0.48,1,1,1,0
70.39470619999999,-0.48,0,0,0,0
70.40304680499999,0.48,0,0,0,0
70.41138740999999,0.48,0,0,0,0
70.41972801499999,0.48,0,0,0,0
70.42806861999999,0.48,0,0,0,0
70.43640922499999,-0.48,0,0,1,1
70.44474982999999,-0.48,0,0,1,1
70.453090435,0.48,0,0,1,1
70.46143104,-0.48,0,0,0,0
70.469771645,0.48,0,1,0,0
70.47811225,-0.48,0,0,0,0
70.486452855,0.48,0,0,0,0
70.49479346,0.48,0,0,0,0
70.503134065,0.48,0,0,0,0
70.51147467,0.48,0,0,0,0
70.519815275,0.48,0,0,1,1
70.52815588,0.48,0,0,1,1
70.53649648499999,-0.48,0,0,1,1
70.54483708999999,-0.48,0,0,0,0
70.55317769499999,-0.48,0,0,1,0
70.56151829999999,0.48,1,1,0,0
70.56985890499999,0.48,0,1,0,0
70.57819950999999,0.48,1,0,0,0
70.58654011499999,0.48,0,0,0,0
70.59488071999999,0.48,0,0,0,1
70.60322132499999,-0.48,0,0,1,1
70.61156193,0.48,0,0,1,0
70.619902535,0.48,0,0,1,0
70.62824314,-0.48,0,0,0,0
70.636583745,-0.48,0,0,0,0
70.64492435,-0.48,0,0,0,0
70.653264955,0.48,1,1,0,0
70.66160556,0.48,1,0,0,0
70.669946165,-0.48,1,0,0,0
70.67828677,0.48,0,0,0,0
70.68662737499999,0.48,0,0,0,1
70.69496797999999,0.48,0,0,0,0
70.70330858499999,-0.48,0,0,0,0
70.71164918999999,-0.48,0,0,1,0
70.71998979499999,-0.48,0,0,1,1
70.72833039999999,-0.48,1,0,1,0
70.73667100499999,0.48,1,1,0,0
70.74501160999999,0.48,1,0,0,0
70.75335221499999,0.48,0,0,0,0
70.76169282,0.48,0,0,0,0
70.770033425,-0.48,0,0,0,1
70.77837403,0.48,0,0,1,1
70.786714635,-0.48,0,0,1,1
70.79505524,0.48,0,0,0,0
70.803395845,-0.48,0,0,0,0
70.81173645,0.48,0,0,0,0
70.820077055,-0.48,0,0,0,0
70.82841766,0.48,0,0,0,0
70.836758265,0.48,0,0,0,0
70.84509886999999,0.48,0,0,0,0
70.85343947499999,-0.48,0,0,0,0
70.86178007999999,-0.48,0,0,0,1
70.87012068499999,0.48,0,0,1,1
70.87846128999999,0.48,0,1,0,0
70.88680189499999,-0.48,1,1,0,0
70.89514249999999,0.48,0,0,0,0
70.90348310499999,0.48,0,0,0,0
70.91182371,-0.48,0,0,1,1
70.920164315,-0.48,0,0,0,0
70.92850492,0.48,0,0,1,0
70.936845525,-0.48,0,1,0,0
70.94518613,0.48,1,1,0,0
70.953526735,0.48,0,0,0,0
70.96186734,-0.48,0,0,0,0
70.970207945,0.48,0,0,0,0
70.97854855,0.48,0,0,1,0
70.986889155,-0.48,0,0,1,1
70.99522975999999,-0.48,0,0,0,0
71.00357036499999,-0.48,0,0,0,0
71.01191096999999,0.48,0,0,0,0
71.02025157499999,0.48,1,1,0,0
71.02859217999999,0.48,0,0,0,0
71.03693278499999,-0.48,0,0,0,0
71.04527338999999,-0.48,0,0,0,1
71.05361399499999,-0.48,0,0,1,1
71.06195459999999,-0.48,0,0,0,0
71.070295205,-0.48,1,1,0,0
71.07863581,-0.48,1,0,0,0
71.086976415,-0.48,0,0,0,0
71.09531702,-0.48,0,0,0,0
71.103657625,0.48,0,0,0,0
71.11199823,0.48,1,0,1,0
71.120338835,-0.48,0,0,0,0
71.12867944,0.48,0,0,0,0
71.137020045,0.48,0,0,0,1
71.14536064999999,-0.48,0,0,1,1
71.15370125499999,-0.48,0,0,1,0
71.16204185999999,0.48,0,0,1,0
71.17038246499999,0.48,0,0,0,0
71.17872306999999,-0.48,0,0,0,0
71.18706367499999,0.48,0,0,0,0
71.19540427999999,0.48,0,0,0,0
71.20374488499999,-0.48,0,0,1,0
71.21208548999999,0.48,0,0,0,1
71.220426095,-0.48,0,0,1,0
71.2287667,0.48,0,0,0,0
71.237107305,0.48,0,0,0,0
71.24544791,0.48,0,0,0,0
71.253788515,-0.48,0,0,0,0
71.26212912,0.48,0,0,1,1
71.270469725,0.48,0,0,1,1
71.27881033,-0.48,0,0,0,0
71.287150935,0.48,0,0,0,0
71.29549153999999,0.48,0,0,0,0
71.30383214499999,-0.48,0,0,0,0
71.31217274999999,0.48,0,0,0,0
71.32051335499999,0.48,0,0,0,0
71.32885395999999,-0.48,0,0,0,1
71.33719456499999,0.48,0,0,0,0
71.34553516999999,0.48,0,0,0,0
71.35387577499999,-0.48,0,0,0,0
71.36221637999999,0.48,0,0,0,0
71.370556985,-0.48,0,0,0,0
71.37889759,0.48,0,0,0,0
71.387238195,-0.48,0,0,0,0
71.3955788,-0.48,0,1,0,0
71.403919405,-0.48,1,0,0,0
71.41226001,0.48,1,1,0,0
71.420600615,0.48,0,0,0,0
71.42894122,0.48,0,0,0,0
71.437281825,-0.48,0,0,0,0
71.44562243,-0.48,0,0,0,1
71.45396303499999,-0.48,0,0,1,1
71.46230363999999,-0.48,0,1,1,0
71.47064424499999,-0.48,1,0,0,0
71.47898484999999,0.48,1,0,0,0
71.48732545499999,0.48,0,0,0,0
71.49566605999999,0.48,0,0,0,0
71.50400666499999,0.48,0,0,0,0
71.51234726999999,-0.48,0,0,1,1
71.520687875,-0.48,0,0,1,1
71.52902848,0.48,0,0,1,1
71.537369085,0.48,0,0,0,0
71.54570969,0.48,0,0,0,0
71.554050295,0.48,0,0,0,0
71.5623909,0.48,0,0,1,0
71.570731505,-0.48,0,0,1,1
71.57907211,-0.48,0,0,1,1
71.587412715,-0.48,0,0,0,0
71.59575332,-0.48,1,0,0,0
71.60409392499999,0.48,0,1,0,0
71.61243452999999,0.48,1,0,0,0
71.62077513499999,-0.48,0,0,0,0
71.62911573999999,-0.48,0,0,0,0
71.63745634499999,-0.48,0,0,0,0
71.64579694999999,-0.48,0,1,0,0
71.65413755499999,0.48,1,0,0,0
71.66247815999999,-0.48,1,0,0,0
71.67081876499999,-0.48,0,0,0,0
71.67915937,0.48,0,0,0,0
71.687499975,0.48,0,0,0,0
71.69584058,-0.48,0,0,0,0
71.704181185,0.48,0,0,0,0
71.71252179,0.48,0,0,1,1
71.720862395,-0.48,0,0,1,1
71.729203,-0.48,0,0,1,0
71.737543605,0.48,0,0,1,1
71.74588421,-0.48,0,0,0,0
71.75422481499999,0.48,0,0,0,0
71.76256541999999,0.48,0,0,0,0
71.77090602499999,0.48,0,0,0,0
71.77924662999999,-0.48,0,0,0,0
71.78758723499999,-0.48,0,0,1,1
71.79592783999999,-0.48,0,0,1,1
71.80426844499999,-0.48,0,1,0,1
71.81260904999999,0.48,1,1,0,0
71.82094965499999,-0.48,1,0,0,0
71.82929026,-0.48,0,0,0,0
71.837630865,-0.48,0,0,0,0
71.84597147,-0.48,1,1,0,0
71.854312075,0.48,0,1,0,0
71.86265268,-0.48,0,0,0,0
71.870993285,-0.48,0,0,0,0
71.87933389,0.48,0,0,0,0
71.887674495,0.48,0,0,0,0
71.8960151,-0.48,1,0,0,0
71.90435570499999,-0.48,0,0,1,0
71.91269630999999,0.48,0,0,1,1
71.92103691499999,0.48,0,0,1,1
71.92937751999999,0.48,0,0,0,0
71.93771812499999,0.48,0,0,0,0
71.94605872999999,-0.48,0,0,1,0
71.95439933499999,-0.48,0,0,1,1
71.96273993999999,0.48,0,0,0,1
71.97108054499999,0.48,0,0,0,0
71.97942115,0.48,1,0,0,0
71.987761755,0.48,0,0,0,0
71.99610236,0.48,0,0,0,1
72.004442965,0.48,0,0,1,1
72.01278357,-0.48,0,0,1,1
72.021124175,-0.48,0,0,1,0
72.02946478,-0.48,0,0,0,0
72.037805385,0.48,1,1,0,0
72.04614599,0.48,1,0,0,0
72.054486595,0.48,1,0,0,0
72.06282719999999,0.48,0,0,0,0
72.07116780499999,-0.48,0,0,0,0
72.07950840999999,0.48,0,0,0,1
72.08784901499999,-0.48,0,0,1,1
72.09618961999999,0.48,0,0,1,0
72.10453022499999,-0.48,0,0,0,0
72.11287082999999,0.48,0,0,0,0
72.12121143499999,0.48,0,0,0,0
72.12955204,0.48,0,0,0,0
72.137892645,-0.48,0,0,0,0
72.14623325,-0.48,0,0,0,0
72.154573855,0.48,0,0,1,1
72.16291446,-0.48,1,1,0,1
72.171255065,0.48,0,1,0,0
72.17959567,0.48,0,0,0,0
72.187936275,0.48,0,0,0,0
72.19627688,-0.48,0,0,0,0
72.204617485,0.48,0,0,0,0
72.21295808999999,-0.48,0,0,1,1
72.22129869499999,0.48,0,0,0,1
72.22963929999999,0.48,0,0,0,0
72.23797990499999,-0.48,0,0,0,0
72.24632050999999,-0.48,0,0,0,0
72.25466111499999,0.48,0,0,0,0
72.26300171999999,0.48,0,0,0,0
72.27134232499999,0.48,0,1,0,0
72.27968292999999,-0.48,0,0,0,0
72.288023535,-0.48,0,0,0,0
72.29636414,0.48,0,0,1,1
72.304704745,-0.48,1,0,0,0
72.31304535,0.48,1,1,0,0
72.321385955,0.48,0,0,0,0
72.32972656,-0.48,0,0,0,0
72.338067165,-0.48,0,0,0,0
72.34640777,0.48,0,0,0,1
72.354748375,-0.48,0,0,0,0
72.36308897999999,0.48,1,1,0,0
72.37142958499999,-0.48,0,0,0,0
72.37977018999999,0.48,0,0,0,0
72.38811079499999,0.48,0,0,0,0
72.39645139999999,0.48,0,0,0,0
72.40479200499999,0.48,0,0,0,0
72.41313260999999,-0.48,0,0,1,1
72.42147321499999,-0.48,0,0,1,1
72.42981381999999,-0.48,0,0,1,1
72.438154425,0.48,1,1,0,0
72.44649503,-0.48,1,0,0,0
72.454835635,-0.48,0,0,0,0
72.46317624,0.48,0,0,0,0
72.471516845,0.48,1,1,0,0
72.47985745,-0.48,0,0,0,0
72.488198055,-0.48,0,0,0,0
72.49653866,-0.48,0,0,0,1
72.504879265,-0.48,0,0,0,0
72.51321986999999,-0.48,1,1,0,0
72.52156047499999,-0.48,0,0,0,0
72.52990107999999,-0.48,1,0,0,0
72.53824168499999,0.48,0,1,0,0
72.54658228999999,0.48,1,1,0,0
72.55492289499999,-0.48,0,0,0,0
72.56326349999999,-0.48,0,0,0,0
72.57160410499999,0.48,0,0,0,1
72.57994470999999,-0.48,0,0,1,1
72.588285315,-0.48,0,0,0,0
72.59662592,0.48,0,0,0,0
72.604966525,-0.48,0,0,0,0
72.61330713,-0.48,0,0,0,0
72.621647735,0.48,0,0,0,0
72.62998834,0.48,0,0,0,0
72.638328945,0.48,0,0,0,0
72.64666955,0.48,0,0,0,0
72.655010155,-0.48,0,0,1,1
72.66335075999999,-0.48,0,0,1,1
72.67169136499999,-0.48,0,0,1,1
72.68003196999999,-0.48,0,0,0,0
72.68837257499999,-0.48,1,1,0,0
72.69671317999999,-0.48,1,0,0,0
72.70505378499999,-0.48,0,0,0,0
72.71339438999999,-0.48,1,1,0,0
72.72173499499999,0.48,1,0,0,0
72.73007559999999,-0.48,1,0,0,0
72.738416205,-0.48,0,0,0,0
72.74675681,-0.48,0,0,0,0
72.755097415,0.48,0,0,1,0
72.76343802,0.48,0,1,0,0
72.771778625,-0.48,0,0,0,0
72.78011923,0.48,0,0,0,0
72.788459835,0.48,0,0,1,1
72.79680044,0.48,0,0,1,1
72.805141045,0.48,0,0,1,0
72.81348165,-0.48,0,0,1,0
72.82182225499999,-0.48,0,0,1,1
72.83016285999999,0.48,0,0,0,1
72.83850346499999,-0.48,0,0,0,0
72.84684406999999,0.48,0,1,0,0
72.85518467499999,-0.48,0,0,0,0
72.86352527999999,-0.48,0,0,0,0
72.87186588499999,-0.48,0,0,0,0
72.88020648999999,-0.48,1,1,0,0
72.88854709499999,0.48,1,1,0,0
72.8968877,-0.48,1,0,0,0
72.905228305,-0.48,0,0,0,0
72.91356891,0.48,0,0,0,0
72.921909515,-0.48,0,0,0,0
72.93025012,-0.48,0,1,0,0
72.938590725,-0.48,0,0,0,0
72.94693133,0.48,0,0,0,0
72.955271935,-0.48,1,1,1,0
72.96361254,-0.48,0,0,0,0
72.97195314499999,0.48,0,0,0,0
72.98029374999999,-0.48,0,0,0,0
72.98863435499999,-0.48,0,0,0,0
72.99697495999999,-0.48,0,0,1,0
73.00531556499999,0.48,0,0,0,0
73.01365616999999,-0.48,1,1,0,0
73.02199677499999,0.48,0,0,0,0
73.03033737999999,-0.48,0,0,0,0
73.03867798499999,0.48,0,0,0,0
73.04701859,0.48,0,0,1,1
73.055359195,0.48,0,0,1,0
73.0636998,0.48,0,0,1,0
73.072040405,0.48,0,0,1,1
73.08038101,-0.48,0,0,1,1
73.088721615,0.48,0,0,1,1
73.09706222,-0.48,0,0,1,0
73.105402825,-0.48,0,0,0,0
73.11374343,0.48,0,0,0,0
73.12208403499999,0.48,1,0,0,0
73.13042463999999,0.48,0,0,0,0
73.13876524499999,-0.48,0,0,0,0
73.14710584999999,-0.48,0,0,0,1
73.15544645499999,0.48,0,0,1,1
73.16378705999999,0.48,0,0,1,0
73.17212766499999,0.48,1,1,0,0
73.18046826999999,0.48,0,0,0,0
73.18880887499999,-0.48,0,0,0,0
73.19714948,-0.48,0,0,1,1
73.205490085,0.48,0,0,1,0
73.21383069,-0.48,0,0,1,0
73.222171295,0.48,0,1,0,0
73.2305119,0.48,0,0,0,0
73.238852505,0.48,0,0,0,0
73.24719311,-0.48,0,0,0,0
73.255533715,-0.48,0,0,0,1
73.26387432,-0.48,0,0,1,1
73.27221492499999,0.48,1,0,0,0
73.28055552999999,0.48,0,1,0,0
73.28889613499999,-0.48,0,0,0,0
73.29723673999999,-0.48,0,0,0,0
73.30557734499999,0.48,0,0,0,0
73.31391794999999,-0.48,1,0,0,0
73.32225855499999,0.48,0,1,0,0
73.33059915999999,-0.48,0,0,0,0
73.33893976499999,-0.48,0,0,0,0
73.34728037,-0.48,0,0,0,0
73.355620975,-0.48,1,1,0,0
73.36396158,-0.48,1,1,0,0
73.372302185,-0.48,1,0,1,0
73.38064279,-0.48,0,0,0,0
73.388983395,-0.48,0,1,0,0
73.397324,-0.48,1,0,1,0
73.405664605,-0.48,1,0,0,0
73.41400521,-0.48,0,0,0,0
73.422345815,0.48,1,0,0,0
73.43068641999999,0.48,0,1,0,0
73.43902702499999,0.48,0,0,0,0
73.44736762999999,0.48,0,0,0,0
73.45570823499999,0.48,0,0,1,1
73.46404883999999,0.48,0,0,1,1
73.47238944499999,-0.48,0,0,1,0
73.48073004999999,0.48,0,0,1,1
73.48907065499999,-0.48,0,0,0,0
73.49741125999999,0.48,0,0,0,0
73.505751865,0.48,0,0,0,0
73.51409247,-0.48,0,0,0,0
73.522433075,0.48,0,0,0,0
73.53077368,0.48,0,0,0,1
73.539114285,-0.48,0,0,0,0
73.54745489,0.48,0,0,0,0
73.555795495,-0.48,0,0,0,0
73.5641361,-0.48,0,0,0,0
73.572476705,0.48,0,0,0,0
73.58081730999999,-0.48,1,1,0,0
73.58915791499999,0.48,0,0,0,0
73.59749851999999,-0.48,0,0,0,0
73.60583912499999,0.48,1,0,0,0
73.61417972999999,0.48,0,1,0,0
73.62252033499999,-0.48,0,0,0,0
73.63086093999999,-0.48,0,0,0,0
73.63920154499999,0.48,0,0,1,1
73.64754214999999,-0.48,0,0,1,0
73.655882755,0.48,0,1,0,0
73.66422336,-0.48,0,0,0,0
73.672563965,-0.48,0,0,0,0
73.68090457,-0.48,0,0,0,0
73.689245175,-0.48,1,1,0,0
73.69758578,-0.48,1,1,1,0
73.705926385,0.48,1,0,0,0
73.71426699,0.48,0,0,0,0
73.722607595,0.48,0,0,0,0
73.73094819999999,-0.48,0,0,0,0
73.73928880499999,-0.48,0,0,1,1
73.74762940999999,0.48,0,0,1,1
73.75597001499999,0.48,0,0,1,0
73.76431061999999,-0.48,0,0,0,0
73.77265122499999,-0.48,0,0,0,0
73.78099182999999,0.48,0,0,0,0
73.78933243499999,0.48,0,0,1,1
73.79767303999999,0.48,0,0,0,0
73.806013645,0.48,0,0,0,0
73.81435425,-0.48,0,0,0,1
73.822694855,-0.48,0,0,1,1
73.83103546,0.48,0,0,1,1
73.839376065,-0.48,0,0,0,0
73.84771667,0.48,0,1,0,0
73.856057275,-0.48,0,0,0,0
73.86439788,0.48,0,0,0,0
73.872738485,0.48,0,0,0,0
73.88107908999999,-0.48,0,0,0,0
73.88941969499999,-0.48,0,0,0,0
73.89776029999999,-0.48,0,0,0,0
73.90610090499999,0.48,1,1,1,0
73.91444150999999,-0.48,1,1,0,0
73.92278211499999,0.48,0,0,0,0
73.93112271999999,-0.48,0,0,0,0
73.93946332499999,-0.48,0,0,0,0
73.94780392999999,0.48,0,0,0,0
73.95614453499999,-0.48,1,1,0,0
73.96448514,0.48,0,0,0,0
73.972825745,0.48,0,0,0,0
73.98116635,-0.48,0,0,0,0
73.989506955,0.48,0,0,1,1
73.99784756,0.48,0,0,1,1
74.006188165,0.48,0,0,0,0
74.01452877,-0.48,0,0,1,0
74.022869375,0.48,0,0,1,1
74.03120998,-0.48,0,0,1,1
74.03955058499999,0.48,0,0,0,0
74.04789118999999,-0.48,0,0,0,0
74.05623179499999,0.48,0,0,0,0
74.06457239999999,0.48,0,0,0,0
74.07291300499999,0.48,0,1,0,0
74.08125360999999,-0.48,0,0,0,0
74.08959421499999,-0.48,0,0,0,1
74.09793481999999,-0.48,0,0,1,1
74.10627542499999,0.48,1,1,0,0
74.11461603,-0.48,1,0,0,0
74.122956635,-0.48,0,0,0,0
74.13129724,0.48,0,0,0,0
74.139637845,0.48,1,1,0,0
74.14797845,-0.48,0,0,0,0
74.156319055,0.48,0,0,0,0
74.16465966,-0.48,0,0,1,0
74.173000265,0.48,0,0,0,0
74.18134087,0.48,0,0,1,0
74.18968147499999,-0.48,0,0,0,0
74.19802207999999,0.48,0,0,0,0
74.20636268499999,0.48,0,0,1,1
74.21470328999999,-0.48,0,0,1,1
74.22304389499999,-0.48,0,0,0,0
74.23138449999999,-0.48,0,0,0,0
74.23972510499999,-0.48,0,1,0,0
74.24806570999999,0.48,1,1,0,0
74.25640631499999,-0.48,1,1,0,0
74.26474692,-0.48,0,0,0,0
74.273087525,0.48,0,0,0,0
74.28142813,0.48,1,0,0,0
74.289768735,0.48,0,0,0,0
74.29810934,0.48,0,0,0,0
74.306449945,-0.48,0,0,1,1
74.31479055,-0.48,0,0,1,1
74.323131155,0.48,0,0,1,1
74.33147176,-0.48,0,0,0,0
74.33981236499999,-0.48,0,0,0,0
74.34815296999999,0.48,0,0,0,0
74.35649357499999,-0.48,1,1,0,0
74.36483417999999,0.48,1,0,0,0
74.37317478499999,-0.48,0,0,0,0
74.38151538999999,0.48,0,0,0,0
74.38985599499999,-0.48,0,0,0,0
74.39819659999999,-0.48,0,0,0,0
74.40653720499999,-0.48,0,0,0,0
74.41487781,0.48,0,1,0,0
74.423218415,0.48,1,1,0,0
74.43155902,0.48,0,0,0,0
74.439899625,-0.48,0,0,0,0
74.44824023,0.48,0,0,1,1
74.456580835,-0.48,0,0,1,1
74.46492144,0.48,0,0,0,0
74.473262045,0.48,0,0,0,0
74.48160265,-0.48,0,0,0,0
74.48994325499999,0.48,0,0,0,0
74.49828385999999,-0.48,0,0,0,0
74.50662446499999,-0.48,0,0,1,1
74.51496506999999,-0.48,0,0,0,0
74.52330567499999,-0.48,1,1,0,0
74.53164627999999,-0.48,1,0,0,0
74.53998688499999,-0.48,1,0,0,0
74.54832748999999,0.48,1,1,0,0
74.55666809499999,0.48,0,0,0,0
74.56500869999999,-0.48,0,0,0,0
74.573349305,-0.48,0,0,0,0
74.58168991,-0.48,0,0,0,1
74.590030515,0.48,0,0,1,1
74.59837112,-0.48,0,1,0,0
74.606711725,-0.48,0,0,0,0
74.61505233,-0.48,0,0,0,0
74.623392935,0.48,0,0,0,0
74.63173354,-0.48,1,1,1,0
74.640074145,-0.48,0,0,0,0
74.64841474999999,0.48,0,0,0,0
74.65675535499999,-0.48,0,0,0,0
74.66509595999999,-0.48,0,0,0,0
74.67343656499999,-0.48,0,0,0,0
74.68177716999999,-0.48,0,0,0,0
74.69011777499999,-0.48,1,0,0,0
74.69845837999999,0.48,1,0,1,0
74.70679898499999,-0.48,1,0,0,0
74.71513958999999,-0.48,0,0,0,0
74.723480195,0.48,0,0,0,0
74.7318208,0.48,0,0,0,0
74.740161405,0.48,0,0,0,0
74.74850201,0.48,0,0,1,0
74.756842615,0.48,0,0,1,1
74.76518322,0.48,0,0,1,1
74.773523825,-0.48,0,0,0,1
74.78186443,0.48,0,0,1,0
74.790205035,0.48,0,0,0,0
74.79854563999999,-0.48,0,0,0,0
74.80688624499999,-0.48,0,0,0,0
74.81522684999999,0.48,0,0,0,0
74.82356745499999,-0.48,0,1,0,0
74.83190805999999,-0.48,0,0,0,0
74.84024866499999,-0.48,1,0,0,0
74.84858926999999,-0.48,1,1,0,0
74.85692987499999,-0.48,1,0,0,0
74.86527047999999,0.48,1,1,0,0
74.873611085,0.48,0,0,0,0
74.88195169,0.48,0,0,0,0
74.890292295,0.48,0,0,0,0
74.8986329,0.48,0,0,1,1
74.906973505,0.48,0,0,1,1
74.91531411,-0.48,0,0,1,1
74.923654715,0.48,0,0,1,0
74.93199532,0.48,0,0,1,0
74.940335925,0.48,0,0,0,0
74.94867652999999,0.48,0,0,0,0
74.95701713499999,-0.48,0,0,1,0
74.96535773999999,-0.48,0,0,1,1
74.97369834499999,-0.48,0,0,1,0
74.98203894999999,0.48,1,0,0,0
74.99037955499999,0.48,1,0,0,0
74.99872015999999,0.48,0,0,0,0
75.00706076499999,0.48,1,0,0,0
75.01540136999999,-0.48,0,0,0,1
75.023741975,-0.48,0,0,0,1
75.03208258,0.48,0,0,1,0
75.040423185,0.48,0,0,0,0
75.04876379,-0.48,0,1,0,0
75.057104395,0.48,0,0,0,0
75.065445,-0.48,0,0,0,0
75.073785605,-0.48,0,0,0,0
75.08212621,-0.48,0,0,0,0
75.090466815,-0.48,1,1,0,0
75.09880741999999,0.48,1,0,0,0
75.10714802499999,-0.48,0,0,0,0
75.11548862999999,0.48,0,0,0,0
75.12382923499999,-0.48,0,0,0,0
75.13216983999999,-0.48,0,0,0,0
75.14051044499999,-0.48,0,0,0,0
75.14885104999999,-0.48,1,1,0,0
75.15719165499999,0.48,1,0,0,0
75.16553225999999,-0.48,0,0,0,0
75.17387286499999,0.48,0,0,0,0
75.18221347,0.48,0,0,0,0
75.190554075,0.48,0,0,0,0
75.19889468,-0.48,0,0,1,1
75.207235285,-0.48,0,0,1,1
75.21557589,0.48,0,0,0,1
75.223916495,0.48,0,0,0,0
75.2322571,0.48,0,0,0,0
75.240597705,-0.48,0,0,0,0
75.24893831,-0.48,0,0,0,0
75.25727891499999,0.48,0,0,1,1
75.26561951999999,0.48,0,1,1,0
75.27396012499999,0.48,0,0,0,0
75.28230072999999,-0.48,0,0,0,0
75.29064133499999,-0.48,0,0,1,0
75.29898193999999,-0.48,0,0,1,1
75.30732254499999,-0.48,0,0,0,0
75.31566314999999,-0.48,1,1,0,0
75.32400375499999,0.48,1,0,0,0
75.33234436,0.48,0,1,0,0
75.340684965,0.48,0,0,0,0
75.34902557,-0.48,0,0,0,0
75.357366175,-0.48,0,0,0,1
75.36570678,0.48,0,0,1,1
75.374047385,-0.48,0,0,1,0
75.38238799,-0.48,0,0,0,0
75.390728595,-0.48,0,0,0,0
75.3990692,0.48,0,0,0,0
75.40740980499999,0.48,1,1,0,0
75.41575040999999,0.48,0,0,0,0
75.42409101499999,0.48,0,0,0,0
75.43243161999999,-0.48,0,0,1,1
75.44077222499999,0.48,0,0,1,1
75.44911282999999,0.48,0,0,0,1
75.45745343499999,0.48,0,0,0,0
75.46579403999999,0.48,0,0,0,0
75.47413464499999,0.48,0,0,1,0
75.48247525,0.48,0,0,1,1
75.490815855,0.48,0,0,1,1
75.49915646,0.48,0,0,0,0
75.507497065,-0.48,0,0,1,1
75.51583767,0.48,0,0,0,0
75.524178275,-0.48,0,0,0,0
75.53251888,-0.48,0,0,0,0
75.540859485,0.48,1,1,0,0
75.54920009,0.48,1,1,0,0
75.55754069499999,-0.48,0,0,0,0
75.56588129999999,-0.48,0,0,0,0
75.57422190499999,-0.48,0,0,0,0
75.58256250999999,-0.48,1,1,0,0
75.59090311499999,-0.48,0,0,0,0
75.59924371999999,0.48,1,0,0,0
75.60758432499999,0.48,0,0,0,0
75.61592492999999,-0.48,0,0,0,0
75.62426553499999,0.48,0,0,0,0
75.63260614,0.48,0,0,1,1
75.640946745,0.48,0,0,1,0
75.64928735,0.48,0,0,1,0
75.657627955,0.48,0,0,1,1
75.66596856,-0.48,0,0,1,1
75.674309165,0.48,0,0,1,1
75.68264977,-0.48,0,0,1,0
75.690990375,0.48,0,0,0,0
75.69933098,0.48,0,0,0,0
75.70767158499999,-0.48,0,0,0,0
75.71601218999999,0.48,0,0,0,0
75.72435279499999,-0.48,0,0,0,0
75.73269339999999,0.48,0,0,0,0
75.74103400499999,0.48,0,0,0,0
75.74937460999999,-0.48,0,0,0,0
75.75771521499999,0.48,0,0,0,0
75.76605581999999,-0.48,0,0,0,1
75.77439642499999,0.48,0,0,0,1
75.78273702999999,0.48,0,0,0,0
75.791077635,-0.48,0,0,0,0
75.79941824,0.48,0,0,0,0
75.807758845,0.48,0,0,0,0
75.81609945,0.48,0,0,0,0
75.824440055,-0.48,0,0,0,0
75.83278066,0.48,0,0,1,0
75.841121265,0.48,0,0,0,1
75.84946187,0.48,0,0,0,0
75.857802475,0.48,0,0,0,0
75.86614307999999,0.48,0,0,0,0
75.87448368499999,-0.48,0,0,1,1
75.88282428999999,-0.48,0,0,1,1
75.89116489499999,-0.48,0,0,1,0
75.89950549999999,-0.48,1,1,0,0
75.90784610499999,-0.48,1,0,0,0
75.91618670999999,0.48,1,1,0,0
75.92452731499999,0.48,0,0,0,0
75.93286791999999,0.48,0,0,0,0
75.941208525,-0.48,0,0,0,0
75.94954913,-0.48,0,0,0,1
75.957889735,-0.48,0,0,1,1
75.96623034,-0.48,0,1,0,0
75.974570945,-0.48,1,0,0,0
75.98291155,0.48,1,0,0,0
75.991252155,-0.48,1,1,0,0
75.99959276,-0.48,0,0,0,0
76.007933365,0.48,0,0,0,0
76.01627396999999,0.48,0,0,0,0
76.02461457499999,0.48,0,1,0,0
76.03295517999999,-0.48,0,0,0,0
76.04129578499999,-0.48,0,0,1,1
76.04963638999999,0.48,0,0,1,1
76.05797699499999,0.48,0,0,0,1
76.06631759999999,-0.48,0,0,0,0
76.07465820499999,0.48,0,0,0,0
76.08299880999999,0.48,0,0,0,0
76.091339415,-0.48,0,0,1,1
76.09968002,-0.48,0,0,0,0
76.108020625,-0.48,0,0,0,1
76.11636123,-0.48,0,1,0,0
76.124701835,-0.48,1,0,0,0
76.13304244,0.48,1,0,0,0
76.141383045,0.48,1,1,0,0
76.14972365,-0.48,0,0,0,0
76.158064255,0.48,0,0,0,0
76.16640485999999,0.48,0,0,0,1
76.17474546499999,-0.48,0,0,1,0
76.18308606999999,0.48,0,0,1,0
76.19142667499999,-0.48,0,0,1,1
76.19976727999999,0.48,0,0,0,1
76.20810788499999,0.48,0,0,0,0
76.21644848999999,0.48,0,0,0,0
76.22478909499999,-0.48,0,0,0,0
76.23312969999999,-0.48,0,0,1,0
76.24147030499999,0.48,0,0,1,1
76.24981091,0.48,1,0,0,0
76.258151515,0.48,0,1,0,0
76.26649212,-0.48,0,0,0,0
76.274832725,0.48,0,0,0,1
76.28317333,0.48,0,0,1,1
76.291513935,-0.48,0,0,0,0
76.29985454,-0.48,0,0,0,0
76.308195145,-0.48,0,0,0,0
76.31653574999999,0.48,1,1,0,0
76.32487635499999,0.48,1,1,0,0
76.33321695999999,0.48,0,0,0,0
76.34155756499999,0.48,0,0,0,0
76.34989816999999,-0.48,0,0,0,1
76.35823877499999,-0.48,0,0,1,1
76.36657937999999,0.48,0,0,1,1
76.37491998499999,0.48,0,1,0,0
76.38326058999999,0.48,0,0,0,0
76.39160119499999,0.48,0,0,0,0
76.3999418,0.48,0,0,1,1
76.408282405,-0.48,0,0,1,1
76.41662301,0.48,0,0,1,0
76.424963615,-0.48,0,0,0,0
76.43330422,0.48,0,0,0,0
76.441644825,-0.48,0,0,0,0
76.44998543,0.48,0,0,0,0
76.458326035,-0.48,0,0,0,0
76.46666664,0.48,1,0,0,0
76.47500724499999,-0.48,0,1,0,0
76.48334784999999,0.48,1,1,0,0
76.49168845499999,0.48,0,0,0,0
76.50002905999999,-0.48,0,0,0,0
76.50836966499999,0.48,0,0,0,0
76.51671026999999,0.48,0,0,0,0
76.52505087499999,0.48,0,0,1,0
76.53339147999999,0.48,0,0,1,0
76.54173208499999,0.48,0,0,0,1
76.55007269,-0.48,0,0,1,1
76.558413295,-0.48,0,0,1,1
76.5667539,0.48,0,0,0,0
76.575094505,-0.48,0,1,0,0
76.58343511,0.48,1,0,0,0
76.591775715,-0.48,0,0,0,0
76.60011632,0.48,0,0,0,0
76.608456925,-0.48,0,0,0,0
76.61679753,0.48,0,1,0,0
76.62513813499999,-0.48,0,0,0,0
76.63347873999999,-0.48,0,0,0,0
76.64181934499999,0.48,0,0,0,0
76.65015994999999,-0.48,1,1,0,0
76.65850055499999,-0.48,1,0,0,0
76.66684115999999,0.48,0,0,0,0
76.67518176499999,-0.48,1,0,0,0
76.68352236999999,-0.48,0,0,0,0
76.69186297499999,-0.48,0,0,0,0
76.70020358,-0.48,1,0,0,0
76.708544185,-0.48,1,1,0,0
76.71688479,0.48,0,0,1,0
76.725225395,-0.48,1,0,0,0
76.733566,-0.48,0,0,0,0
76.741906605,0.48,0,0,0,0
76.75024721,0.48,0,0,0,0
76.758587815,0.48,0,0,1,0
76.76692842,-0.48,0,0,0,0
76.77526902499999,-0.48,0,0,1,1
76.78360962999999,-0.48,0,0,1,1
76.79195023499999,-0.48,0,0,0,0
76.80029083999999,-0.48,0,1,0,0
76.80863144499999,-0.48,1,0,0,0
76.81697204999999,0.48,1,0,0,0
76.82531265499999,0.48,1,1,0,0
76.83365325999999,-0.48,0,0,0,0
76.84199386499999,-0.48,0,0,0,0
76.85033446999999,0.48,0,0,0,1
76.858675075,-0.48,0,0,1,1
76.86701568,0.48,0,0,1,0
76.875356285,0.48,0,0,0,0
76.88369689,0.48,0,0,0,0
76.892037495,-0.48,0,0,1,0
76.9003781,0.48,0,0,1,1
76.908718705,-0.48,0,0,1,1
76.91705931,0.48,0,0,0,0
76.92539991499999,0.48,0,0,0,0
76.93374051999999,-0.48,0,0,0,0
76.94208112499999,-0.48,0,0,0,0
76.95042172999999,0.48,0,0,1,0
76.95876233499999,0.48,1,1,0,1
76.96710293999999,0.48,1,0,0,0
76.97544354499999,-0.48,0,0,0,0
76.98378414999999,0.48,0,0,0,1
76.99212475499999,-0.48,0,0,1,1
77.00046535999999,0.48,0,0,0,0
77.008805965,-0.48,0,0,0,0
77.01714657,-0.48,0,0,0,0
77.025487175,0.48,0,0,0,0
77.03382778,0.48,0,1,0,0
77.042168385,0.48,0,0,0,0
77.05050899,-0.48,0,0,0,0
77.058849595,-0.48,0,0,1,1
77.0671902,-0.48,0,0,1,1
77.075530805,-0.48,1,1,0,0
77.08387140999999,0.48,0,0,0,0
77.09221201499999,-0.48,1,0,0,0
77.10055261999999,-0.48,0,0,0,0
77.10889322499999,-0.48,0,0,0,0
77.11723382999999,0.48,1,1,0,0
77.12557443499999,0.48,0,1,0,0
77.13391503999999,-0.48,0,0,0,0
77.14225564499999,0.48,0,0,0,0
77.15059624999999,-0.48,0,0,1,1
77.158936855,-0.48,0,0,1,1
77.16727746,0.48,0,0,1,0
77.175618065,-0.48,0,0,0,0
77.18395867,0.48,0,1,0,0
77.192299275,-0.48,0,0,0,0
77.20063988,0.48,0,0,0,0
77.208980485,-0.48,0,0,0,0
77.21732109,0.48,0,0,0,0
77.225661695,-0.48,0,0,0,0
77.23400229999999,0.48,0,0,0,0
77.24234290499999,0.48,0,0,0,0
77.25068350999999,-0.48,0,0,0,0
77.25902411499999,-0.48,0,0,0,0
77.26736471999999,-0.48,0,0,1,1
77.27570532499999,0.48,0,0,0,1
77.28404592999999,-0.48,1,1,0,0
77.29238653499999,0.48,0,0,0,0
77.30072713999999,0.48,0,0,0,0
77.309067745,0.48,0,0,0,0
77.31740835,-0.48,0,0,0,1
77.325748955,-0.48,0,0,1,1
77.33408956,-0.48,0,0,1,1
77.342430165,-0.48,0,0,1,0
77.35077077,-0.48,1,1,0,0
77.359111375,-0.48,0,0,0,0
77.36745198,0.48,1,1,1,0
77.375792585,0.48,1,1,0,0
77.38413318999999,0.48,0,0,0,0
77.39247379499999,-0.48,0,0,0,0
77.40081439999999,-0.48,0,0,0,1
77.40915500499999,0.48,0,0,1,1
77.41749560999999,0.48,0,0,1,0
77.42583621499999,-0.48,0,0,0,0
77.43417681999999,0.48,0,0,0,0
77.44251742499999,-0.48,0,0,0,0
77.45085802999999,-0.48,0,0,1,0
77.45919863499999,-0.48,0,0,0,0
77.46753924,-0.48,1,1,0,0
77.475879845,-0.48,0,1,0,0
77.48422045,-0.48,1,1,0,0
77.492561055,-0.48,1,0,0,0
77.50090166,0.48,1,1,0,0
77.509242265,0.48,0,0,0,0
77.51758287,-0.48,0,0,0,0
77.525923475,0.48,0,0,0,0
77.53426407999999,-0.48,0,0,1,1
77.54260468499999,-0.48,0,0,1,1
77.55094528999999,0.48,0,0,1,0
77.55928589499999,0.48,0,0,0,0
77.56762649999999,-0.48,0,0,0,0
77.57596710499999,0.48,0,0,0,0
77.58430770999999,-0.48,0,0,1,1
77.59264831499999,-0.48,0,0,1,1
77.60098891999999,0.48,0,0,1,0
77.60932952499999,0.48,0,0,0,0
77.61767013,0.48,0,0,0,0
77.626010735,0.48,0,0,0,0
77.63435134,0.48,0,0,0,0
77.642691945,0.48,0,0,1,1
77.65103255,0.48,0,0,1,1
77.659373155,-0.48,0,0,1,0
77.66771376,0.48,0,0,1,0
77.676054365,-0.48,0,0,0,0
77.68439497,0.48,0,0,0,0
77.69273557499999,0.48,1,0,0,0
77.70107617999999,-0.48,0,0,0,0
77.70941678499999,-0.48,0,0,0,0
77.71775738999999,-0.48,0,0,0,0
77.72609799499999,0.48,1,1,0,1
77.73443859999999,-0.48,0,0,0,0
77.74277920499999,0.48,1,0,0,0
77.75111980999999,0.48,0,0,0,0
77.75946041499999,0.48,0,0,0,0
77.76780102,0.48,0,0,0,0
77.776141625,-0.48,0,0,1,1
77.78448223,-0.48,0,0,1,0
77.792822835,-0.48,0,0,1,0
77.80116344,0.48,0,0,0,0
77.809504045,-0.48,1,1,0,0
77.81784465,0.48,0,0,0,0
77.826185255,-0.48,0,0,0,0
77.83452586,0.48,0,0,0,0
77.84286646499999,0.48,0,0,0,0
77.85120706999999,0.48,0,0,0,0
77.85954767499999,-0.48,0,0,0,0
77.86788827999999,0.48,0,0,1,1
77.87622888499999,-0.48,0,0,1,1
77.88456948999999,-0.48,0,0,0,0
77.89291009499999,-0.48,0,0,0,0
77.90125069999999,-0.48,0,1,0,0
77.90959130499999,-0.48,1,0,0,0
77.91793191,0.48,1,0,0,0
77.926272515,-0.48,0,0,0,0
77.93461312,-0.48,0,0,0,0
77.942953725,0.48,0,0,0,0
77.95129433,0.48,0,0,0,0
77.959634935,-0.48,1,0,0,0
77.96797554,0.48,0,0,0,0
77.976316145,0.48,0,0,1,1
77.98465675,0.48,0,0,1,1
77.99299735499999,-0.48,0,0,1,0
78.00133795999999,-0.48,0,0,1,1
78.00967856499999,-0.48,0,0,1,1
78.01801916999999,0.48,0,1,0,0
78.02635977499999,0.48,1,0,0,0
78.03470037999999,-0.48,0,0,0,0
78.04304098499999,-0.48,0,0,0,0
78.05138158999999,0.48,0,0,0,0
78.05972219499999,0.48,0,0,0,0
78.06806279999999,-0.48,1,0,0,0
78.076403405,-0.48,0,0,0,0
78.08474401,0.48,0,0,0,0
78.093084615,0.48,0,0,1,0
78.10142522,0.48,0,1,0,0
78.109765825,-0.48,0,0,0,0
78.11810643,0.48,0,0,1,0
78.126447035,0.48,0,0,1,1
78.13478764,-0.48,0,0,0,0
78.14312824499999,-0.48,0,0,0,0
78.15146884999999,0.48,0,0,0,0
78.15980945499999,-0.48,0,0,0,0
78.16815005999999,0.48,0,1,0,0
78.17649066499999,0.48,0,0,0,0
78.18483126999999,0.48,0,0,0,0
78.19317187499999,-0.48,0,0,0,0
78.20151247999999,0.48,0,0,1,1
78.20985308499999,0.48,0,0,1,1
78.21819368999999,-0.48,0,0,0,1
78.226534295,0.48,0,0,0,0
78.2348749,0.48,0,0,0,0
78.243215505,-0.48,0,0,0,0
78.25155611,0.48,0,0,0,0
78.259896715,0.48,0,0,0,0
78.26823732,-0.48,0,0,0,0
78.276577925,0.48,0,0,0,0
78.28491853,0.48,0,0,0,0
78.293259135,-0.48,0,0,0,0
78.30159973999999,-0.48,0,0,0,0
78.30994034499999,0.48,0,0,0,0
78.31828094999999,0.48,1,1,0,0
78.32662155499999,0.48,1,0,0,0
78.33496215999999,-0.48,0,0,0,0
78.34330276499999,0.48,0,0,0,1
78.35164336999999,-0.48,0,0,1,1
78.35998397499999,0.48,0,0,0,0
78.36832457999999,-0.48,0,0,0,0
78.376665185,0.48,0,0,0,0
78.38500579,0.48,1,0,0,0
78.393346395,0.48,0,0,0,0
78.401687,-0.48,0,0,0,0
78.410027605,0.48,0,0,0,1
78.41836821,0.48,0,0,1,1
78.426708815,0.48,0,0,0,0
78.43504942,0.48,0,0,0,0
78.443390025,0.48,0,0,0,0
78.45173062999999,0.48,0,0,1,1
78.46007123499999,-0.48,0,0,1,1
78.46841183999999,0.48,0,0,1,0
78.47675244499999,-0.48,0,0,0,0
78.48509304999999,0.48,0,1,0,0
78.49343365499999,0.48,1,0,0,0
78.50177425999999,0.48,0,0,0,0
78.51011486499999,0.48,0,0,0,0
78.51845546999999,-0.48,0,0,0,0
78.526796075,0.48,0,0,1,1
78.53513668,0.48,0,0,1,0
78.543477285,-0.48,0,0,0,0
78.55181789,0.48,0,0,0,0
78.560158495,0.48,0,0,0,0
78.5684991,-0.48,0,0,0,0
78.576839705,0.48,0,0,0,0
78.58518031,0.48,0,0,0,0
78.593520915,-0.48,0,0,0,0
78.60186151999999,-0.48,0,0,0,0
78.61020212499999,-0.48,0,0,0,0
78.61854272999999,-0.48,1,1,0,0
78.62688333499999,-0.48,0,0,0,0
78.63522393999999,0.48,1,0,0,0
78.64356454499999,0.48,0,0,0,0
78.65190514999999,0.48,0,0,0,0
78.66024575499999,0.48,0,0,0,0
78.66858635999999,-0.48,0,0,0,1
78.67692696499999,0.48,0,0,1,1
78.68526757,0.48,0,0,1,1
78.693608175,0.48,0,0,0,0
78.70194878,0.48,0,0,0,0
78.710289385,-0.48,0,0,1,0
78.71862999,0.48,0,0,1,1
78.726970595,0.48,0,0,0,1
78.7353112,0.48,0,0,0,0
78.743651805,0.48,0,0,0,0
78.75199240999999,-0.48,0,0,0,0
78.76033301499999,-0.48,0,0,1,1
78.76867361999999,-0.48,0,0,1,1
78.77701422499999,0.48,1,1,0,0
78.78535482999999,0.48,0,0,0,0
78.79369543499999,0.48,1,0,0,0
78.80203603999999,0.48,0,0,0,0
78.81037664499999,0.48,0,0,0,1
78.81871724999999,0.48,0,0,1,1
78.82705785499999,0.48,0,0,1,1
78.83539846,0.48,0,0,1,0
78.843739065,0.48,0,0,0,0
78.85207967,0.48,0,0,1,0
78.860420275,0.48,0,0,0,1
78.86876088,0.48,0,0,1,0
78.877101485,0.48,0,0,0,0
78.88544209,-0.48,0,0,0,1
78.893782695,-0.48,0,0,1,0
78.9021233,0.48,0,0,0,0
78.91046390499999,-0.48,1,1,0,0
78.91880450999999,0.48,1,0,0,0
78.92714511499999,0.48,0,0,0,0
78.93548571999999,-0.48,0,0,0,0
78.94382632499999,-0.48,0,0,0,0
78.95216692999999,0.48,0,0,0,0
78.96050753499999,-0.48,1,1,0,0
78.96884813999999,0.48,0,0,0,0
78.97718874499999,0.48,0,0,0,0
78.98552935,0.48,0,0,0,0
78.993869955,0.48,0,0,0,0
79.00221056,-0.48,0,0,1,1
79.010551165,0.48,0,0,1,1
79.01889177,-0.48,0,0,1,0
79.027232375,-0.48,0,0,0,0
79.03557298,0.48,0,0,0,0
79.043913585,-0.48,0,1,0,0
79.05225419,-0.48,0,0,0,0
79.06059479499999,0.48,0,0,0,0
79.06893539999999,-0.48,1,1,0,0
79.07727600499999,0.48,0,0,0,0
79.08561660999999,0.48,0,0,0,0
79.09395721499999,-0.48,0,0,0,0
79.10229781999999,0.48,0,0,0,0
79.11063842499999,-0.48,0,0,1,1
79.11897902999999,0.48,0,0,1,0
79.12731963499999,-0.48,0,0,1,0
79.13566023999999,0.48,0,0,0,0
79.144000845,-0.48,0,0,0,0
79.15234145,0.48,0,0,0,0
79.160682055,0.48,0,0,0,0
79.16902266,-0.48,0,0,0,0
79.177363265,-0.48,0,0,0,0
79.18570387,0.48,0,0,0,0
79.194044475,-0.48,0,1,0,0
79.20238508,-0.48,1,0,0,0
79.21072568499999,-0.48,0,0,0,0
79.21906628999999,0.48,1,0,0,0
79.22740689499999,0.48,0,1,0,0
79.23574749999999,-0.48,0,0,0,0
79.24408810499999,-0.48,0,0,0,0
79.25242870999999,0.48,0,0,0,0
79.26076931499999,-0.48,0,0,1,1
79.26910991999999,-0.48,0,1,0,0
79.27745052499999,0.48,0,0,0,0
79.28579112999999,-0.48,0,0,0,0
79.294131735,-0.48,0,1,0,0
79.30247234,0.48,0,0,0,0
79.310812945,0.48,0,0,0,0
79.31915355,-0.48,0,0,0,0
79.327494155,0.48,0,0,0,0
79.33583476,-0.48,0,0,1,1
79.344175365,0.48,0,0,1,1
79.35251597,0.48,0,0,1,0
79.36085657499999,0.48,0,0,0,0
79.36919717999999,0.48,0,0,0,0
79.37753778499999,0.48,0,0,1,1
79.38587838999999,-0.48,0,0,1,1
79.39421899499999,-0.48,0,0,1,1
79.40255959999999,-0.48,0,0,0,0
79.41090020499999,0.48,1,1,0,0
79.41924080999999,-0.48,0,0,0,0
79.42758141499999,-0.48,1,0,0,0
79.43592201999999,0.48,0,0,0,0
79.444262625,-0.48,1,1,0,0
79.45260323,0.48,0,1,0,0
79.460943835,-0.48,0,0,0,0
79.46928444,0.48,0,0,0,0
79.477625045,-0.48,0,0,0,0
79.48596565,-0.48,0,0,0,0
79.494306255,0.48,0,0,0,0
79.50264686,-0.48,0,1,0,0
79.510987465,0.48,1,1,0,0
79.51932806999999,0.48,0,0,0,0
79.52766867499999,-0.48,0,0,0,0
79.53600927999999,0.48,0,0,1,0
79.54434988499999,0.48,0,0,1,1
79.55269048999999,0.48,0,0,1,0
79.56103109499999,0.48,0,0,0,0
79.56937169999999,0.48,0,0,1,0
79.57771230499999,-0.48,0,0,1,1
79.58605290999999,0.48,0,0,1,0
79.594393515,0.48,0,0,0,0
79.60273412,0.48,0,0,0,0
79.611074725,-0.48,0,0,0,0
79.61941533,0.48,0,0,0,0
79.627755935,0.48,0,0,1,1
79.63609654,-0.48,0,0,0,1
79.644437145,0.48,0,0,0,0
79.65277775,-0.48,0,0,0,0
79.661118355,0.48,0,0,0,0
79.66945895999999,0.48,1,1,0,0
79.67779956499999,-0.48,1,0,0,0
79.68614016999999,0.48,0,0,0,0
79.69448077499999,-0.48,0,0,0,0
79.70282137999999,0.48,0,0,0,0
79.71116198499999,-0.48,0,0,0,0
79.71950258999999,0.48,0,0,0,0
79.72784319499999,-0.48,0,0,0,0
79.73618379999999,0.48,1,1,0,0
79.74452440499999,0.48,0,0,0,0
79.75286501,0.48,0,0,0,0
79.761205615,-0.48,0,0,0,0
79.76954622,0.48,0,0,1,1
79.777886825,0.48,0,0,1,1
79.78622743,-0.48,0,0,0,0
79.794568035,0.48,0,0,0,0
79.80290864,-0.48,0,0,0,0
79.811249245,0.48,0,0,0,0
79.81958984999999,0.48,0,0,0,0
79.82793045499999,0.48,0,0,0,0
79.83627105999999,-0.48,0,0,0,0
79.84461166499999,0.48,0,0,1,0
79.85295226999999,0.48,0,0,1,1
79.86129287499999,0.48,0,0,0,0
79.86963347999999,0.48,0,0,0,0
79.87797408499999,0.48,0,0,0,0
79.88631468999999,-0.48,0,0,1,1
79.89465529499999,0.48,0,0,1,1
79.9029959,0.48,0,0,0,0
79.911336505,-0.48,0,0,0,0
79.91967711,0.48,0,0,0,0
79.928017715,0.48,0,0,0,0
79.93635832,0.48,0,0,0,0
79.944698925,-0.48,0,0,0,0
79.95303953,-0.48,0,0,0,0
79.961380135,-0.48,0,0,0,1
79.96972073999999,0.48,1,1,0,0
79.97806134499999,0.48,1,0,0,0
79.98640194999999,0.48,0,0,0,0
79.99474255499999,0.48,0,0,0,0
80.00308315999999,0.48,0,0,0,1
80.01142376499999,0.48,0,0,1,1
80.01976436999999,0.48,0,0,0,0
80.02810497499999,0.48,0,0,1,0
80.03644557999999,0.48,0,0,1,0
80.04478618499999,-0.48,0,0,1,1
80.05312679,-0.48,0,0,0,0
80.061467395,0.48,0,0,1,0
80.069808,-0.48,0,1,0,0
80.078148605,0.48,0,0,0,0
80.08648921,-0.48,0,0,0,0
80.094829815,0.48,1,1,0,0
80.10317042,0.48,1,0,0,0
80.111511025,0.48,0,0,0,0
80.11985162999999,0.48,0,0,0,0
80.12819223499999,-0.48,0,0,0,1
80.13653283999999,-0.48,0,0,1,1
80.14487344499999,-0.48,0,0,1,1
80.15321404999999,-0.48,1,1,0,0
80.16155465499999,0.48,0,1,0,0
80.16989525999999,-0.48,1,0,0,0
80.17823586499999,-0.48,0,1,0,0
80.18657646999999,0.48,0,0,0,0
80.19491707499999,-0.48,1,1,0,0
80.20325768,-0.48,0,0,0,0
80.211598285,0.48,0,0,0,0
80.21993889,0.48,0,0,0,0
80.228279495,0.48,0,1,0,0
80.2366201,0.48,0,0,0,0
80.244960705,0.48,0,0,1,1
80.25330131,-0.48,0,0,1,1
80.261641915,0.48,0,0,0,1
80.26998252,0.48,0,0,1,0
80.27832312499999,-0.48,0,0,0,0
80.28666372999999,0.48,0,0,0,0
80.29500433499999,0.48,0,0,1,0
80.30334493999999,-0.48,0,0,0,0
80.31168554499999,0.48,0,0,0,0
80.32002614999999,-0.48,0,0,0,0
80.32836675499999,-0.48,0,0,0,0
80.33670735999999,0.48,0,1,0,0
80.34504796499999,-0.48,1,1,0,0
80.35338856999999,-0.48,0,0,0,0
80.361729175,0.48,1,0,0,0
80.37006978,-0.48,1,1,0,0
80.378410385,0.48,0,0,0,0
80.38675099,-0.48,0,0,0,0
80.395091595,-0.48,0,0,0,0
80.4034322,-0.48,0,0,0,0
80.411772805,-0.48,1,1,0,0
80.42011341,0.48,1,1,0,0
80.42845401499999,-0.48,0,0,0,0
80.43679461999999,-0.48,0,0,0,0
80.44513522499999,-0.48,0,0,0,0
80.45347582999999,-0.48,0,0,1,0
80.46181643499999,-0.48,1,1,1,0
80.47015703999999,-0.48,0,0,0,0
80.47849764499999,0.48,0,0,0,0
80.48683824999999,-0.48,1,0,0,0
80.49517885499999,0.48,0,0,0,0
80.50351945999999,-0.48,0,0,0,0
80.511860065,0.48,0,0,0,0
80.52020067,-0.48,0,0,1,1
80.528541275,0.48,0,0,1,1
80.53688188,0.48,0,0,0,0
80.545222485,0.48,0,0,1,0
80.55356309,0.48,0,0,1,1
80.561903695,-0.48,0,0,1,1
80.5702443,-0.48,0,0,1,1
80.57858490499999,0.48,0,0,1,1
80.58692550999999,0.48,0,0,0,0
80.59526611499999,0.48,0,1,0,0
80.60360671999999,-0.48,0,0,0,0
80.61194732499999,-0.48,0,0,0,1
80.62028792999999,0.48,0,0,1,1
80.62862853499999,-0.48,0,0,0,1
80.63696913999999,-0.48,1,1,0,0
80.64530974499999,0.48,0,0,0,0
80.65365034999999,0.48,1,1,0,0
80.661990955,0.48,0,0,0,0
80.67033156,0.48,0,0,0,0
80.678672165,0.48,0,0,0,0
80.68701277,-0.48,0,0,1,1
80.695353375,0.48,0,0,1,1
80.70369398,0.48,0,0,1,1
80.712034585,0.48,0,0,0,0
80.72037519,0.48,0,0,0,0
80.72871579499999,-0.48,0,0,0,0
80.73705639999999,-0.48,0,0,1,1
80.74539700499999,-0.48,0,0,0,1
80.75373760999999,0.48,1,1,0,0
80.76207821499999,0.48,0,1,0,0
80.77041881999999,0.48,1,0,0,0
80.77875942499999,0.48,0,0,0,0
80.78710002999999,-0.48,0,0,0,0
80.79544063499999,0.48,0,0,1,1
80.80378123999999,-0.48,0,0,1,1
80.812121845,0.48,0,0,0,0
80.82046245,0.48,0,0,0,0
80.828803055,-0.48,0,0,0,0
80.83714366,0.48,0,0,0,0
80.845484265,0.48,0,0,0,0
80.85382487,-0.48,0,0,0,0
80.862165475,0.48,0,0,0,0
80.87050608,0.48,0,0,0,0
80.878846685,-0.48,0,0,0,0
80.88718728999999,0.48,0,0,0,0
80.89552789499999,0.48,0,0,0,0
80.90386849999999,-0.48,0,0,0,0
80.91220910499999,0.48,0,0,0,0
80.92054970999999,0.48,0,0,0,1
80.92889031499999,-0.48,0,0,0,0
80.93723091999999,-0.48,0,0,0,0
80.94557152499999,-0.48,0,0,1,0
80.95391212999999,0.48,1,1,0,0
80.96225273499999,0.48,0,0,0,0
80.97059334,0.48,0,0,0,0
80.978933945,0.48,0,0,0,0
80.98727455,-0.48,0,0,0,1
80.995615155,0.48,0,0,1,1
81.00395576,0.48,0,0,1,1
81.012296365,0.48,0,0,0,0
81.02063697,0.48,0,0,0,0
81.028977575,-0.48,0,0,0,0
81.03731817999999,-0.48,0,0,1,1
81.04565878499999,0.48,0,0,0,0
81.05399938999999,-0.48,1,1,0,0
81.06233999499999,0.48,0,0,0,0
81.07068059999999,0.48,0,0,0,0
81.07902120499999,-0.48,0,0,0,0
81.08736180999999,0.48,0,0,0,0
81.09570241499999,0.48,0,0,0,1
81.10404301999999,-0.48,0,0,0,0
81.11238362499999,0.48,0,0,0,0
81.12072423,0.48,0,0,0,0
81.129064835,0.48,0,0,1,0
81.13740544,-0.48,0,0,0,0
81.145746045,0.48,0,0,0,0
81.15408665,0.48,0,0,1,1
81.162427255,0.48,0,0,1,1
81.17076786,0.48,0,0,0,0
81.179108465,-0.48,0,0,0,0
81.18744906999999,0.48,0,0,1,1
81.19578967499999,0.48,0,0,1,1
81.20413027999999,-0.48,0,0,0,0
81.21247088499999,-0.48,0,0,0,0
81.22081148999999,-0.48,0,0,0,0
81.22915209499999,0.48,1,1,0,0
81.23749269999999,-0.48,1,0,0,0
81.24583330499999,0.48,0,0,0,0
81.25417390999999,-0.48,0,0,0,0
81.26251451499999,0.48,0,0,0,0
81.27085512,0.48,0,0,0,0
81.279195725,-0.48,0,0,0,0
81.28753633,0.48,0,0,0,0
81.295876935,-0.48,0,0,0,0
81.30421754,-0.48,0,0,1,0
81.312558145,-0.48,0,0,0,0
81.32089875,0.48,1,1,0,0
81.329239355,-0.48,0,0,0,0
81.33757995999999,-0.48,0,0,0,0
81.34592056499999,-0.48,0,0,0,0
81.35426116999999,-0.48,1,0,0,0
81.36260177499999,-0.48,0,1,0,0
81.37094237999999,0.48,1,0,1,0
81.37928298499999,0.48,0,1,0,0
81.38762358999999,-0.48,0,0,0,0
81.39596419499999,0.48,0,0,0,0
81.40430479999999,0.48,0,0,1,1
81.41264540499999,0.48,0,0,1,1
81.42098601,-0.48,0,0,1,0
81.429326615,-0.48,0,0,1,1
81.43766722,0.48,0,0,1,1
81.446007825,0.48,0,0,0,0
81.45434843,0.48,0,1,0,0
81.462689035,-0.48,0,0,0,0
81.47102964,-0.48,0,0,0,0
81.479370245,-0.48,0,0,1,1
81.48771085,0.48,0,0,0,0
81.49605145499999,0.48,1,1,0,0
81.50439205999999,-0.48,0,0,0,0
81.51273266499999,-0.48,0,0,0,0
81.52107326999999,-0.48,0,0,0,1
81.52941387499999,-0.48,1,0,0,1
81.53775447999999,-0.48,0,1,0,0
81.54609508499999,0.48,1,1,0,0
81.55443568999999,0.48,0,0,0,0
81.56277629499999,0.48,0,0,0,0
81.57111689999999,0.48,0,0,0,0
81.579457505,0.48,0,0,1,1
81.58779811,0.48,0,0,1,1
81.596138715,-0.48,0,0,1,1
81.60447932,-0.48,0,0,1,1
81.612819925,0.48,0,0,1,0
81.62116053,-0.48,0,0,0,0
81.629501135,0.48,0,0,0,0
81.63784174,-0.48,0,0,0,0
81.64618234499999,0.48,0,0,0,0
81.65452294999999,0.48,0,0,0,0
81.66286355499999,-0.48,0,0,0,0
81.67120415999999,0.48,0,0,0,0
81.67954476499999,-0.48,0,0,0,1
81.68788536999999,0.48,0,0,0,0
81.69622597499999,0.48,0,0,0,0
81.70456657999999,0.48,0,0,0,0
81.71290718499999,0.48,0,0,0,0
81.72124778999999,0.48,0,0,1,1
81.729588395,-0.48,0,0,1,1
81.737929,-0.48,0,0,1,0
81.746269605,-0.48,0,0,1,0
81.75461021,0.48,1,1,0,0
81.762950815,0.48,1,0,0,0
81.77129142,0.48,0,0,0,0
81.779632025,-0.48,0,0,0,0
81.78797263,-0.48,0,0,0,0
81.79631323499999,-0.48,0,0,0,1
81.80465383999999,-0.48,0,1,0,0
81.81299444499999,0.48,1,1,0,0
81.82133504999999,-0.48,1,0,0,0
81.82967565499999,-0.48,0,0,0,0
81.83801625999999,0.48,0,0,0,0
81.84635686499999,0.48,1,1,1,0
81.85469746999999,-0.48,0,0,0,0
81.86303807499999,-0.48,0,0,0,0
81.87137867999999,0.48,0,0,1,0
81.879719285,-0.48,0,0,1,1
81.88805989,-0.48,0,1,0,0
81.896400495,-0.48,0,0,0,0
81.9047411,-0.48,0,0,0,0
81.913081705,0.48,1,1,0,0
81.92142231,0.48,0,0,0,0
81.929762915,0.48,0,0,0,0
81.93810352,0.48,0,0,0,0
81.94644412499999,0.48,0,0,1,1
81.95478472999999,0.48,0,0,1,1
81.96312533499999,-0.48,0,0,1,1
81.97146593999999,-0.48,0,0,1,0
81.97980654499999,-0.48,0,0,1,0
81.98814714999999,-0.48,0,0,0,0
81.99648775499999,0.48,1,1,0,0
82.00482835999999,0.48,0,0,0,0
82.01316896499999,-0.48,1,0,0,0
82.02150956999999,0.48,0,0,0,0
82.02985017499999,0.48,0,0,0,1
82.03819078,0.48,0,0,0,0
82.046531385,0.48,0,0,0,0
82.05487199,0.48,0,0,1,0
82.063212595,0.48,0,0,1,1
82.0715532,0.48,0,0,1,1
82.079893805,-0.48,0,0,0,1
82.08823441,-0.48,0,0,1,0
82.096575015,-0.48,0,0,1,0
82.10491561999999,-0.48,1,1,0,0
82.11325622499999,0.48,0,0,0,0
82.12159682999999,-0.48,1,1,0,0
82.12993743499999,0.48,0,0,0,0
82.13827803999999,-0.48,1,0,0,0
82.14661864499999,0.48,0,0,0,0
82.15495924999999,-0.48,0,0,0,0
82.16329985499999,-0.48,0,0,0,0
82.17164045999999,-0.48,0,0,0,0
82.17998106499999,-0.48,0,1,0,0
82.18832167,-0.48,1,1,0,0
82.196662275,0.48,1,0,0,0
82.20500288,0.48,1,0,0,0
82.213343485,-0.48,0,0,0,0
82.22168409,-0.48,0,0,0,0
82.230024695,-0.48,0,0,1,0
82.2383653,0.48,0,0,1,1
82.246705905,-0.48,1,1,0,0
82.25504650999999,0.48,0,0,0,0
82.26338711499999,-0.48,0,0,0,0
82.27172771999999,0.48,0,0,0,0
82.28006832499999,0.48,0,0,0,0
82.28840892999999,0.48,0,0,0,0
82.29674953499999,0.48,0,0,1,0
82.30509013999999,0.48,0,0,1,1
82.31343074499999,-0.48,0,0,1,1
82.32177134999999,-0.48,0,0,1,0
82.33011195499999,-0.48,0,0,0,0
82.33845256,0.48,0,1,0,0
82.346793165,-0.48,0,1,0,0
82.35513377,-0.48,0,0,0,0
82.363474375,0.48,1,0,0,0
82.37181498,-0.48,1,1,0,0
82.380155585,0.48,0,0,0,0
82.38849619,-0.48,0,0,0,0
82.396836795,0.48,0,0,0,0
82.40517739999999,-0.48,0,0,0,0
82.41351800499999,0.48,0,0,0,0
82.42185860999999,-0.48,0,0,0,0
82.43019921499999,-0.48,0,0,1,0
82.43853981999999,0.48,0,0,0,0
82.44688042499999,0.48,0,0,0,0
82.45522102999999,0.48,0,1,0,0
82.46356163499999,0.48,0,0,0,0
82.47190223999999,0.48,0,0,1,1
82.48024284499999,0.48,0,0,1,1
82.48858345,-0.48,0,0,1,1
82.496924055,0.48,0,0,1,0
82.50526466,0.48,0,0,0,0
82.513605265,-0.48,0,0,0,0
82.52194587,-0.48,0,0,0,0
82.530286475,-0.48,0,0,0,0
82.53862708,-0.48,1,1,0,0
82.546967685,0.48,1,1,0,0
82.55530828999999,0.48,1,1,0,0
82.56364889499999,-0.48,0,0,0,0
82.57198949999999,-0.48,0,0,0,0
82.58033010499999,-0.48,0,0,0,0
82.58867070999999,0.48,1,1,0,0
82.59701131499999,0.48,1,0,0,0
82.60535191999999,-0.48,0,0,0,0
82.61369252499999,-0.48,0,0,0,0
82.62203312999999,-0.48,0,0,1,1
82.63037373499999,-0.48,0,0,1,0
82.63871433999999,0.48,1,1,0,0
82.647054945,0.48,0,0,0,0
82.65539555,0.48,0,0,0,0
82.663736155,-0.48,0,0,0,0
82.67207676,-0.48,0,0,1,1
82.680417365,-0.48,0,0,1,1
82.68875797,-0.48,0,0,0,0
82.697098575,0.48,1,1,0,0
82.70543918,0.48,0,0,0,0
82.71377978499999,0.48,0,0,0,0
82.72212038999999,-0.48,0,0,0,0
82.73046099499999,-0.48,0,0,1,1
82.73880159999999,0.48,0,0,1,1
82.74714220499999,0.48,0,0,1,0
82.75548280999999,0.48,0,0,0,0
82.76382341499999,-0.48,0,0,0,0
82.77216401999999,-0.48,0,0,1,1
82.78050462499999,-0.48,0,0,1,1
82.78884522999999,0.48,0,0,1,0
82.797185835,0.48,1,1,0,0
82.80552644,0.48,0,0,0,0
82.813867045,0.48,0,0,0,0
82.82220765,-0.48,0,0,0,1
82.830548255,-0.48,0,0,1,1
82.83888886,0.48,0,0,1,1
82.847229465,-0.48,0,0,0,0
82.85557007,0.48,0,1,0,0
82.86391067499999,0.48,0,0,0,0
82.87225127999999,0.48,0,0,0,0
82.88059188499999,-0.48,0,0,0,0
82.88893248999999,0.48,0,0,1,1
82.89727309499999,-0.48,0,0,1,1
82.90561369999999,0.48,0,0,0,0
82.91395430499999,0.48,0,0,0,0
82.92229490999999,0.48,0,0,0,0
82.93063551499999,-0.48,0,0,0,0
82.93897611999999,0.48,0,0,1,0
82.947316725,0.48,0,0,1,1
82.95565733,-0.48,0,0,0,0
82.963997935,0.48,0,0,0,0
82.97233854,-0.48,0,0,0,0
82.980679145,-0.48,0,0,0,0
82.98901975,-0.48,0,0,0,0
82.997360355,-0.48,1,0,0,0
83.00570096,-0.48,1,1,0,0
83.01404156499999,0.48,0,0,0,0
83.02238216999999,-0.48,1,0,0,0
83.03072277499999,-0.48,0,0,0,0
83.03906337999999,-0.48,0,0,0,0
83.04740398499999,-0.48,1,1,0,0
83.05574458999999,-0.48,0,0,1,0
83.06408519499999,0.48,1,0,0,0
83.07242579999999,-0.48,0,0,0,0
83.08076640499999,-0.48,0,0,0,0
83.08910700999999,-0.48,0,0,0,0
83.097447615,-0.48,0,1,0,0
83.10578822,-0.48,0,0,0,0
83.114128825,-0.48,1,0,1,0
83.12246943,-0.48,1,0,0,0
83.130810035,-0.48,1,0,1,0
83.13915064,0.48,0,0,0,0
83.147491245,0.48,0,0,0,0
83.15583185,0.48,0,0,0,0
83.16417245499999,-0.48,0,0,0,0
83.17251305999999,0.48,0,0,1,1
83.18085366499999,0.48,0,0,1,1
83.18919426999999,-0.48,0,0,1,1
83.19753487499999,-0.48,0,0,1,0
83.20587547999999,0.48,0,0,0,0
83.21421608499999,-0.48,0,0,1,0
83.22255668999999,-0.48,0,0,0,0
83.23089729499999,0.48,0,0,0,0
83.23923789999999,-0.48,0,0,0,0
83.24757850499999,-0.48,1,1,0,0
83.25591911,0.48,0,0,0,0
83.264259715,-0.48,1,1,0,0
83.27260032,-0.48,0,0,0,0
83.280940925,0.48,0,0,0,0
83.28928153,0.48,0,0,0,0
83.297622135,-0.48,0,1,0,0
83.30596274,0.48,0,0,0,0
83.314303345,-0.48,0,0,1,1
83.32264394999999,0.48,0,0,1,1
83.33098455499999,0.48,0,0,0,0
83.33932515999999,0.48,0,0,0,0
83.34766576499999,0.48,0,0,0,0
83.35600636999999,0.48,0,0,1,1
83.36434697499999,0.48,0,0,1,1
83.37268757999999,0.48,0,0,1,0
83.38102818499999,-0.48,0,0,0,0
83.38936878999999,-0.48,0,0,0,0
83.39770939499999,-0.48,0,0,0,0
83.40605,-0.48,1,1,0,0
